{
  "candidates_3d": [
    {
      "box_area": 72,
      "box_xyxy": [
        59.569759368896484,
        79.58305358886719,
        66.3493881225586,
        87.05335998535156
      ],
      "camera_xyz": [
        -0.009937499649822712,
        0.17099998891353607,
        0.5989999771118164
      ],
      "depth_valid_ratio": 0.7083333333333334,
      "grasp_camera_xyz": [
        -0.018718749284744263,
        0.2059062421321869,
        0.5989999771118164
      ],
      "grasp_metadata": {
        "applied": true,
        "component_count": 1,
        "component_fallback_reason": null,
        "component_radius": 0.03,
        "component_selection_strategy": "largest_component_then_low_spread",
        "component_sizes": [
          16
        ],
        "elevated_point_count": 16,
        "elevated_z_offset": 0.015,
        "fallback_reason": null,
        "local_support_point_count": 20,
        "local_support_radius": 0.04,
        "local_support_z_margin": 0.012,
        "min_elevated_points": 12,
        "min_points": 20,
        "num_workspace_points": 51,
        "reason": "component_elevated_xy_with_local_support_z",
        "selected_component_size": 16,
        "selected_component_spread": 0.026336023584008217,
        "selected_component_xy": [
          0.068975068628788,
          -0.01809374988079071
        ],
        "strategy": "workspace_elevated_xy_low_z",
        "support_z": 0.0035626888275146484,
        "support_z_percentile": 10.0,
        "workspace_bounds": {
          "abs_x_max": 0.2,
          "abs_y_max": 0.2,
          "z_max": 0.08,
          "z_min": -0.02
        }
      },
      "grasp_num_points": 16,
      "grasp_world_xyz": [
        0.068975068628788,
        -0.01809374988079071,
        0.0036310553550720215
      ],
      "metadata": {
        "box_bounds_xyxy_exclusive": [
          59,
          79,
          67,
          88
        ],
        "box_center_world_xyz": [
          0.07370422780513763,
          -0.008999999612569809,
          0.04339677095413208
        ],
        "camera_frame_conversion": "opencv_to_opengl",
        "center_strategy": "median",
        "extrinsics_source": "sensor_param.base_camera.cam2world_gl",
        "intrinsics_source": "provided"
      },
      "num_points": 51,
      "point_cloud_path": null,
      "segmentation_id": null,
      "world_xyz": [
        0.06740845739841461,
        -0.009937499649822712,
        0.0038164854049682617
      ]
    }
  ]
}