{
  "min_xy_distance_from_pick": 0.05,
  "place_query": "green cube",
  "place_target_source": "predicted_place_object",
  "selected": {
    "metadata": {
      "num_candidates": 2,
      "num_close_to_pick_rejected": 1,
      "num_eligible_candidates": 1,
      "num_invalid_candidates": 0,
      "place_pick_xy_distance": 0.20706868171691895,
      "place_query": "green cube",
      "place_target_z": 0.02,
      "raw_semantic_world_xyz": [
        -0.1417599767446518,
        0.03059062361717224,
        0.3480021357536316
      ],
      "selected_candidate_index": 0,
      "selected_clip_score": 0.0,
      "selected_depth_valid_ratio": 1.0,
      "selected_det_score": 0.45839181542396545,
      "selected_fused_2d_score": 0.45839181542396545,
      "selected_grasp_world_xyz": [
        -0.0678924173116684,
        0.025598851963877678,
        -0.009501278400421143
      ],
      "selected_num_points": 2772,
      "selected_phrase": "green cube",
      "selected_world_xyz": [
        -0.0678924173116684,
        0.025598851963877678,
        0.019999999552965164
      ],
      "selection_reason": "first_ranked_candidate_far_from_pick"
    },
    "place_xyz": [
      -0.0678924173116684,
      0.025598851963877678,
      0.019999999552965164
    ],
    "source": "predicted_place_object"
  }
}