{
  "candidates_3d": [
    {
      "box_area": 2730,
      "box_xyxy": [
        51.59483337402344,
        0.0,
        85.06022644042969,
        77.39871215820312
      ],
      "camera_xyz": [
        0.023278646171092987,
        -0.15297287702560425,
        0.655177116394043
      ],
      "depth_valid_ratio": 1.0,
      "grasp_camera_xyz": [
        0.11380556970834732,
        0.034141670912504196,
        0.7283556461334229
      ],
      "grasp_metadata": {
        "applied": true,
        "component_count": 5,
        "component_fallback_reason": null,
        "component_radius": 0.03,
        "component_selection_strategy": "largest_component_then_low_spread",
        "component_sizes": [
          17,
          1,
          1,
          1,
          1
        ],
        "elevated_point_count": 21,
        "elevated_z_offset": 0.015,
        "fallback_reason": null,
        "local_support_point_count": 19,
        "local_support_radius": 0.04,
        "local_support_z_margin": 0.012,
        "min_elevated_points": 12,
        "min_points": 20,
        "num_workspace_points": 337,
        "reason": "component_elevated_xy_with_local_support_z",
        "selected_component_size": 17,
        "selected_component_spread": 0.02961423248052597,
        "selected_component_xy": [
          -0.1339305341243744,
          0.1210135668516159
        ],
        "strategy": "workspace_elevated_xy_low_z",
        "support_z": -0.0016178844962269068,
        "support_z_percentile": 10.0,
        "workspace_bounds": {
          "abs_x_max": 0.2,
          "abs_y_max": 0.2,
          "z_max": 0.08,
          "z_min": -0.02
        }
      },
      "grasp_num_points": 17,
      "grasp_world_xyz": [
        -0.1339305341243744,
        0.1210135668516159,
        0.004491746425628662
      ],
      "metadata": {
        "box_bounds_xyxy_exclusive": [
          51,
          0,
          86,
          78
        ],
        "box_center_world_xyz": [
          0.04551810771226883,
          0.017107393592596054,
          0.45305508375167847
        ],
        "camera_frame_conversion": "opencv_to_opengl",
        "center_strategy": "median",
        "extrinsics_source": "sensor_param.base_camera.cam2world_gl",
        "intrinsics_source": "provided"
      },
      "num_points": 2730,
      "point_cloud_path": null,
      "segmentation_id": null,
      "world_xyz": [
        -0.1384681612253189,
        0.023278646171092987,
        0.33753442764282227
      ]
    }
  ]
}