{
  "query": {
    "attributes": [
      "red"
    ],
    "normalized_prompt": "red cube",
    "raw_query": "red cube",
    "relations": [],
    "synonyms": [
      "cube",
      "block"
    ],
    "target_name": "cube"
  },
  "top_2d_candidate": {
    "box_xyxy": [
      46.584083557128906,
      67.51640319824219,
      52.108253479003906,
      74.22012329101562
    ],
    "clip_score": 0.0,
    "det_score": 0.5392369031906128,
    "fused_2d_score": 0.5392369031906128,
    "image_crop_path": null,
    "metadata": {
      "detector_metadata": {
        "model_id": "IDEA-Research/grounding-dino-tiny"
      },
      "detector_source": "transformers_groundingdino",
      "skip_clip": true
    },
    "phrase": "red cube",
    "rank": 0,
    "source": "detector_only"
  },
  "top_candidate_3d": {
    "box_area": 56,
    "box_xyxy": [
      46.584083557128906,
      67.51640319824219,
      52.108253479003906,
      74.22012329101562
    ],
    "camera_xyz": [
      -0.15798410773277283,
      0.06839364767074585,
      0.6837278604507446
    ],
    "depth_valid_ratio": 1.0,
    "grasp_camera_xyz": [
      -0.1516108512878418,
      0.09746411442756653,
      0.6930781602859497
    ],
    "grasp_metadata": {
      "applied": true,
      "component_count": 3,
      "component_fallback_reason": null,
      "component_radius": 0.03,
      "component_selection_strategy": "largest_component_then_low_spread",
      "component_sizes": [
        21,
        1,
        1
      ],
      "elevated_point_count": 23,
      "elevated_z_offset": 0.015,
      "fallback_reason": null,
      "local_support_point_count": 12,
      "local_support_radius": 0.04,
      "local_support_z_margin": 0.012,
      "min_elevated_points": 12,
      "min_points": 20,
      "num_workspace_points": 52,
      "reason": "component_elevated_xy_with_local_support_z",
      "selected_component_size": 21,
      "selected_component_spread": 0.027038192376494408,
      "selected_component_xy": [
        -0.05686178803443909,
        -0.15463952720165253
      ],
      "strategy": "workspace_elevated_xy_low_z",
      "support_z": -0.0019206166034564376,
      "support_z_percentile": 10.0,
      "workspace_bounds": {
        "abs_x_max": 0.2,
        "abs_y_max": 0.2,
        "z_max": 0.08,
        "z_min": -0.02
      }
    },
    "grasp_num_points": 21,
    "grasp_world_xyz": [
      -0.05686178803443909,
      -0.15463952720165253,
      0.0016375482082366943
    ],
    "metadata": {
      "box_bounds_xyxy_exclusive": [
        46,
        67,
        53,
        75
      ],
      "box_center_world_xyz": [
        -0.054283857345581055,
        -0.15397217869758606,
        0.042123205959796906
      ],
      "camera_frame_conversion": "opencv_to_opengl",
      "center_strategy": "median",
      "extrinsics_source": "sensor_param.base_camera.cam2world_gl",
      "intrinsics_source": "provided"
    },
    "num_points": 56,
    "point_cloud_path": null,
    "segmentation_id": null,
    "world_xyz": [
      -0.06740890443325043,
      -0.15798410773277283,
      0.010523676872253418
    ]
  }
}