{
  "query": {
    "attributes": [
      "red"
    ],
    "normalized_prompt": "red cube",
    "raw_query": "red cube",
    "relations": [],
    "synonyms": [
      "cube",
      "block"
    ],
    "target_name": "cube"
  },
  "top_2d_candidate": {
    "box_xyxy": [
      49.69435119628906,
      71.48622131347656,
      55.329132080078125,
      78.14535522460938
    ],
    "clip_score": 0.0,
    "det_score": 0.6110259890556335,
    "fused_2d_score": 0.6110259890556335,
    "image_crop_path": null,
    "metadata": {
      "detector_metadata": {
        "model_id": "IDEA-Research/grounding-dino-tiny"
      },
      "detector_source": "transformers_groundingdino",
      "skip_clip": true
    },
    "phrase": "red cube",
    "rank": 0,
    "source": "detector_only"
  },
  "top_candidate_3d": {
    "box_area": 56,
    "box_xyxy": [
      49.69435119628906,
      71.48622131347656,
      55.329132080078125,
      78.14535522460938
    ],
    "camera_xyz": [
      -0.12187499552965164,
      0.10776562243700027,
      0.6499999761581421
    ],
    "depth_valid_ratio": 0.9107142857142857,
    "grasp_camera_xyz": [
      -0.12318749725818634,
      0.1334531307220459,
      0.6570000052452087
    ],
    "grasp_metadata": {
      "applied": true,
      "component_count": 1,
      "component_fallback_reason": null,
      "component_radius": 0.03,
      "component_selection_strategy": "largest_component_then_low_spread",
      "component_sizes": [
        20
      ],
      "elevated_point_count": 20,
      "elevated_z_offset": 0.015,
      "fallback_reason": null,
      "local_support_point_count": 18,
      "local_support_radius": 0.04,
      "local_support_z_margin": 0.012,
      "min_elevated_points": 12,
      "min_points": 20,
      "num_workspace_points": 51,
      "reason": "component_elevated_xy_with_local_support_z",
      "selected_component_size": 20,
      "selected_component_spread": 0.024869071319699287,
      "selected_component_xy": [
        -0.018199175596237183,
        -0.11943750083446503
      ],
      "strategy": "workspace_elevated_xy_low_z",
      "support_z": 0.0036017298698425293,
      "support_z_percentile": 10.0,
      "workspace_bounds": {
        "abs_x_max": 0.2,
        "abs_y_max": 0.2,
        "z_max": 0.08,
        "z_min": -0.02
      }
    },
    "grasp_num_points": 20,
    "grasp_world_xyz": [
      -0.018199175596237183,
      -0.11943750083446503,
      0.0036115050315856934
    ],
    "metadata": {
      "box_bounds_xyxy_exclusive": [
        49,
        71,
        56,
        79
      ],
      "box_center_world_xyz": [
        -0.007532969117164612,
        -0.11756249517202377,
        0.04307466000318527
      ],
      "camera_frame_conversion": "opencv_to_opengl",
      "center_strategy": "median",
      "extrinsics_source": "sensor_param.base_camera.cam2world_gl",
      "intrinsics_source": "provided"
    },
    "num_points": 51,
    "point_cloud_path": null,
    "segmentation_id": null,
    "world_xyz": [
      -0.018199175596237183,
      -0.12187499552965164,
      0.003992140293121338
    ]
  }
}