{
  "query": {
    "attributes": [
      "red"
    ],
    "normalized_prompt": "red cube",
    "raw_query": "red cube",
    "relations": [],
    "synonyms": [
      "cube",
      "block"
    ],
    "target_name": "cube"
  },
  "top_2d_candidate": {
    "box_xyxy": [
      66.6962890625,
      69.65186309814453,
      71.16168212890625,
      76.08202362060547
    ],
    "clip_score": 0.0,
    "det_score": 0.37288621068000793,
    "fused_2d_score": 0.37288621068000793,
    "image_crop_path": null,
    "metadata": {
      "detector_metadata": {
        "model_id": "IDEA-Research/grounding-dino-tiny"
      },
      "detector_source": "transformers_groundingdino",
      "skip_clip": true
    },
    "phrase": "red cube",
    "rank": 0,
    "source": "detector_only"
  },
  "top_candidate_3d": {
    "box_area": 48,
    "box_xyxy": [
      66.6962890625,
      69.65186309814453,
      71.16168212890625,
      76.08202362060547
    ],
    "camera_xyz": [
      0.05070312321186066,
      0.08100000023841858,
      0.6639999747276306
    ],
    "depth_valid_ratio": 0.9166666666666666,
    "grasp_camera_xyz": [
      0.052265629172325134,
      0.10453125834465027,
      0.6690000295639038
    ],
    "grasp_metadata": {
      "applied": true,
      "component_count": 1,
      "component_fallback_reason": null,
      "component_radius": 0.03,
      "component_selection_strategy": "largest_component_then_low_spread",
      "component_sizes": [
        12
      ],
      "elevated_point_count": 12,
      "elevated_z_offset": 0.015,
      "fallback_reason": null,
      "local_support_point_count": 13,
      "local_support_radius": 0.04,
      "local_support_z_margin": 0.012,
      "min_elevated_points": 12,
      "min_points": 20,
      "num_workspace_points": 36,
      "reason": "component_elevated_xy_with_local_support_z",
      "selected_component_size": 12,
      "selected_component_spread": 0.02031543292105198,
      "selected_component_xy": [
        -0.04155200719833374,
        0.04071874916553497
      ],
      "strategy": "workspace_elevated_xy_low_z",
      "support_z": 0.003728628158569336,
      "support_z_percentile": 10.0,
      "workspace_bounds": {
        "abs_x_max": 0.2,
        "abs_y_max": 0.2,
        "z_max": 0.08,
        "z_min": -0.02
      }
    },
    "grasp_num_points": 12,
    "grasp_world_xyz": [
      -0.04155200719833374,
      0.04071874916553497,
      0.003992140293121338
    ],
    "metadata": {
      "box_bounds_xyxy_exclusive": [
        66,
        69,
        72,
        77
      ],
      "box_center_world_xyz": [
        -0.034675486385822296,
        0.05078125,
        0.035334326326847076
      ],
      "camera_frame_conversion": "opencv_to_opengl",
      "center_strategy": "median",
      "extrinsics_source": "sensor_param.base_camera.cam2world_gl",
      "intrinsics_source": "provided"
    },
    "num_points": 44,
    "point_cloud_path": null,
    "segmentation_id": null,
    "world_xyz": [
      -0.03548564016819,
      0.05070312321186066,
      0.010365992784500122
    ]
  }
}