{
  "query": {
    "attributes": [
      "red"
    ],
    "normalized_prompt": "red cube",
    "raw_query": "red cube",
    "relations": [],
    "synonyms": [
      "cube",
      "block"
    ],
    "target_name": "cube"
  },
  "top_2d_candidate": {
    "box_xyxy": [
      54.769073486328125,
      68.48945617675781,
      60.24779510498047,
      75.21397399902344
    ],
    "clip_score": 0.0,
    "det_score": 0.5910677313804626,
    "fused_2d_score": 0.5910677313804626,
    "image_crop_path": null,
    "metadata": {
      "detector_metadata": {
        "model_id": "IDEA-Research/grounding-dino-tiny"
      },
      "detector_source": "transformers_groundingdino",
      "skip_clip": true
    },
    "phrase": "red cube",
    "rank": 0,
    "source": "detector_only"
  },
  "top_candidate_3d": {
    "box_area": 56,
    "box_xyxy": [
      54.769073486328125,
      68.48945617675781,
      60.24779510498047,
      75.21397399902344
    ],
    "camera_xyz": [
      -0.07175000011920929,
      0.07889062166213989,
      0.6740000247955322
    ],
    "depth_valid_ratio": 0.8571428571428571,
    "grasp_camera_xyz": [
      -0.06346874684095383,
      0.10578124970197678,
      0.6769999861717224
    ],
    "grasp_metadata": {
      "applied": true,
      "component_count": 1,
      "component_fallback_reason": null,
      "component_radius": 0.03,
      "component_selection_strategy": "largest_component_then_low_spread",
      "component_sizes": [
        18
      ],
      "elevated_point_count": 18,
      "elevated_z_offset": 0.015,
      "fallback_reason": null,
      "local_support_point_count": 18,
      "local_support_radius": 0.04,
      "local_support_z_margin": 0.012,
      "min_elevated_points": 12,
      "min_points": 20,
      "num_workspace_points": 48,
      "reason": "component_elevated_xy_with_local_support_z",
      "selected_component_size": 18,
      "selected_component_spread": 0.025135882198810577,
      "selected_component_xy": [
        -0.05323329567909241,
        -0.0712578147649765
      ],
      "strategy": "workspace_elevated_xy_low_z",
      "support_z": 0.0038652420043945312,
      "support_z_percentile": 10.0,
      "workspace_bounds": {
        "abs_x_max": 0.2,
        "abs_y_max": 0.2,
        "z_max": 0.08,
        "z_min": -0.02
      }
    },
    "grasp_num_points": 18,
    "grasp_world_xyz": [
      -0.05323329567909241,
      -0.0712578147649765,
      0.003938466310501099
    ],
    "metadata": {
      "box_bounds_xyxy_exclusive": [
        54,
        68,
        61,
        76
      ],
      "box_center_world_xyz": [
        -0.04155202955007553,
        -0.07087500393390656,
        0.043396759778261185
      ],
      "camera_frame_conversion": "opencv_to_opengl",
      "center_strategy": "median",
      "extrinsics_source": "sensor_param.base_camera.cam2world_gl",
      "intrinsics_source": "provided"
    },
    "num_points": 48,
    "point_cloud_path": null,
    "segmentation_id": null,
    "world_xyz": [
      -0.05323329567909241,
      -0.07175000011920929,
      0.004294753074645996
    ]
  }
}