{
  "candidates_3d": [
    {
      "box_area": 90,
      "box_xyxy": [
        52.72655487060547,
        81.64512634277344,
        60.225425720214844,
        90.26615905761719
      ],
      "camera_xyz": [
        -0.07138371467590332,
        0.19388419389724731,
        0.5852189064025879
      ],
      "depth_valid_ratio": 1.0,
      "grasp_camera_xyz": [
        -0.06335237622261047,
        0.2172081470489502,
        0.5792217254638672
      ],
      "grasp_metadata": {
        "applied": true,
        "component_count": 1,
        "component_fallback_reason": null,
        "component_radius": 0.03,
        "component_selection_strategy": "largest_component_then_low_spread",
        "component_sizes": [
          27
        ],
        "elevated_point_count": 27,
        "elevated_z_offset": 0.015,
        "fallback_reason": null,
        "local_support_point_count": 27,
        "local_support_radius": 0.04,
        "local_support_z_margin": 0.012,
        "min_elevated_points": 12,
        "min_points": 20,
        "num_workspace_points": 90,
        "reason": "component_elevated_xy_with_local_support_z",
        "selected_component_size": 27,
        "selected_component_spread": 0.025415727868676186,
        "selected_component_xy": [
          0.09263120591640472,
          -0.07124504446983337
        ],
        "strategy": "workspace_elevated_xy_low_z",
        "support_z": -0.0018695950275287032,
        "support_z_percentile": 10.0,
        "workspace_bounds": {
          "abs_x_max": 0.2,
          "abs_y_max": 0.2,
          "z_max": 0.08,
          "z_min": -0.02
        }
      },
      "grasp_num_points": 27,
      "grasp_world_xyz": [
        0.09263120591640472,
        -0.07124504446983337,
        0.003658771514892578
      ],
      "metadata": {
        "box_bounds_xyxy_exclusive": [
          52,
          81,
          61,
          91
        ],
        "box_center_world_xyz": [
          0.09985561668872833,
          -0.07022188603878021,
          0.04069241136312485
        ],
        "camera_frame_conversion": "opencv_to_opengl",
        "center_strategy": "median",
        "extrinsics_source": "sensor_param.base_camera.cam2world_gl",
        "intrinsics_source": "provided"
      },
      "num_points": 90,
      "point_cloud_path": null,
      "segmentation_id": null,
      "world_xyz": [
        0.09165500849485397,
        -0.07138371467590332,
        0.006013035774230957
      ]
    }
  ]
}