{
  "candidates_3d": [
    {
      "box_area": 64,
      "box_xyxy": [
        71.7813949584961,
        81.44168853759766,
        78.38834381103516,
        88.40967559814453
      ],
      "camera_xyz": [
        0.09093750268220901,
        0.1853906214237213,
        0.5879999995231628
      ],
      "depth_valid_ratio": 0.765625,
      "grasp_camera_xyz": [
        0.10106249898672104,
        0.22049999237060547,
        0.5879999995231628
      ],
      "grasp_metadata": {
        "applied": true,
        "component_count": 1,
        "component_fallback_reason": null,
        "component_radius": 0.03,
        "component_selection_strategy": "largest_component_then_low_spread",
        "component_sizes": [
          21
        ],
        "elevated_point_count": 21,
        "elevated_z_offset": 0.015,
        "fallback_reason": null,
        "local_support_point_count": 19,
        "local_support_radius": 0.04,
        "local_support_z_margin": 0.012,
        "min_elevated_points": 12,
        "min_points": 20,
        "num_workspace_points": 49,
        "reason": "component_elevated_xy_with_local_support_z",
        "selected_component_size": 21,
        "selected_component_spread": 0.022286634892225266,
        "selected_component_xy": [
          0.08301608264446259,
          0.09710937738418579
        ],
        "strategy": "workspace_elevated_xy_low_z",
        "support_z": 0.003103911876678467,
        "support_z_percentile": 10.0,
        "workspace_bounds": {
          "abs_x_max": 0.2,
          "abs_y_max": 0.2,
          "z_max": 0.08,
          "z_min": -0.02
        }
      },
      "grasp_num_points": 21,
      "grasp_world_xyz": [
        0.08301608264446259,
        0.09710937738418579,
        0.0036115050315856934
      ],
      "metadata": {
        "box_bounds_xyxy_exclusive": [
          71,
          81,
          79,
          89
        ],
        "box_center_world_xyz": [
          0.09181304275989532,
          0.09710937738418579,
          0.04299657791852951
        ],
        "camera_frame_conversion": "opencv_to_opengl",
        "center_strategy": "median",
        "extrinsics_source": "sensor_param.base_camera.cam2world_gl",
        "intrinsics_source": "provided"
      },
      "num_points": 49,
      "point_cloud_path": null,
      "segmentation_id": null,
      "world_xyz": [
        0.08301608264446259,
        0.09093750268220901,
        0.0038164854049682617
      ]
    }
  ]
}