{
  "candidates_3d": [
    {
      "box_area": 64,
      "box_xyxy": [
        73.82652282714844,
        75.47811126708984,
        80.22227478027344,
        82.1368179321289
      ],
      "camera_xyz": [
        0.12451562285423279,
        0.14218749105930328,
        0.6240000128746033
      ],
      "depth_valid_ratio": 0.859375,
      "grasp_camera_xyz": [
        0.11737500131130219,
        0.16628125309944153,
        0.6259999871253967
      ],
      "grasp_metadata": {
        "applied": true,
        "component_count": 1,
        "component_fallback_reason": null,
        "component_radius": 0.03,
        "component_selection_strategy": "largest_component_then_low_spread",
        "component_sizes": [
          20
        ],
        "elevated_point_count": 20,
        "elevated_z_offset": 0.015,
        "fallback_reason": null,
        "local_support_point_count": 20,
        "local_support_radius": 0.04,
        "local_support_z_margin": 0.012,
        "min_elevated_points": 12,
        "min_points": 20,
        "num_workspace_points": 55,
        "reason": "component_elevated_xy_with_local_support_z",
        "selected_component_size": 20,
        "selected_component_spread": 0.023907849565148354,
        "selected_component_xy": [
          0.024494856595993042,
          0.12217968702316284
        ],
        "strategy": "workspace_elevated_xy_low_z",
        "support_z": 0.003103911876678467,
        "support_z_percentile": 10.0,
        "workspace_bounds": {
          "abs_x_max": 0.2,
          "abs_y_max": 0.2,
          "z_max": 0.08,
          "z_min": -0.02
        }
      },
      "grasp_num_points": 20,
      "grasp_world_xyz": [
        0.024494856595993042,
        0.12217968702316284,
        0.0035138726234436035
      ],
      "metadata": {
        "box_bounds_xyxy_exclusive": [
          73,
          75,
          81,
          83
        ],
        "box_center_world_xyz": [
          0.03499263525009155,
          0.12187500298023224,
          0.043631017208099365
        ],
        "camera_frame_conversion": "opencv_to_opengl",
        "center_strategy": "median",
        "extrinsics_source": "sensor_param.base_camera.cam2world_gl",
        "intrinsics_source": "provided"
      },
      "num_points": 55,
      "point_cloud_path": null,
      "segmentation_id": null,
      "world_xyz": [
        0.024494856595993042,
        0.12451562285423279,
        0.003992140293121338
      ]
    }
  ]
}