{
  "candidates_3d": [
    {
      "box_area": 56,
      "box_xyxy": [
        63.54458236694336,
        83.57310485839844,
        69.3627700805664,
        90.28462219238281
      ],
      "camera_xyz": [
        0.017656249925494194,
        0.199093759059906,
        0.5730000138282776
      ],
      "depth_valid_ratio": 0.8035714285714286,
      "grasp_camera_xyz": [
        0.0,
        0.22049999237060547,
        0.5879999995231628
      ],
      "grasp_metadata": {
        "applied": true,
        "component_count": 1,
        "component_fallback_reason": null,
        "component_radius": 0.03,
        "component_selection_strategy": "largest_component_then_low_spread",
        "component_sizes": [
          21
        ],
        "elevated_point_count": 21,
        "elevated_z_offset": 0.015,
        "fallback_reason": null,
        "local_support_point_count": 16,
        "local_support_radius": 0.04,
        "local_support_z_margin": 0.012,
        "min_elevated_points": 12,
        "min_points": 20,
        "num_workspace_points": 45,
        "reason": "component_elevated_xy_with_local_support_z",
        "selected_component_size": 21,
        "selected_component_spread": 0.020157434046268463,
        "selected_component_xy": [
          0.10084427893161774,
          0.01731250062584877
        ],
        "strategy": "workspace_elevated_xy_low_z",
        "support_z": 0.003006279468536377,
        "support_z_percentile": 10.0,
        "workspace_bounds": {
          "abs_x_max": 0.2,
          "abs_y_max": 0.2,
          "z_max": 0.08,
          "z_min": -0.02
        }
      },
      "grasp_num_points": 21,
      "grasp_world_xyz": [
        0.10084427893161774,
        0.01731250062584877,
        0.003308892250061035
      ],
      "metadata": {
        "box_bounds_xyxy_exclusive": [
          63,
          83,
          70,
          91
        ],
        "box_center_world_xyz": [
          0.10938502848148346,
          0.01731250062584877,
          0.04302583634853363
        ],
        "camera_frame_conversion": "opencv_to_opengl",
        "center_strategy": "median",
        "extrinsics_source": "sensor_param.base_camera.cam2world_gl",
        "intrinsics_source": "provided"
      },
      "num_points": 45,
      "point_cloud_path": null,
      "segmentation_id": null,
      "world_xyz": [
        0.10084427893161774,
        0.017656249925494194,
        0.012737870216369629
      ]
    }
  ]
}