{
  "min_xy_distance_from_pick": 0.05,
  "place_query": "green cube",
  "place_target_source": "predicted_place_object",
  "selected": {
    "metadata": {
      "num_candidates": 1,
      "num_close_to_pick_rejected": 0,
      "num_eligible_candidates": 1,
      "num_invalid_candidates": 0,
      "place_pick_xy_distance": 0.08940988779067993,
      "place_query": "green cube",
      "place_target_z": 0.02,
      "raw_semantic_world_xyz": [
        0.04723277688026428,
        0.11832031607627869,
        0.003684699535369873
      ],
      "selected_candidate_index": 0,
      "selected_clip_score": 0.0,
      "selected_depth_valid_ratio": 1.0,
      "selected_det_score": 0.656131386756897,
      "selected_fused_2d_score": 0.656131386756897,
      "selected_grasp_world_xyz": [
        0.04893115907907486,
        0.1120312511920929,
        0.0036115050315856934
      ],
      "selected_num_points": 72,
      "selected_phrase": "green cube",
      "selected_world_xyz": [
        0.04893115907907486,
        0.1120312511920929,
        0.019999999552965164
      ],
      "selection_reason": "first_ranked_candidate_far_from_pick"
    },
    "place_xyz": [
      0.04893115907907486,
      0.1120312511920929,
      0.019999999552965164
    ],
    "source": "predicted_place_object"
  }
}