{
  "candidates_3d": [
    {
      "box_area": 72,
      "box_xyxy": [
        47.6732292175293,
        74.41659545898438,
        55.15121841430664,
        81.28366088867188
      ],
      "camera_xyz": [
        -0.12662500143051147,
        0.13333594799041748,
        0.6359999775886536
      ],
      "depth_valid_ratio": 1.0,
      "grasp_camera_xyz": [
        -0.10999999940395355,
        0.14999999105930328,
        0.6399999856948853
      ],
      "grasp_metadata": {
        "applied": true,
        "component_count": 1,
        "component_fallback_reason": null,
        "component_radius": 0.03,
        "component_selection_strategy": "largest_component_then_low_spread",
        "component_sizes": [
          23
        ],
        "elevated_point_count": 23,
        "elevated_z_offset": 0.015,
        "fallback_reason": null,
        "local_support_point_count": 25,
        "local_support_radius": 0.04,
        "local_support_z_margin": 0.012,
        "min_elevated_points": 12,
        "min_points": 20,
        "num_workspace_points": 72,
        "reason": "component_elevated_xy_with_local_support_z",
        "selected_component_size": 23,
        "selected_component_spread": 0.02307608723640442,
        "selected_component_xy": [
          0.014292299747467041,
          -0.12492187321186066
        ],
        "strategy": "workspace_elevated_xy_low_z",
        "support_z": 0.0035138726234436035,
        "support_z_percentile": 10.0,
        "workspace_bounds": {
          "abs_x_max": 0.2,
          "abs_y_max": 0.2,
          "z_max": 0.08,
          "z_min": -0.02
        }
      },
      "grasp_num_points": 23,
      "grasp_world_xyz": [
        0.014292299747467041,
        -0.12492187321186066,
        0.0037578940391540527
      ],
      "metadata": {
        "box_bounds_xyxy_exclusive": [
          47,
          74,
          56,
          82
        ],
        "box_center_world_xyz": [
          0.02449483424425125,
          -0.12329687178134918,
          0.043064892292022705
        ],
        "camera_frame_conversion": "opencv_to_opengl",
        "center_strategy": "median",
        "extrinsics_source": "sensor_param.base_camera.cam2world_gl",
        "intrinsics_source": "provided"
      },
      "num_points": 72,
      "point_cloud_path": null,
      "segmentation_id": null,
      "world_xyz": [
        0.014292299747467041,
        -0.12662500143051147,
        0.003992140293121338
      ]
    }
  ]
}