{
  "query": {
    "attributes": [
      "red"
    ],
    "normalized_prompt": "red cube",
    "raw_query": "red cube",
    "relations": [],
    "synonyms": [
      "cube",
      "block"
    ],
    "target_name": "cube"
  },
  "top_2d_candidate": {
    "box_xyxy": [
      54.609100341796875,
      74.5720443725586,
      60.22608184814453,
      80.9629898071289
    ],
    "clip_score": 0.0,
    "det_score": 0.7106500267982483,
    "fused_2d_score": 0.7106500267982483,
    "image_crop_path": null,
    "metadata": {
      "detector_metadata": {
        "model_id": "IDEA-Research/grounding-dino-tiny"
      },
      "detector_source": "transformers_groundingdino",
      "skip_clip": true
    },
    "phrase": "red cube",
    "rank": 0,
    "source": "detector_only"
  },
  "top_candidate_3d": {
    "box_area": 49,
    "box_xyxy": [
      54.609100341796875,
      74.5720443725586,
      60.22608184814453,
      80.9629898071289
    ],
    "camera_xyz": [
      -0.0670468732714653,
      0.126039057970047,
      0.6349999904632568
    ],
    "depth_valid_ratio": 0.9387755102040817,
    "grasp_camera_xyz": [
      -0.06901562213897705,
      0.1577499955892563,
      0.6309999823570251
    ],
    "grasp_metadata": {
      "applied": true,
      "component_count": 1,
      "component_fallback_reason": null,
      "component_radius": 0.03,
      "component_selection_strategy": "largest_component_then_low_spread",
      "component_sizes": [
        20
      ],
      "elevated_point_count": 20,
      "elevated_z_offset": 0.015,
      "fallback_reason": null,
      "local_support_point_count": 13,
      "local_support_radius": 0.04,
      "local_support_z_margin": 0.012,
      "min_elevated_points": 12,
      "min_points": 20,
      "num_workspace_points": 46,
      "reason": "component_elevated_xy_with_local_support_z",
      "selected_component_size": 20,
      "selected_component_spread": 0.023699022829532623,
      "selected_component_xy": [
        0.014292299747467041,
        -0.0670468732714653
      ],
      "strategy": "workspace_elevated_xy_low_z",
      "support_z": 0.0035138726234436035,
      "support_z_percentile": 10.0,
      "workspace_bounds": {
        "abs_x_max": 0.2,
        "abs_y_max": 0.2,
        "z_max": 0.08,
        "z_min": -0.02
      }
    },
    "grasp_num_points": 20,
    "grasp_world_xyz": [
      0.014292299747467041,
      -0.0670468732714653,
      0.004041016101837158
    ],
    "metadata": {
      "box_bounds_xyxy_exclusive": [
        54,
        74,
        61,
        81
      ],
      "box_center_world_xyz": [
        0.014292314648628235,
        -0.0670468732714653,
        0.043543197214603424
      ],
      "camera_frame_conversion": "opencv_to_opengl",
      "center_strategy": "median",
      "extrinsics_source": "sensor_param.base_camera.cam2world_gl",
      "intrinsics_source": "provided"
    },
    "num_points": 46,
    "point_cloud_path": null,
    "segmentation_id": null,
    "world_xyz": [
      0.00613953173160553,
      -0.0670468732714653,
      0.007320612668991089
    ]
  }
}