{
  "candidates_3d": [
    {
      "box_area": 72,
      "box_xyxy": [
        67.54703521728516,
        77.46348571777344,
        74.3692855834961,
        85.35670471191406
      ],
      "camera_xyz": [
        0.06298457086086273,
        0.15922141075134277,
        0.6141620874404907
      ],
      "depth_valid_ratio": 1.0,
      "grasp_camera_xyz": [
        0.06727945804595947,
        0.18261568248271942,
        0.6151264905929565
      ],
      "grasp_metadata": {
        "applied": true,
        "component_count": 1,
        "component_fallback_reason": null,
        "component_radius": 0.03,
        "component_selection_strategy": "largest_component_then_low_spread",
        "component_sizes": [
          33
        ],
        "elevated_point_count": 33,
        "elevated_z_offset": 0.015,
        "fallback_reason": null,
        "local_support_point_count": 19,
        "local_support_radius": 0.04,
        "local_support_z_margin": 0.012,
        "min_elevated_points": 12,
        "min_points": 20,
        "num_workspace_points": 72,
        "reason": "component_elevated_xy_with_local_support_z",
        "selected_component_size": 33,
        "selected_component_spread": 0.042827654629945755,
        "selected_component_xy": [
          0.04647001624107361,
          0.06432147324085236
        ],
        "strategy": "workspace_elevated_xy_low_z",
        "support_z": -0.004794323351234198,
        "support_z_percentile": 10.0,
        "workspace_bounds": {
          "abs_x_max": 0.2,
          "abs_y_max": 0.2,
          "z_max": 0.08,
          "z_min": -0.02
        }
      },
      "grasp_num_points": 33,
      "grasp_world_xyz": [
        0.04647001624107361,
        0.06432147324085236,
        0.0004540681838989258
      ],
      "metadata": {
        "box_bounds_xyxy_exclusive": [
          67,
          77,
          75,
          86
        ],
        "box_center_world_xyz": [
          0.05282208323478699,
          0.06478933990001678,
          0.0391518771648407
        ],
        "camera_frame_conversion": "opencv_to_opengl",
        "center_strategy": "median",
        "extrinsics_source": "sensor_param.base_camera.cam2world_gl",
        "intrinsics_source": "provided"
      },
      "num_points": 72,
      "point_cloud_path": null,
      "segmentation_id": null,
      "world_xyz": [
        0.04737819731235504,
        0.06298457086086273,
        0.009990006685256958
      ]
    }
  ]
}