{
  "candidates_3d": [
    {
      "box_area": 72,
      "box_xyxy": [
        51.63523864746094,
        87.4925537109375,
        58.345542907714844,
        95.06680297851562
      ],
      "camera_xyz": [
        -0.08244746923446655,
        0.23111967742443085,
        0.5536718368530273
      ],
      "depth_valid_ratio": 1.0,
      "grasp_camera_xyz": [
        -0.06156609207391739,
        0.24626436829566956,
        0.5628899931907654
      ],
      "grasp_metadata": {
        "applied": true,
        "component_count": 1,
        "component_fallback_reason": null,
        "component_radius": 0.03,
        "component_selection_strategy": "largest_component_then_low_spread",
        "component_sizes": [
          31
        ],
        "elevated_point_count": 31,
        "elevated_z_offset": 0.015,
        "fallback_reason": null,
        "local_support_point_count": 26,
        "local_support_radius": 0.04,
        "local_support_z_margin": 0.012,
        "min_elevated_points": 12,
        "min_points": 20,
        "num_workspace_points": 72,
        "reason": "component_elevated_xy_with_local_support_z",
        "selected_component_size": 31,
        "selected_component_spread": 0.0252237431704998,
        "selected_component_xy": [
          0.13610844314098358,
          -0.07808348536491394
        ],
        "strategy": "workspace_elevated_xy_low_z",
        "support_z": -0.0013717770343646407,
        "support_z_percentile": 10.0,
        "workspace_bounds": {
          "abs_x_max": 0.2,
          "abs_y_max": 0.2,
          "z_max": 0.08,
          "z_min": -0.02
        }
      },
      "grasp_num_points": 31,
      "grasp_world_xyz": [
        0.13610844314098358,
        -0.07808348536491394,
        0.001346677541732788
      ],
      "metadata": {
        "box_bounds_xyxy_exclusive": [
          51,
          87,
          59,
          96
        ],
        "box_center_world_xyz": [
          0.14477325975894928,
          -0.07392912358045578,
          0.0509335994720459
        ],
        "camera_frame_conversion": "opencv_to_opengl",
        "center_strategy": "median",
        "extrinsics_source": "sensor_param.base_camera.cam2world_gl",
        "intrinsics_source": "provided"
      },
      "num_points": 72,
      "point_cloud_path": null,
      "segmentation_id": null,
      "world_xyz": [
        0.13997118175029755,
        -0.08244746923446655,
        0.008408904075622559
      ]
    }
  ]
}