{
  "candidates_3d": [
    {
      "box_area": 24,
      "box_xyxy": [
        57.5525016784668,
        69.36027526855469,
        60.37149429321289,
        74.31851196289062
      ],
      "camera_xyz": [
        -0.061921872198581696,
        0.07180468738079071,
        0.6765000224113464
      ],
      "depth_valid_ratio": 0.9166666666666666,
      "grasp_camera_xyz": null,
      "grasp_metadata": {
        "applied": false,
        "component_radius": 0.03,
        "elevated_z_offset": 0.015,
        "local_support_radius": 0.04,
        "local_support_z_margin": 0.012,
        "min_elevated_points": 12,
        "min_points": 20,
        "num_workspace_points": 17,
        "reason": "too_few_workspace_points",
        "strategy": "workspace_elevated_xy_low_z",
        "support_z_percentile": 10.0,
        "workspace_bounds": {
          "abs_x_max": 0.2,
          "abs_y_max": 0.2,
          "z_max": 0.08,
          "z_min": -0.02
        }
      },
      "grasp_num_points": 17,
      "grasp_world_xyz": null,
      "metadata": {
        "box_bounds_xyxy_exclusive": [
          57,
          69,
          61,
          75
        ],
        "box_center_world_xyz": [
          -0.05103957653045654,
          -0.052031248807907104,
          0.02793552726507187
        ],
        "camera_frame_conversion": "opencv_to_opengl",
        "center_strategy": "median",
        "extrinsics_source": "sensor_param.base_camera.cam2world_gl",
        "intrinsics_source": "provided"
      },
      "num_points": 22,
      "point_cloud_path": null,
      "segmentation_id": null,
      "world_xyz": [
        -0.053211361169815063,
        -0.061921872198581696,
        0.013865232467651367
      ]
    }
  ]
}