{
  "query": {
    "attributes": [
      "red"
    ],
    "normalized_prompt": "red cube",
    "raw_query": "red cube",
    "relations": [],
    "synonyms": [
      "cube",
      "block"
    ],
    "target_name": "cube"
  },
  "top_2d_candidate": {
    "box_xyxy": [
      60.63511657714844,
      72.53833770751953,
      66.27571868896484,
      79.05609893798828
    ],
    "clip_score": 0.0,
    "det_score": 0.7143518328666687,
    "fused_2d_score": 0.7143518328666687,
    "image_crop_path": null,
    "metadata": {
      "detector_metadata": {
        "model_id": "IDEA-Research/grounding-dino-tiny"
      },
      "detector_source": "transformers_groundingdino",
      "skip_clip": true
    },
    "phrase": "red cube",
    "rank": 0,
    "source": "detector_only"
  },
  "top_candidate_3d": {
    "box_area": 56,
    "box_xyxy": [
      60.63511657714844,
      72.53833770751953,
      66.27571868896484,
      79.05609893798828
    ],
    "camera_xyz": [
      -0.009953124448657036,
      0.11532812565565109,
      0.6430000066757202
    ],
    "depth_valid_ratio": 0.7857142857142857,
    "grasp_camera_xyz": [
      -0.010046875104308128,
      0.1406562477350235,
      0.6430000066757202
    ],
    "grasp_metadata": {
      "applied": true,
      "component_count": 1,
      "component_fallback_reason": null,
      "component_radius": 0.03,
      "component_selection_strategy": "largest_component_then_low_spread",
      "component_sizes": [
        17
      ],
      "elevated_point_count": 17,
      "elevated_z_offset": 0.015,
      "fallback_reason": null,
      "local_support_point_count": 16,
      "local_support_radius": 0.04,
      "local_support_z_margin": 0.012,
      "min_elevated_points": 12,
      "min_points": 20,
      "num_workspace_points": 44,
      "reason": "component_elevated_xy_with_local_support_z",
      "selected_component_size": 17,
      "selected_component_spread": 0.022628584876656532,
      "selected_component_xy": [
        -0.007532984018325806,
        -0.00989062525331974
      ],
      "strategy": "workspace_elevated_xy_low_z",
      "support_z": 0.003646641969680786,
      "support_z_percentile": 10.0,
      "workspace_bounds": {
        "abs_x_max": 0.2,
        "abs_y_max": 0.2,
        "z_max": 0.08,
        "z_min": -0.02
      }
    },
    "grasp_num_points": 17,
    "grasp_world_xyz": [
      -0.007532984018325806,
      -0.00989062525331974,
      0.0037578940391540527
    ],
    "metadata": {
      "box_bounds_xyxy_exclusive": [
        60,
        72,
        67,
        80
      ],
      "box_center_world_xyz": [
        0.0034650564193725586,
        -0.009687500074505806,
        0.043240584433078766
      ],
      "camera_frame_conversion": "opencv_to_opengl",
      "center_strategy": "median",
      "extrinsics_source": "sensor_param.base_camera.cam2world_gl",
      "intrinsics_source": "provided"
    },
    "num_points": 44,
    "point_cloud_path": null,
    "segmentation_id": null,
    "world_xyz": [
      -0.007532984018325806,
      -0.009953124448657036,
      0.004060506820678711
    ]
  }
}