{
  "candidates_3d": [
    {
      "box_area": 64,
      "box_xyxy": [
        52.80318832397461,
        75.5416488647461,
        59.31999588012695,
        82.3471450805664
      ],
      "camera_xyz": [
        -0.08387500047683716,
        0.140625,
        0.6240000128746033
      ],
      "depth_valid_ratio": 0.859375,
      "grasp_camera_xyz": [
        -0.06868749856948853,
        0.16681250929832458,
        0.628000020980835
      ],
      "grasp_metadata": {
        "applied": true,
        "component_count": 1,
        "component_fallback_reason": null,
        "component_radius": 0.03,
        "component_selection_strategy": "largest_component_then_low_spread",
        "component_sizes": [
          19
        ],
        "elevated_point_count": 19,
        "elevated_z_offset": 0.015,
        "fallback_reason": null,
        "local_support_point_count": 18,
        "local_support_radius": 0.04,
        "local_support_z_margin": 0.012,
        "min_elevated_points": 12,
        "min_points": 20,
        "num_workspace_points": 50,
        "reason": "component_elevated_xy_with_local_support_z",
        "selected_component_size": 19,
        "selected_component_spread": 0.02373550459742546,
        "selected_component_xy": [
          0.024494856595993042,
          -0.07750000059604645
        ],
        "strategy": "workspace_elevated_xy_low_z",
        "support_z": 0.003103911876678467,
        "support_z_percentile": 10.0,
        "workspace_bounds": {
          "abs_x_max": 0.2,
          "abs_y_max": 0.2,
          "z_max": 0.08,
          "z_min": -0.02
        }
      },
      "grasp_num_points": 19,
      "grasp_world_xyz": [
        0.024494856595993042,
        -0.07750000059604645,
        0.0035138726234436035
      ],
      "metadata": {
        "box_bounds_xyxy_exclusive": [
          52,
          75,
          60,
          83
        ],
        "box_center_world_xyz": [
          0.03499263525009155,
          -0.07500000298023224,
          0.043631017208099365
        ],
        "camera_frame_conversion": "opencv_to_opengl",
        "center_strategy": "median",
        "extrinsics_source": "sensor_param.base_camera.cam2world_gl",
        "intrinsics_source": "provided"
      },
      "num_points": 55,
      "point_cloud_path": null,
      "segmentation_id": null,
      "world_xyz": [
        0.029692500829696655,
        -0.08387500047683716,
        0.004041016101837158
      ]
    }
  ]
}