{
  "candidates_3d": [
    {
      "box_area": 63,
      "box_xyxy": [
        64.53404998779297,
        77.64684295654297,
        70.45697784423828,
        85.37267303466797
      ],
      "camera_xyz": [
        0.02850000001490116,
        0.1613437533378601,
        0.6110000014305115
      ],
      "depth_valid_ratio": 0.7619047619047619,
      "grasp_camera_xyz": [
        0.03818750008940697,
        0.19093750417232513,
        0.6110000014305115
      ],
      "grasp_metadata": {
        "applied": true,
        "component_count": 1,
        "component_fallback_reason": null,
        "component_radius": 0.03,
        "component_selection_strategy": "largest_component_then_low_spread",
        "component_sizes": [
          13
        ],
        "elevated_point_count": 13,
        "elevated_z_offset": 0.015,
        "fallback_reason": null,
        "local_support_point_count": 21,
        "local_support_radius": 0.04,
        "local_support_z_margin": 0.012,
        "min_elevated_points": 12,
        "min_points": 20,
        "num_workspace_points": 48,
        "reason": "component_elevated_xy_with_local_support_z",
        "selected_component_size": 13,
        "selected_component_spread": 0.02338915690779686,
        "selected_component_xy": [
          0.04489016532897949,
          0.036375001072883606
        ],
        "strategy": "workspace_elevated_xy_low_z",
        "support_z": 0.0035626888275146484,
        "support_z_percentile": 10.0,
        "workspace_bounds": {
          "abs_x_max": 0.2,
          "abs_y_max": 0.2,
          "z_max": 0.08,
          "z_min": -0.02
        }
      },
      "grasp_num_points": 13,
      "grasp_world_xyz": [
        0.04489016532897949,
        0.036375001072883606,
        0.0036115050315856934
      ],
      "metadata": {
        "box_bounds_xyxy_exclusive": [
          64,
          77,
          71,
          86
        ],
        "box_center_world_xyz": [
          0.05464126914739609,
          0.027562499046325684,
          0.04327964037656784
        ],
        "camera_frame_conversion": "opencv_to_opengl",
        "center_strategy": "median",
        "extrinsics_source": "sensor_param.base_camera.cam2world_gl",
        "intrinsics_source": "provided"
      },
      "num_points": 48,
      "point_cloud_path": null,
      "segmentation_id": null,
      "world_xyz": [
        0.04606147110462189,
        0.02850000001490116,
        0.0036115050315856934
      ]
    }
  ]
}