{
  "query": {
    "attributes": [
      "red"
    ],
    "normalized_prompt": "red cube",
    "raw_query": "red cube",
    "relations": [],
    "synonyms": [
      "cube",
      "block"
    ],
    "target_name": "cube"
  },
  "top_2d_candidate": {
    "box_xyxy": [
      50.567317962646484,
      74.55218505859375,
      57.279911041259766,
      81.23469543457031
    ],
    "clip_score": 0.0,
    "det_score": 0.6217188835144043,
    "fused_2d_score": 0.6217188835144043,
    "image_crop_path": null,
    "metadata": {
      "detector_metadata": {
        "model_id": "IDEA-Research/grounding-dino-tiny"
      },
      "detector_source": "transformers_groundingdino",
      "skip_clip": true
    },
    "phrase": "red cube",
    "rank": 0,
    "source": "detector_only"
  },
  "top_candidate_3d": {
    "box_area": 64,
    "box_xyxy": [
      50.567317962646484,
      74.55218505859375,
      57.279911041259766,
      81.23469543457031
    ],
    "camera_xyz": [
      -0.10407030582427979,
      0.13310937583446503,
      0.6354999542236328
    ],
    "depth_valid_ratio": 1.0,
    "grasp_camera_xyz": [
      -0.09828124940395355,
      0.15725000202655792,
      0.6290000081062317
    ],
    "grasp_metadata": {
      "applied": true,
      "component_count": 1,
      "component_fallback_reason": null,
      "component_radius": 0.03,
      "component_selection_strategy": "largest_component_then_low_spread",
      "component_sizes": [
        22
      ],
      "elevated_point_count": 22,
      "elevated_z_offset": 0.015,
      "fallback_reason": null,
      "local_support_point_count": 23,
      "local_support_radius": 0.04,
      "local_support_z_margin": 0.012,
      "min_elevated_points": 12,
      "min_points": 20,
      "num_workspace_points": 64,
      "reason": "component_elevated_xy_with_local_support_z",
      "selected_component_size": 22,
      "selected_component_spread": 0.022631008177995682,
      "selected_component_xy": [
        0.014292299747467041,
        -0.10407030582427979
      ],
      "strategy": "workspace_elevated_xy_low_z",
      "support_z": 0.0035138726234436035,
      "support_z_percentile": 10.0,
      "workspace_bounds": {
        "abs_x_max": 0.2,
        "abs_y_max": 0.2,
        "z_max": 0.08,
        "z_min": -0.02
      }
    },
    "grasp_num_points": 22,
    "grasp_world_xyz": [
      0.014292299747467041,
      -0.10407030582427979,
      0.003728628158569336
    ],
    "metadata": {
      "box_bounds_xyxy_exclusive": [
        50,
        74,
        58,
        82
      ],
      "box_center_world_xyz": [
        0.02449483424425125,
        -0.09484374523162842,
        0.043064892292022705
      ],
      "camera_frame_conversion": "opencv_to_opengl",
      "center_strategy": "median",
      "extrinsics_source": "sensor_param.base_camera.cam2world_gl",
      "intrinsics_source": "provided"
    },
    "num_points": 64,
    "point_cloud_path": null,
    "segmentation_id": null,
    "world_xyz": [
      0.014292299747467041,
      -0.10407030582427979,
      0.003992140293121338
    ]
  }
}