{
  "candidates_3d": [
    {
      "box_area": 80,
      "box_xyxy": [
        73.58589935302734,
        77.56607818603516,
        80.3575210571289,
        86.23828887939453
      ],
      "camera_xyz": [
        0.11699999868869781,
        0.16453124582767487,
        0.6050000190734863
      ],
      "depth_valid_ratio": 0.8625,
      "grasp_camera_xyz": [
        0.10501562803983688,
        0.19093750417232513,
        0.6110000014305115
      ],
      "grasp_metadata": {
        "applied": true,
        "component_count": 1,
        "component_fallback_reason": null,
        "component_radius": 0.03,
        "component_selection_strategy": "largest_component_then_low_spread",
        "component_sizes": [
          22
        ],
        "elevated_point_count": 22,
        "elevated_z_offset": 0.015,
        "fallback_reason": null,
        "local_support_point_count": 24,
        "local_support_radius": 0.04,
        "local_support_z_margin": 0.012,
        "min_elevated_points": 12,
        "min_points": 20,
        "num_workspace_points": 69,
        "reason": "component_elevated_xy_with_local_support_z",
        "selected_component_size": 22,
        "selected_component_spread": 0.022915121167898178,
        "selected_component_xy": [
          0.05464126169681549,
          0.11474999785423279
        ],
        "strategy": "workspace_elevated_xy_low_z",
        "support_z": 0.0035626888275146484,
        "support_z_percentile": 10.0,
        "workspace_bounds": {
          "abs_x_max": 0.2,
          "abs_y_max": 0.2,
          "z_max": 0.08,
          "z_min": -0.02
        }
      },
      "grasp_num_points": 22,
      "grasp_world_xyz": [
        0.05464126169681549,
        0.11474999785423279,
        0.0036212801933288574
      ],
      "metadata": {
        "box_bounds_xyxy_exclusive": [
          73,
          77,
          81,
          87
        ],
        "box_center_world_xyz": [
          0.0610053688287735,
          0.1198437437415123,
          0.03562713414430618
        ],
        "camera_frame_conversion": "opencv_to_opengl",
        "center_strategy": "median",
        "extrinsics_source": "sensor_param.base_camera.cam2world_gl",
        "intrinsics_source": "provided"
      },
      "num_points": 69,
      "point_cloud_path": null,
      "segmentation_id": null,
      "world_xyz": [
        0.05464126169681549,
        0.11699999868869781,
        0.0036310553550720215
      ]
    }
  ]
}