{
  "candidates_3d": [
    {
      "box_area": 90,
      "box_xyxy": [
        47.520694732666016,
        82.56060028076172,
        55.26255416870117,
        91.2624740600586
      ],
      "camera_xyz": [
        -0.1141032725572586,
        0.1973791867494583,
        0.5810887813568115
      ],
      "depth_valid_ratio": 1.0,
      "grasp_camera_xyz": [
        -0.10828211903572083,
        0.22558775544166565,
        0.5775046348571777
      ],
      "grasp_metadata": {
        "applied": true,
        "component_count": 1,
        "component_fallback_reason": null,
        "component_radius": 0.03,
        "component_selection_strategy": "largest_component_then_low_spread",
        "component_sizes": [
          51
        ],
        "elevated_point_count": 51,
        "elevated_z_offset": 0.015,
        "fallback_reason": null,
        "local_support_point_count": 13,
        "local_support_radius": 0.04,
        "local_support_z_margin": 0.012,
        "min_elevated_points": 12,
        "min_points": 20,
        "num_workspace_points": 89,
        "reason": "component_elevated_xy_with_local_support_z",
        "selected_component_size": 51,
        "selected_component_spread": 0.04802807420492172,
        "selected_component_xy": [
          0.09850744903087616,
          -0.11354643106460571
        ],
        "strategy": "workspace_elevated_xy_low_z",
        "support_z": -0.006850492674857378,
        "support_z_percentile": 10.0,
        "workspace_bounds": {
          "abs_x_max": 0.2,
          "abs_y_max": 0.2,
          "z_max": 0.08,
          "z_min": -0.02
        }
      },
      "grasp_num_points": 51,
      "grasp_world_xyz": [
        0.09850744903087616,
        -0.11354643106460571,
        -0.0007488727569580078
      ],
      "metadata": {
        "box_bounds_xyxy_exclusive": [
          47,
          82,
          56,
          92
        ],
        "box_center_world_xyz": [
          0.10716556012630463,
          -0.11384154111146927,
          0.03654053807258606
        ],
        "camera_frame_conversion": "opencv_to_opengl",
        "center_strategy": "median",
        "extrinsics_source": "sensor_param.base_camera.cam2world_gl",
        "intrinsics_source": "provided"
      },
      "num_points": 90,
      "point_cloud_path": null,
      "segmentation_id": null,
      "world_xyz": [
        0.10098376870155334,
        -0.1141032725572586,
        0.012379825115203857
      ]
    }
  ]
}