{
  "min_xy_distance_from_pick": 0.05,
  "place_query": "green cube",
  "place_target_source": "predicted_place_object",
  "selected": {
    "metadata": {
      "num_candidates": 1,
      "num_close_to_pick_rejected": 0,
      "num_eligible_candidates": 1,
      "num_invalid_candidates": 0,
      "place_pick_xy_distance": 0.13611659407615662,
      "place_query": "green cube",
      "place_target_z": 0.02,
      "raw_semantic_world_xyz": [
        0.10098376870155334,
        -0.1141032725572586,
        0.012379825115203857
      ],
      "selected_candidate_index": 0,
      "selected_clip_score": 0.0,
      "selected_depth_valid_ratio": 1.0,
      "selected_det_score": 0.7628235816955566,
      "selected_fused_2d_score": 0.7628235816955566,
      "selected_grasp_world_xyz": [
        0.09850744903087616,
        -0.11354643106460571,
        -0.0007488727569580078
      ],
      "selected_num_points": 90,
      "selected_phrase": "green cube",
      "selected_world_xyz": [
        0.09850744903087616,
        -0.11354643106460571,
        0.019999999552965164
      ],
      "selection_reason": "first_ranked_candidate_far_from_pick"
    },
    "place_xyz": [
      0.09850744903087616,
      -0.11354643106460571,
      0.019999999552965164
    ],
    "source": "predicted_place_object"
  }
}