{
  "candidates_3d": [
    {
      "box_area": 72,
      "box_xyxy": [
        75.48406982421875,
        84.46004486083984,
        82.44099426269531,
        92.27556610107422
      ],
      "camera_xyz": [
        0.12867188453674316,
        0.20587500929832458,
        0.5659999847412109
      ],
      "depth_valid_ratio": 0.6805555555555556,
      "grasp_camera_xyz": [
        0.10818750411272049,
        0.22539062798023224,
        0.5770000219345093
      ],
      "grasp_metadata": {
        "applied": true,
        "component_count": 1,
        "component_fallback_reason": null,
        "component_radius": 0.03,
        "component_selection_strategy": "largest_component_then_low_spread",
        "component_sizes": [
          23
        ],
        "elevated_point_count": 23,
        "elevated_z_offset": 0.015,
        "fallback_reason": null,
        "local_support_point_count": 12,
        "local_support_radius": 0.04,
        "local_support_z_margin": 0.012,
        "min_elevated_points": 12,
        "min_points": 20,
        "num_workspace_points": 49,
        "reason": "component_elevated_xy_with_local_support_z",
        "selected_component_size": 23,
        "selected_component_spread": 0.025686543434858322,
        "selected_component_xy": [
          0.10938502848148346,
          0.12359374761581421
        ],
        "strategy": "workspace_elevated_xy_low_z",
        "support_z": 0.0033382177352905273,
        "support_z_percentile": 10.0,
        "workspace_bounds": {
          "abs_x_max": 0.2,
          "abs_y_max": 0.2,
          "z_max": 0.08,
          "z_min": -0.02
        }
      },
      "grasp_num_points": 23,
      "grasp_world_xyz": [
        0.10938502848148346,
        0.12359374761581421,
        0.003596872091293335
      ],
      "metadata": {
        "box_bounds_xyxy_exclusive": [
          75,
          84,
          83,
          93
        ],
        "box_center_world_xyz": [
          0.11780376732349396,
          0.12867188453674316,
          0.042693957686424255
        ],
        "camera_frame_conversion": "opencv_to_opengl",
        "center_strategy": "median",
        "extrinsics_source": "sensor_param.base_camera.cam2world_gl",
        "intrinsics_source": "provided"
      },
      "num_points": 49,
      "point_cloud_path": null,
      "segmentation_id": null,
      "world_xyz": [
        0.10938502848148346,
        0.12867188453674316,
        0.005729615688323975
      ]
    }
  ]
}