{
  "candidates_3d": [
    {
      "box_area": 81,
      "box_xyxy": [
        43.754310607910156,
        77.55308532714844,
        51.152198791503906,
        85.32708740234375
      ],
      "camera_xyz": [
        -0.1607031226158142,
        0.1589999943971634,
        0.6110000014305115
      ],
      "depth_valid_ratio": 1.0,
      "grasp_camera_xyz": [
        -0.14460937678813934,
        0.18317186832427979,
        0.6169999837875366
      ],
      "grasp_metadata": {
        "applied": true,
        "component_count": 1,
        "component_fallback_reason": null,
        "component_radius": 0.03,
        "component_selection_strategy": "largest_component_then_low_spread",
        "component_sizes": [
          24
        ],
        "elevated_point_count": 24,
        "elevated_z_offset": 0.015,
        "fallback_reason": null,
        "local_support_point_count": 26,
        "local_support_radius": 0.04,
        "local_support_z_margin": 0.012,
        "min_elevated_points": 12,
        "min_points": 20,
        "num_workspace_points": 70,
        "reason": "component_elevated_xy_with_local_support_z",
        "selected_component_size": 24,
        "selected_component_spread": 0.022286275401711464,
        "selected_component_xy": [
          0.05464126169681549,
          -0.1573828160762787
        ],
        "strategy": "workspace_elevated_xy_low_z",
        "support_z": 0.0035626888275146484,
        "support_z_percentile": 10.0,
        "workspace_bounds": {
          "abs_x_max": 0.2,
          "abs_y_max": 0.2,
          "z_max": 0.08,
          "z_min": -0.02
        }
      },
      "grasp_num_points": 24,
      "grasp_world_xyz": [
        0.05464126169681549,
        -0.1573828160762787,
        0.0036115050315856934
      ],
      "metadata": {
        "box_bounds_xyxy_exclusive": [
          43,
          77,
          52,
          86
        ],
        "box_center_world_xyz": [
          0.05464126914739609,
          -0.156187504529953,
          0.04327964037656784
        ],
        "camera_frame_conversion": "opencv_to_opengl",
        "center_strategy": "median",
        "extrinsics_source": "sensor_param.base_camera.cam2world_gl",
        "intrinsics_source": "provided"
      },
      "num_points": 81,
      "point_cloud_path": null,
      "segmentation_id": null,
      "world_xyz": [
        0.04723277688026428,
        -0.1607031226158142,
        0.0037578940391540527
      ]
    }
  ]
}