{
  "candidates_3d": [
    {
      "box_area": 56,
      "box_xyxy": [
        80.55284881591797,
        71.66707611083984,
        86.42540740966797,
        78.38878631591797
      ],
      "camera_xyz": [
        0.19447918236255646,
        0.10634839534759521,
        0.6527300477027893
      ],
      "depth_valid_ratio": 1.0,
      "grasp_camera_xyz": [
        0.17407678067684174,
        0.13311754167079926,
        0.6553478837013245
      ],
      "grasp_metadata": {
        "applied": true,
        "component_count": 1,
        "component_fallback_reason": null,
        "component_radius": 0.03,
        "component_selection_strategy": "largest_component_then_low_spread",
        "component_sizes": [
          17
        ],
        "elevated_point_count": 17,
        "elevated_z_offset": 0.015,
        "fallback_reason": null,
        "local_support_point_count": 9,
        "local_support_radius": 0.04,
        "local_support_z_margin": 0.012,
        "min_elevated_points": 12,
        "min_points": 20,
        "num_workspace_points": 33,
        "reason": "component_elevated_xy_with_local_support_z",
        "selected_component_size": 17,
        "selected_component_spread": 0.02296867035329342,
        "selected_component_xy": [
          -0.010327249765396118,
          0.17951294779777527
        ],
        "strategy": "workspace_elevated_xy_low_z",
        "support_z": -0.001286363578401506,
        "support_z_percentile": 10.0,
        "workspace_bounds": {
          "abs_x_max": 0.2,
          "abs_y_max": 0.2,
          "z_max": 0.08,
          "z_min": -0.02
        }
      },
      "grasp_num_points": 17,
      "grasp_world_xyz": [
        -0.010327249765396118,
        0.17951294779777527,
        0.0009669065475463867
      ],
      "metadata": {
        "box_bounds_xyxy_exclusive": [
          80,
          71,
          87,
          79
        ],
        "box_center_world_xyz": [
          -0.010327264666557312,
          0.18783192336559296,
          0.038014382123947144
        ],
        "camera_frame_conversion": "opencv_to_opengl",
        "center_strategy": "median",
        "extrinsics_source": "sensor_param.base_camera.cam2world_gl",
        "intrinsics_source": "provided"
      },
      "num_points": 56,
      "point_cloud_path": null,
      "segmentation_id": null,
      "world_xyz": [
        -0.020406201481819153,
        0.19447918236255646,
        0.008570373058319092
      ]
    }
  ]
}