{
  "candidates_3d": [
    {
      "box_area": 49,
      "box_xyxy": [
        50.56991958618164,
        66.48077392578125,
        56.26958084106445,
        72.326171875
      ],
      "camera_xyz": [
        -0.11874386668205261,
        0.053027719259262085,
        0.692192792892456
      ],
      "depth_valid_ratio": 1.0,
      "grasp_camera_xyz": [
        -0.11877111345529556,
        0.0755816176533699,
        0.6910319328308105
      ],
      "grasp_metadata": {
        "applied": true,
        "component_count": 1,
        "component_fallback_reason": null,
        "component_radius": 0.03,
        "component_selection_strategy": "largest_component_then_low_spread",
        "component_sizes": [
          24
        ],
        "elevated_point_count": 24,
        "elevated_z_offset": 0.015,
        "fallback_reason": null,
        "local_support_point_count": 7,
        "local_support_radius": 0.04,
        "local_support_z_margin": 0.012,
        "min_elevated_points": 12,
        "min_points": 20,
        "num_workspace_points": 49,
        "reason": "component_elevated_xy_with_local_support_z",
        "selected_component_size": 24,
        "selected_component_spread": 0.033154383301734924,
        "selected_component_xy": [
          -0.0819561630487442,
          -0.11596135795116425
        ],
        "strategy": "workspace_elevated_xy_low_z",
        "support_z": -0.0015903706662356853,
        "support_z_percentile": 10.0,
        "workspace_bounds": {
          "abs_x_max": 0.2,
          "abs_y_max": 0.2,
          "z_max": 0.08,
          "z_min": -0.02
        }
      },
      "grasp_num_points": 24,
      "grasp_world_xyz": [
        -0.0819561630487442,
        -0.11596135795116425,
        0.003459453582763672
      ],
      "metadata": {
        "box_bounds_xyxy_exclusive": [
          50,
          66,
          57,
          73
        ],
        "box_center_world_xyz": [
          -0.08093878626823425,
          -0.11615230143070221,
          0.03931097313761711
        ],
        "camera_frame_conversion": "opencv_to_opengl",
        "center_strategy": "median",
        "extrinsics_source": "sensor_param.base_camera.cam2world_gl",
        "intrinsics_source": "provided"
      },
      "num_points": 49,
      "point_cloud_path": null,
      "segmentation_id": null,
      "world_xyz": [
        -0.08770164847373962,
        -0.11874386668205261,
        0.013179302215576172
      ]
    }
  ]
}