{
  "min_xy_distance_from_pick": 0.05,
  "place_query": "green cube",
  "place_target_source": "predicted_place_object",
  "selected": {
    "metadata": {
      "num_candidates": 1,
      "num_close_to_pick_rejected": 0,
      "num_eligible_candidates": 1,
      "num_invalid_candidates": 0,
      "place_pick_xy_distance": 0.18816238641738892,
      "place_query": "green cube",
      "place_target_z": 0.02,
      "raw_semantic_world_xyz": [
        -0.08770164847373962,
        -0.11874386668205261,
        0.013179302215576172
      ],
      "selected_candidate_index": 0,
      "selected_clip_score": 0.0,
      "selected_depth_valid_ratio": 1.0,
      "selected_det_score": 0.7077402472496033,
      "selected_fused_2d_score": 0.7077402472496033,
      "selected_grasp_world_xyz": [
        -0.0819561630487442,
        -0.11596135795116425,
        0.003459453582763672
      ],
      "selected_num_points": 49,
      "selected_phrase": "green cube",
      "selected_world_xyz": [
        -0.0819561630487442,
        -0.11596135795116425,
        0.019999999552965164
      ],
      "selection_reason": "first_ranked_candidate_far_from_pick"
    },
    "place_xyz": [
      -0.0819561630487442,
      -0.11596135795116425,
      0.019999999552965164
    ],
    "source": "predicted_place_object"
  }
}