{
  "candidates_3d": [
    {
      "box_area": 56,
      "box_xyxy": [
        63.54458236694336,
        83.57310485839844,
        69.3627700805664,
        90.28462219238281
      ],
      "camera_xyz": [
        0.017575208097696304,
        0.1993003636598587,
        0.5749512314796448
      ],
      "depth_valid_ratio": 1.0,
      "grasp_camera_xyz": [
        0.0,
        0.22021029889583588,
        0.587227463722229
      ],
      "grasp_metadata": {
        "applied": true,
        "component_count": 1,
        "component_fallback_reason": null,
        "component_radius": 0.03,
        "component_selection_strategy": "largest_component_then_low_spread",
        "component_sizes": [
          27
        ],
        "elevated_point_count": 27,
        "elevated_z_offset": 0.015,
        "fallback_reason": null,
        "local_support_point_count": 19,
        "local_support_radius": 0.04,
        "local_support_z_margin": 0.012,
        "min_elevated_points": 12,
        "min_points": 20,
        "num_workspace_points": 56,
        "reason": "component_elevated_xy_with_local_support_z",
        "selected_component_size": 27,
        "selected_component_spread": 0.02217264287173748,
        "selected_component_xy": [
          0.10114777088165283,
          0.01744212955236435
        ],
        "strategy": "workspace_elevated_xy_low_z",
        "support_z": 0.0015975534915924072,
        "support_z_percentile": 10.0,
        "workspace_bounds": {
          "abs_x_max": 0.2,
          "abs_y_max": 0.2,
          "z_max": 0.08,
          "z_min": -0.02
        }
      },
      "grasp_num_points": 27,
      "grasp_world_xyz": [
        0.10114777088165283,
        0.01744212955236435,
        0.0038881301879882812
      ],
      "metadata": {
        "box_bounds_xyxy_exclusive": [
          63,
          83,
          70,
          91
        ],
        "box_center_world_xyz": [
          0.10897946357727051,
          0.017349334433674812,
          0.0418408066034317
        ],
        "camera_frame_conversion": "opencv_to_opengl",
        "center_strategy": "median",
        "extrinsics_source": "sensor_param.base_camera.cam2world_gl",
        "intrinsics_source": "provided"
      },
      "num_points": 56,
      "point_cloud_path": null,
      "segmentation_id": null,
      "world_xyz": [
        0.10164991766214371,
        0.017575208097696304,
        0.01466280221939087
      ]
    }
  ]
}