{
  "query": {
    "attributes": [
      "red"
    ],
    "normalized_prompt": "red cube",
    "raw_query": "red cube",
    "relations": [],
    "synonyms": [
      "cube",
      "block"
    ],
    "target_name": "cube"
  },
  "top_2d_candidate": {
    "box_xyxy": [
      66.55997467041016,
      84.46257019042969,
      73.3694076538086,
      92.21586608886719
    ],
    "clip_score": 0.0,
    "det_score": 0.6458511352539062,
    "fused_2d_score": 0.6458511352539062,
    "image_crop_path": null,
    "metadata": {
      "detector_metadata": {
        "model_id": "IDEA-Research/grounding-dino-tiny"
      },
      "detector_source": "transformers_groundingdino",
      "skip_clip": true
    },
    "phrase": "red cube",
    "rank": 0,
    "source": "detector_only"
  },
  "top_candidate_3d": {
    "box_area": 72,
    "box_xyxy": [
      66.55997467041016,
      84.46257019042969,
      73.3694076538086,
      92.21586608886719
    ],
    "camera_xyz": [
      0.04609375074505806,
      0.21210937201976776,
      0.5709999799728394
    ],
    "depth_valid_ratio": 0.7777777777777778,
    "grasp_camera_xyz": [
      0.06223437562584877,
      0.23115625977516174,
      0.5690000057220459
    ],
    "grasp_metadata": {
      "applied": true,
      "component_count": 1,
      "component_fallback_reason": null,
      "component_radius": 0.03,
      "component_selection_strategy": "largest_component_then_low_spread",
      "component_sizes": [
        20
      ],
      "elevated_point_count": 20,
      "elevated_z_offset": 0.015,
      "fallback_reason": null,
      "local_support_point_count": 24,
      "local_support_radius": 0.04,
      "local_support_z_margin": 0.012,
      "min_elevated_points": 12,
      "min_points": 20,
      "num_workspace_points": 56,
      "reason": "component_elevated_xy_with_local_support_z",
      "selected_component_size": 20,
      "selected_component_spread": 0.020878775045275688,
      "selected_component_xy": [
        0.1135944053530693,
        0.05118750035762787
      ],
      "strategy": "workspace_elevated_xy_low_z",
      "support_z": 0.0033382177352905273,
      "support_z_percentile": 10.0,
      "workspace_bounds": {
        "abs_x_max": 0.2,
        "abs_y_max": 0.2,
        "z_max": 0.08,
        "z_min": -0.02
      }
    },
    "grasp_num_points": 20,
    "grasp_world_xyz": [
      0.1135944053530693,
      0.05118750035762787,
      0.003538280725479126
    ],
    "metadata": {
      "box_bounds_xyxy_exclusive": [
        66,
        84,
        74,
        93
      ],
      "box_center_world_xyz": [
        0.11780376732349396,
        0.051468752324581146,
        0.042693957686424255
      ],
      "camera_frame_conversion": "opencv_to_opengl",
      "center_strategy": "median",
      "extrinsics_source": "sensor_param.base_camera.cam2world_gl",
      "intrinsics_source": "provided"
    },
    "num_points": 56,
    "point_cloud_path": null,
    "segmentation_id": null,
    "world_xyz": [
      0.1139531135559082,
      0.04609375074505806,
      0.00364077091217041
    ]
  }
}