{
  "query": {
    "attributes": [
      "red"
    ],
    "normalized_prompt": "red cube",
    "raw_query": "red cube",
    "relations": [],
    "synonyms": [
      "cube",
      "block"
    ],
    "target_name": "cube"
  },
  "top_2d_candidate": {
    "box_xyxy": [
      54.53818130493164,
      82.5420913696289,
      60.18893051147461,
      89.07152557373047
    ],
    "clip_score": 0.0,
    "det_score": 0.7578504681587219,
    "fused_2d_score": 0.7578504681587219,
    "image_crop_path": null,
    "metadata": {
      "detector_metadata": {
        "model_id": "IDEA-Research/grounding-dino-tiny"
      },
      "detector_source": "transformers_groundingdino",
      "skip_clip": true
    },
    "phrase": "red cube",
    "rank": 0,
    "source": "detector_only"
  },
  "top_candidate_3d": {
    "box_area": 56,
    "box_xyxy": [
      54.53818130493164,
      82.5420913696289,
      60.18893051147461,
      89.07152557373047
    ],
    "camera_xyz": [
      -0.061796873807907104,
      0.19215625524520874,
      0.5809999704360962
    ],
    "depth_valid_ratio": 0.7678571428571429,
    "grasp_camera_xyz": [
      -0.04593750089406967,
      0.22049999237060547,
      0.5879999995231628
    ],
    "grasp_metadata": {
      "applied": true,
      "component_count": 1,
      "component_fallback_reason": null,
      "component_radius": 0.03,
      "component_selection_strategy": "largest_component_then_low_spread",
      "component_sizes": [
        20
      ],
      "elevated_point_count": 20,
      "elevated_z_offset": 0.015,
      "fallback_reason": null,
      "local_support_point_count": 15,
      "local_support_radius": 0.04,
      "local_support_z_margin": 0.012,
      "min_elevated_points": 12,
      "min_points": 20,
      "num_workspace_points": 43,
      "reason": "component_elevated_xy_with_local_support_z",
      "selected_component_size": 20,
      "selected_component_spread": 0.020992526784539223,
      "selected_component_xy": [
        0.09181305766105652,
        -0.06196093559265137
      ],
      "strategy": "workspace_elevated_xy_low_z",
      "support_z": 0.003103911876678467,
      "support_z_percentile": 10.0,
      "workspace_bounds": {
        "abs_x_max": 0.2,
        "abs_y_max": 0.2,
        "z_max": 0.08,
        "z_min": -0.02
      }
    },
    "grasp_num_points": 20,
    "grasp_world_xyz": [
      0.09181305766105652,
      -0.06196093559265137,
      0.0035138726234436035
    ],
    "metadata": {
      "box_bounds_xyxy_exclusive": [
        54,
        82,
        61,
        90
      ],
      "box_center_world_xyz": [
        0.10084429383277893,
        -0.061140626668930054,
        0.04345531761646271
      ],
      "camera_frame_conversion": "opencv_to_opengl",
      "center_strategy": "median",
      "extrinsics_source": "sensor_param.base_camera.cam2world_gl",
      "intrinsics_source": "provided"
    },
    "num_points": 43,
    "point_cloud_path": null,
    "segmentation_id": null,
    "world_xyz": [
      0.09181305766105652,
      -0.061796873807907104,
      0.010209858417510986
    ]
  }
}