{
  "query": {
    "attributes": [
      "red"
    ],
    "normalized_prompt": "red cube",
    "raw_query": "red cube",
    "relations": [],
    "synonyms": [
      "cube",
      "block"
    ],
    "target_name": "cube"
  },
  "top_2d_candidate": {
    "box_xyxy": [
      45.552059173583984,
      72.58519744873047,
      52.20949935913086,
      80.17102813720703
    ],
    "clip_score": 0.0,
    "det_score": 0.5457122921943665,
    "fused_2d_score": 0.5457122921943665,
    "image_crop_path": null,
    "metadata": {
      "detector_metadata": {
        "model_id": "IDEA-Research/grounding-dino-tiny"
      },
      "detector_source": "transformers_groundingdino",
      "skip_clip": true
    },
    "phrase": "red cube",
    "rank": 0,
    "source": "detector_only"
  },
  "top_candidate_3d": {
    "box_area": 72,
    "box_xyxy": [
      45.552059173583984,
      72.58519744873047,
      52.20949935913086,
      80.17102813720703
    ],
    "camera_xyz": [
      -0.1556582748889923,
      0.11970620602369308,
      0.6488910913467407
    ],
    "depth_valid_ratio": 1.0,
    "grasp_camera_xyz": [
      -0.1516132652759552,
      0.14150571823120117,
      0.6468832492828369
    ],
    "grasp_metadata": {
      "applied": true,
      "component_count": 2,
      "component_fallback_reason": null,
      "component_radius": 0.03,
      "component_selection_strategy": "largest_component_then_low_spread",
      "component_sizes": [
        33,
        1
      ],
      "elevated_point_count": 34,
      "elevated_z_offset": 0.015,
      "fallback_reason": null,
      "local_support_point_count": 16,
      "local_support_radius": 0.04,
      "local_support_z_margin": 0.012,
      "min_elevated_points": 12,
      "min_points": 20,
      "num_workspace_points": 68,
      "reason": "component_elevated_xy_with_local_support_z",
      "selected_component_size": 33,
      "selected_component_spread": 0.04315280169248581,
      "selected_component_xy": [
        -0.00010985136032104492,
        -0.15528473258018494
      ],
      "strategy": "workspace_elevated_xy_low_z",
      "support_z": -0.00436706468462944,
      "support_z_percentile": 10.0,
      "workspace_bounds": {
        "abs_x_max": 0.2,
        "abs_y_max": 0.2,
        "z_max": 0.08,
        "z_min": -0.02
      }
    },
    "grasp_num_points": 33,
    "grasp_world_xyz": [
      -0.00010985136032104492,
      -0.15528473258018494,
      -0.0011417567729949951
    ],
    "metadata": {
      "box_bounds_xyxy_exclusive": [
        45,
        72,
        53,
        81
      ],
      "box_center_world_xyz": [
        0.0010782182216644287,
        -0.14648213982582092,
        0.03875915706157684
      ],
      "camera_frame_conversion": "opencv_to_opengl",
      "center_strategy": "median",
      "extrinsics_source": "sensor_param.base_camera.cam2world_gl",
      "intrinsics_source": "provided"
    },
    "num_points": 72,
    "point_cloud_path": null,
    "segmentation_id": null,
    "world_xyz": [
      -0.005963429808616638,
      -0.1556582748889923,
      0.00934186577796936
    ]
  }
}