{
  "candidates_3d": [
    {
      "box_area": 72,
      "box_xyxy": [
        75.48406982421875,
        84.46004486083984,
        82.44099426269531,
        92.27556610107422
      ],
      "camera_xyz": [
        0.12841731309890747,
        0.21131132543087006,
        0.5707800388336182
      ],
      "depth_valid_ratio": 1.0,
      "grasp_camera_xyz": [
        0.10938581824302673,
        0.23700259625911713,
        0.583391010761261
      ],
      "grasp_metadata": {
        "applied": true,
        "component_count": 1,
        "component_fallback_reason": null,
        "component_radius": 0.03,
        "component_selection_strategy": "largest_component_then_low_spread",
        "component_sizes": [
          35
        ],
        "elevated_point_count": 35,
        "elevated_z_offset": 0.015,
        "fallback_reason": null,
        "local_support_point_count": 18,
        "local_support_radius": 0.04,
        "local_support_z_margin": 0.012,
        "min_elevated_points": 12,
        "min_points": 20,
        "num_workspace_points": 72,
        "reason": "component_elevated_xy_with_local_support_z",
        "selected_component_size": 35,
        "selected_component_spread": 0.027257712557911873,
        "selected_component_xy": [
          0.11527280509471893,
          0.1236148402094841
        ],
        "strategy": "workspace_elevated_xy_low_z",
        "support_z": -0.003544700099155307,
        "support_z_percentile": 10.0,
        "workspace_bounds": {
          "abs_x_max": 0.2,
          "abs_y_max": 0.2,
          "z_max": 0.08,
          "z_min": -0.02
        }
      },
      "grasp_num_points": 35,
      "grasp_world_xyz": [
        0.11527280509471893,
        0.1236148402094841,
        0.00032851099967956543
      ],
      "metadata": {
        "box_bounds_xyxy_exclusive": [
          75,
          84,
          83,
          93
        ],
        "box_center_world_xyz": [
          0.1100483238697052,
          0.1341490000486374,
          0.018971383571624756
        ],
        "camera_frame_conversion": "opencv_to_opengl",
        "center_strategy": "median",
        "extrinsics_source": "sensor_param.base_camera.cam2world_gl",
        "intrinsics_source": "provided"
      },
      "num_points": 72,
      "point_cloud_path": null,
      "segmentation_id": null,
      "world_xyz": [
        0.11161628365516663,
        0.12841731309890747,
        0.010109752416610718
      ]
    }
  ]
}