{
  "query": {
    "attributes": [
      "red"
    ],
    "normalized_prompt": "red cube",
    "raw_query": "red cube",
    "relations": [],
    "synonyms": [
      "cube",
      "block"
    ],
    "target_name": "cube"
  },
  "top_2d_candidate": {
    "box_xyxy": [
      56.603065490722656,
      71.58531951904297,
      62.382408142089844,
      78.25801849365234
    ],
    "clip_score": 0.0,
    "det_score": 0.6669467687606812,
    "fused_2d_score": 0.6669467687606812,
    "image_crop_path": null,
    "metadata": {
      "detector_metadata": {
        "model_id": "IDEA-Research/grounding-dino-tiny"
      },
      "detector_source": "transformers_groundingdino",
      "skip_clip": true
    },
    "phrase": "red cube",
    "rank": 0,
    "source": "detector_only"
  },
  "top_candidate_3d": {
    "box_area": 56,
    "box_xyxy": [
      56.603065490722656,
      71.58531951904297,
      62.382408142089844,
      78.25801849365234
    ],
    "camera_xyz": [
      -0.04944755136966705,
      0.10561735183000565,
      0.6547395586967468
    ],
    "depth_valid_ratio": 1.0,
    "grasp_camera_xyz": [
      -0.05133217200636864,
      0.1437300741672516,
      0.6570518016815186
    ],
    "grasp_metadata": {
      "applied": true,
      "component_count": 1,
      "component_fallback_reason": null,
      "component_radius": 0.03,
      "component_selection_strategy": "largest_component_then_low_spread",
      "component_sizes": [
        31
      ],
      "elevated_point_count": 31,
      "elevated_z_offset": 0.015,
      "fallback_reason": null,
      "local_support_point_count": 11,
      "local_support_radius": 0.04,
      "local_support_z_margin": 0.012,
      "min_elevated_points": 12,
      "min_points": 20,
      "num_workspace_points": 56,
      "reason": "component_elevated_xy_with_local_support_z",
      "selected_component_size": 31,
      "selected_component_spread": 0.055031247437000275,
      "selected_component_xy": [
        -0.011763721704483032,
        -0.04870036989450455
      ],
      "strategy": "workspace_elevated_xy_low_z",
      "support_z": -0.005081087350845337,
      "support_z_percentile": 10.0,
      "workspace_bounds": {
        "abs_x_max": 0.2,
        "abs_y_max": 0.2,
        "z_max": 0.08,
        "z_min": -0.02
      }
    },
    "grasp_num_points": 31,
    "grasp_world_xyz": [
      -0.011763721704483032,
      -0.04870036989450455,
      0.0005182623863220215
    ],
    "metadata": {
      "box_bounds_xyxy_exclusive": [
        56,
        71,
        63,
        79
      ],
      "box_center_world_xyz": [
        -0.008917562663555145,
        -0.04920491576194763,
        0.04056723415851593
      ],
      "camera_frame_conversion": "opencv_to_opengl",
      "center_strategy": "median",
      "extrinsics_source": "sensor_param.base_camera.cam2world_gl",
      "intrinsics_source": "provided"
    },
    "num_points": 56,
    "point_cloud_path": null,
    "segmentation_id": null,
    "world_xyz": [
      -0.01674237847328186,
      -0.04944755136966705,
      0.013465553522109985
    ]
  }
}