{
  "candidates_3d": [
    {
      "box_area": 2541,
      "box_xyxy": [
        51.98655700683594,
        0.0,
        83.33816528320312,
        76.44297790527344
      ],
      "camera_xyz": [
        0.019437499344348907,
        -0.16818749904632568,
        0.6710000038146973
      ],
      "depth_valid_ratio": 0.9055489964580874,
      "grasp_camera_xyz": [
        0.12065625190734863,
        0.0767812505364418,
        0.7020000219345093
      ],
      "grasp_metadata": {
        "applied": true,
        "component_count": 1,
        "component_fallback_reason": null,
        "component_radius": 0.03,
        "component_selection_strategy": "largest_component_then_low_spread",
        "component_sizes": [
          17
        ],
        "elevated_point_count": 17,
        "elevated_z_offset": 0.015,
        "fallback_reason": null,
        "local_support_point_count": 15,
        "local_support_radius": 0.04,
        "local_support_z_margin": 0.012,
        "min_elevated_points": 12,
        "min_points": 20,
        "num_workspace_points": 272,
        "reason": "component_elevated_xy_with_local_support_z",
        "selected_component_size": 17,
        "selected_component_spread": 0.022049346938729286,
        "selected_component_xy": [
          -0.09045392274856567,
          0.10593749582767487
        ],
        "strategy": "workspace_elevated_xy_low_z",
        "support_z": 0.003709077835083008,
        "support_z_percentile": 10.0,
        "workspace_bounds": {
          "abs_x_max": 0.2,
          "abs_y_max": 0.2,
          "z_max": 0.08,
          "z_min": -0.02
        }
      },
      "grasp_num_points": 17,
      "grasp_world_xyz": [
        -0.09045392274856567,
        0.10593749582767487,
        0.0038847923278808594
      ],
      "metadata": {
        "box_bounds_xyxy_exclusive": [
          51,
          0,
          84,
          77
        ],
        "box_center_world_xyz": [
          0.019306950271129608,
          0.013968750834465027,
          0.4429282546043396
        ],
        "camera_frame_conversion": "opencv_to_opengl",
        "center_strategy": "median",
        "extrinsics_source": "sensor_param.base_camera.cam2world_gl",
        "intrinsics_source": "provided"
      },
      "num_points": 2301,
      "point_cloud_path": null,
      "segmentation_id": null,
      "world_xyz": [
        -0.17609566450119019,
        0.019437499344348907,
        0.30535873770713806
      ]
    }
  ]
}