{
  "candidates_3d": [
    {
      "box_area": 72,
      "box_xyxy": [
        51.63523864746094,
        87.4925537109375,
        58.345542907714844,
        95.06680297851562
      ],
      "camera_xyz": [
        -0.08173996210098267,
        0.23165515065193176,
        0.5549589395523071
      ],
      "depth_valid_ratio": 1.0,
      "grasp_camera_xyz": [
        -0.07856449484825134,
        0.26188164949417114,
        0.5586808323860168
      ],
      "grasp_metadata": {
        "applied": true,
        "component_count": 1,
        "component_fallback_reason": null,
        "component_radius": 0.03,
        "component_selection_strategy": "largest_component_then_low_spread",
        "component_sizes": [
          39
        ],
        "elevated_point_count": 39,
        "elevated_z_offset": 0.015,
        "fallback_reason": null,
        "local_support_point_count": 19,
        "local_support_radius": 0.04,
        "local_support_z_margin": 0.012,
        "min_elevated_points": 12,
        "min_points": 20,
        "num_workspace_points": 71,
        "reason": "component_elevated_xy_with_local_support_z",
        "selected_component_size": 39,
        "selected_component_spread": 0.03126370534300804,
        "selected_component_xy": [
          0.1385946273803711,
          -0.0815335288643837
        ],
        "strategy": "workspace_elevated_xy_low_z",
        "support_z": -0.005319535732269287,
        "support_z_percentile": 10.0,
        "workspace_bounds": {
          "abs_x_max": 0.2,
          "abs_y_max": 0.2,
          "z_max": 0.08,
          "z_min": -0.02
        }
      },
      "grasp_num_points": 39,
      "grasp_world_xyz": [
        0.1385946273803711,
        -0.0815335288643837,
        -0.001779794692993164
      ],
      "metadata": {
        "box_bounds_xyxy_exclusive": [
          51,
          87,
          59,
          96
        ],
        "box_center_world_xyz": [
          0.14692336320877075,
          -0.07290510833263397,
          0.05853891372680664
        ],
        "camera_frame_conversion": "opencv_to_opengl",
        "center_strategy": "median",
        "extrinsics_source": "sensor_param.base_camera.cam2world_gl",
        "intrinsics_source": "provided"
      },
      "num_points": 72,
      "point_cloud_path": null,
      "segmentation_id": null,
      "world_xyz": [
        0.13901492953300476,
        -0.08173996210098267,
        0.013589948415756226
      ]
    }
  ]
}