{
  "query": {
    "attributes": [
      "red"
    ],
    "normalized_prompt": "red cube",
    "raw_query": "red cube",
    "relations": [],
    "synonyms": [
      "cube",
      "block"
    ],
    "target_name": "cube"
  },
  "top_2d_candidate": {
    "box_xyxy": [
      56.79560852050781,
      68.19702911376953,
      63.269073486328125,
      75.20337677001953
    ],
    "clip_score": 0.0,
    "det_score": 0.4523637592792511,
    "fused_2d_score": 0.4523637592792511,
    "image_crop_path": null,
    "metadata": {
      "detector_metadata": {
        "model_id": "IDEA-Research/grounding-dino-tiny"
      },
      "detector_source": "transformers_groundingdino",
      "skip_clip": true
    },
    "phrase": "red cube",
    "rank": 0,
    "source": "detector_only"
  },
  "top_candidate_3d": {
    "box_area": 64,
    "box_xyxy": [
      56.79560852050781,
      68.19702911376953,
      63.269073486328125,
      75.20337677001953
    ],
    "camera_xyz": [
      -0.048140622675418854,
      0.0767812505364418,
      0.6710000038146973
    ],
    "depth_valid_ratio": 0.875,
    "grasp_camera_xyz": [
      -0.05281250178813934,
      0.10562500357627869,
      0.6759999990463257
    ],
    "grasp_metadata": {
      "applied": true,
      "component_count": 1,
      "component_fallback_reason": null,
      "component_radius": 0.03,
      "component_selection_strategy": "largest_component_then_low_spread",
      "component_sizes": [
        18
      ],
      "elevated_point_count": 18,
      "elevated_z_offset": 0.015,
      "fallback_reason": null,
      "local_support_point_count": 17,
      "local_support_radius": 0.04,
      "local_support_z_margin": 0.012,
      "min_elevated_points": 12,
      "min_points": 20,
      "num_workspace_points": 51,
      "reason": "component_elevated_xy_with_local_support_z",
      "selected_component_size": 18,
      "selected_component_spread": 0.02548755146563053,
      "selected_component_xy": [
        -0.05323329567909241,
        -0.046281248331069946
      ],
      "strategy": "workspace_elevated_xy_low_z",
      "support_z": 0.0035138726234436035,
      "support_z_percentile": 10.0,
      "workspace_bounds": {
        "abs_x_max": 0.2,
        "abs_y_max": 0.2,
        "z_max": 0.08,
        "z_min": -0.02
      }
    },
    "grasp_num_points": 18,
    "grasp_world_xyz": [
      -0.05323329567909241,
      -0.046281248331069946,
      0.003992140293121338
    ],
    "metadata": {
      "box_bounds_xyxy_exclusive": [
        56,
        68,
        64,
        76
      ],
      "box_center_world_xyz": [
        -0.04155202955007553,
        -0.04050000011920929,
        0.043396759778261185
      ],
      "camera_frame_conversion": "opencv_to_opengl",
      "center_strategy": "median",
      "extrinsics_source": "sensor_param.base_camera.cam2world_gl",
      "intrinsics_source": "provided"
    },
    "num_points": 56,
    "point_cloud_path": null,
    "segmentation_id": null,
    "world_xyz": [
      -0.053211361169815063,
      -0.048140622675418854,
      0.004294753074645996
    ]
  }
}