{
  "candidates_3d": [
    {
      "box_area": 28,
      "box_xyxy": [
        68.52040100097656,
        70.43083190917969,
        71.53874206542969,
        76.28227233886719
      ],
      "camera_xyz": [
        0.05210937559604645,
        0.08100000023841858,
        0.6549999713897705
      ],
      "depth_valid_ratio": 0.8928571428571429,
      "grasp_camera_xyz": null,
      "grasp_metadata": {
        "applied": false,
        "component_radius": 0.03,
        "elevated_z_offset": 0.015,
        "local_support_radius": 0.04,
        "local_support_z_margin": 0.012,
        "min_elevated_points": 12,
        "min_points": 20,
        "num_workspace_points": 16,
        "reason": "too_few_workspace_points",
        "strategy": "workspace_elevated_xy_low_z",
        "support_z_percentile": 10.0,
        "workspace_bounds": {
          "abs_x_max": 0.2,
          "abs_y_max": 0.2,
          "z_max": 0.08,
          "z_min": -0.02
        }
      },
      "grasp_num_points": 16,
      "grasp_world_xyz": null,
      "metadata": {
        "box_bounds_xyxy_exclusive": [
          68,
          70,
          72,
          77
        ],
        "box_center_world_xyz": [
          -0.030556410551071167,
          0.060187503695487976,
          0.042284030467271805
        ],
        "camera_frame_conversion": "opencv_to_opengl",
        "center_strategy": "median",
        "extrinsics_source": "sensor_param.base_camera.cam2world_gl",
        "intrinsics_source": "provided"
      },
      "num_points": 25,
      "point_cloud_path": null,
      "segmentation_id": null,
      "world_xyz": [
        -0.017579346895217896,
        0.05210937559604645,
        0.029868245124816895
      ]
    }
  ]
}