{
  "candidates_3d": [
    {
      "box_area": 56,
      "box_xyxy": [
        53.70363998413086,
        78.55245971679688,
        59.4509162902832,
        85.32130432128906
      ],
      "camera_xyz": [
        -0.07413788884878159,
        0.16369575262069702,
        0.6100304126739502
      ],
      "depth_valid_ratio": 1.0,
      "grasp_camera_xyz": [
        -0.05787849426269531,
        0.19292831420898438,
        0.61737060546875
      ],
      "grasp_metadata": {
        "applied": true,
        "component_count": 1,
        "component_fallback_reason": null,
        "component_radius": 0.03,
        "component_selection_strategy": "largest_component_then_low_spread",
        "component_sizes": [
          29
        ],
        "elevated_point_count": 29,
        "elevated_z_offset": 0.015,
        "fallback_reason": null,
        "local_support_point_count": 12,
        "local_support_radius": 0.04,
        "local_support_z_margin": 0.012,
        "min_elevated_points": 12,
        "min_points": 20,
        "num_workspace_points": 56,
        "reason": "component_elevated_xy_with_local_support_z",
        "selected_component_size": 29,
        "selected_component_spread": 0.029442742466926575,
        "selected_component_xy": [
          0.054926276206970215,
          -0.07119110971689224
        ],
        "strategy": "workspace_elevated_xy_low_z",
        "support_z": -0.0054114460945129395,
        "support_z_percentile": 10.0,
        "workspace_bounds": {
          "abs_x_max": 0.2,
          "abs_y_max": 0.2,
          "z_max": 0.08,
          "z_min": -0.02
        }
      },
      "grasp_num_points": 29,
      "grasp_world_xyz": [
        0.054926276206970215,
        -0.07119110971689224,
        -0.0009969770908355713
      ],
      "metadata": {
        "box_bounds_xyxy_exclusive": [
          53,
          78,
          60,
          86
        ],
        "box_center_world_xyz": [
          0.061445221304893494,
          -0.07361425459384918,
          0.0366659015417099
        ],
        "camera_frame_conversion": "opencv_to_opengl",
        "center_strategy": "median",
        "extrinsics_source": "sensor_param.base_camera.cam2world_gl",
        "intrinsics_source": "provided"
      },
      "num_points": 56,
      "point_cloud_path": null,
      "segmentation_id": null,
      "world_xyz": [
        0.05311616510152817,
        -0.07413788884878159,
        0.01098528504371643
      ]
    }
  ]
}