{
  "query": {
    "attributes": [
      "red"
    ],
    "normalized_prompt": "red cube",
    "raw_query": "red cube",
    "relations": [],
    "synonyms": [
      "cube",
      "block"
    ],
    "target_name": "cube"
  },
  "top_2d_candidate": {
    "box_xyxy": [
      66.55902862548828,
      72.68241882324219,
      72.4200210571289,
      79.99018859863281
    ],
    "clip_score": 0.0,
    "det_score": 0.6510668396949768,
    "fused_2d_score": 0.6510668396949768,
    "image_crop_path": null,
    "metadata": {
      "detector_metadata": {
        "model_id": "IDEA-Research/grounding-dino-tiny"
      },
      "detector_source": "transformers_groundingdino",
      "skip_clip": true
    },
    "phrase": "red cube",
    "rank": 0,
    "source": "detector_only"
  },
  "top_candidate_3d": {
    "box_area": 56,
    "box_xyxy": [
      66.55902862548828,
      72.68241882324219,
      72.4200210571289,
      79.99018859863281
    ],
    "camera_xyz": [
      0.049821339547634125,
      0.11599916219711304,
      0.6436907052993774
    ],
    "depth_valid_ratio": 1.0,
    "grasp_camera_xyz": [
      0.05027831345796585,
      0.15083494782447815,
      0.6435624361038208
    ],
    "grasp_metadata": {
      "applied": true,
      "component_count": 1,
      "component_fallback_reason": null,
      "component_radius": 0.03,
      "component_selection_strategy": "largest_component_then_low_spread",
      "component_sizes": [
        23
      ],
      "elevated_point_count": 23,
      "elevated_z_offset": 0.015,
      "fallback_reason": null,
      "local_support_point_count": 14,
      "local_support_radius": 0.04,
      "local_support_z_margin": 0.012,
      "min_elevated_points": 12,
      "min_points": 20,
      "num_workspace_points": 56,
      "reason": "component_elevated_xy_with_local_support_z",
      "selected_component_size": 23,
      "selected_component_spread": 0.022539442405104637,
      "selected_component_xy": [
        0.0008154511451721191,
        0.04888106510043144
      ],
      "strategy": "workspace_elevated_xy_low_z",
      "support_z": 0.0009522736072540283,
      "support_z_percentile": 10.0,
      "workspace_bounds": {
        "abs_x_max": 0.2,
        "abs_y_max": 0.2,
        "z_max": 0.08,
        "z_min": -0.02
      }
    },
    "grasp_num_points": 23,
    "grasp_world_xyz": [
      0.0008154511451721191,
      0.04888106510043144,
      0.0033908486366271973
    ],
    "metadata": {
      "box_bounds_xyxy_exclusive": [
        66,
        72,
        73,
        80
      ],
      "box_center_world_xyz": [
        0.0007495656609535217,
        0.04888106510043144,
        0.03814207762479782
      ],
      "camera_frame_conversion": "opencv_to_opengl",
      "center_strategy": "median",
      "extrinsics_source": "sensor_param.base_camera.cam2world_gl",
      "intrinsics_source": "provided"
    },
    "num_points": 56,
    "point_cloud_path": null,
    "segmentation_id": null,
    "world_xyz": [
      -0.009258732199668884,
      0.049821339547634125,
      0.008813589811325073
    ]
  }
}