{
  "candidates_3d": [
    {
      "box_area": 56,
      "box_xyxy": [
        69.65455627441406,
        70.4237289428711,
        75.36830139160156,
        77.27783966064453
      ],
      "camera_xyz": [
        0.08162499964237213,
        0.0976874977350235,
        0.6625000238418579
      ],
      "depth_valid_ratio": 1.0,
      "grasp_camera_xyz": [
        0.08299999684095383,
        0.12449999153614044,
        0.6639999747276306
      ],
      "grasp_metadata": {
        "applied": true,
        "component_count": 1,
        "component_fallback_reason": null,
        "component_radius": 0.03,
        "component_selection_strategy": "largest_component_then_low_spread",
        "component_sizes": [
          19
        ],
        "elevated_point_count": 19,
        "elevated_z_offset": 0.015,
        "fallback_reason": null,
        "local_support_point_count": 23,
        "local_support_radius": 0.04,
        "local_support_z_margin": 0.012,
        "min_elevated_points": 12,
        "min_points": 20,
        "num_workspace_points": 56,
        "reason": "component_elevated_xy_with_local_support_z",
        "selected_component_size": 19,
        "selected_component_spread": 0.023588107898831367,
        "selected_component_xy": [
          -0.030041515827178955,
          0.08137500286102295
        ],
        "strategy": "workspace_elevated_xy_low_z",
        "support_z": 0.0036017298698425293,
        "support_z_percentile": 10.0,
        "workspace_bounds": {
          "abs_x_max": 0.2,
          "abs_y_max": 0.2,
          "z_max": 0.08,
          "z_min": -0.02
        }
      },
      "grasp_num_points": 19,
      "grasp_world_xyz": [
        -0.030041515827178955,
        0.08137500286102295,
        0.003728628158569336
      ],
      "metadata": {
        "box_bounds_xyxy_exclusive": [
          69,
          70,
          76,
          78
        ],
        "box_center_world_xyz": [
          -0.020209908485412598,
          0.07962500303983688,
          0.040409911423921585
        ],
        "camera_frame_conversion": "opencv_to_opengl",
        "center_strategy": "median",
        "extrinsics_source": "sensor_param.base_camera.cam2world_gl",
        "intrinsics_source": "provided"
      },
      "num_points": 56,
      "point_cloud_path": null,
      "segmentation_id": null,
      "world_xyz": [
        -0.030041515827178955,
        0.08162499964237213,
        0.004001975059509277
      ]
    }
  ]
}