{
  "candidates_3d": [
    {
      "box_area": 72,
      "box_xyxy": [
        51.58742904663086,
        72.55313110351562,
        58.2308464050293,
        80.26107788085938
      ],
      "camera_xyz": [
        -0.09601561725139618,
        0.11625000089406967,
        0.6359999775886536
      ],
      "depth_valid_ratio": 1.0,
      "grasp_camera_xyz": [
        -0.09028125554323196,
        0.15046875178813934,
        0.6420000195503235
      ],
      "grasp_metadata": {
        "applied": true,
        "component_count": 1,
        "component_fallback_reason": null,
        "component_radius": 0.03,
        "component_selection_strategy": "largest_component_then_low_spread",
        "component_sizes": [
          22
        ],
        "elevated_point_count": 22,
        "elevated_z_offset": 0.015,
        "fallback_reason": null,
        "local_support_point_count": 21,
        "local_support_radius": 0.04,
        "local_support_z_margin": 0.012,
        "min_elevated_points": 12,
        "min_points": 20,
        "num_workspace_points": 60,
        "reason": "component_elevated_xy_with_local_support_z",
        "selected_component_size": 22,
        "selected_component_spread": 0.02664840966463089,
        "selected_component_xy": [
          0.002807438373565674,
          -0.09296093136072159
        ],
        "strategy": "workspace_elevated_xy_low_z",
        "support_z": 0.0036115050315856934,
        "support_z_percentile": 10.0,
        "workspace_bounds": {
          "abs_x_max": 0.2,
          "abs_y_max": 0.2,
          "z_max": 0.08,
          "z_min": -0.02
        }
      },
      "grasp_num_points": 22,
      "grasp_world_xyz": [
        0.002807438373565674,
        -0.09296093136072159,
        0.0037578940391540527
      ],
      "metadata": {
        "box_bounds_xyxy_exclusive": [
          51,
          72,
          59,
          81
        ],
        "box_center_world_xyz": [
          0.0034650564193725586,
          -0.0871874988079071,
          0.043240584433078766
        ],
        "camera_frame_conversion": "opencv_to_opengl",
        "center_strategy": "median",
        "extrinsics_source": "sensor_param.base_camera.cam2world_gl",
        "intrinsics_source": "provided"
      },
      "num_points": 72,
      "point_cloud_path": null,
      "segmentation_id": null,
      "world_xyz": [
        0.00633963942527771,
        -0.09601561725139618,
        0.010951697826385498
      ]
    }
  ]
}