{
  "candidates_3d": [
    {
      "box_area": 81,
      "box_xyxy": [
        48.595096588134766,
        82.5335922241211,
        56.307804107666016,
        90.34029388427734
      ],
      "camera_xyz": [
        -0.1077716201543808,
        0.19794002175331116,
        0.5848356485366821
      ],
      "depth_valid_ratio": 1.0,
      "grasp_camera_xyz": [
        -0.09412560611963272,
        0.22590145468711853,
        0.6024038791656494
      ],
      "grasp_metadata": {
        "applied": true,
        "component_count": 1,
        "component_fallback_reason": null,
        "component_radius": 0.03,
        "component_selection_strategy": "largest_component_then_low_spread",
        "component_sizes": [
          45
        ],
        "elevated_point_count": 45,
        "elevated_z_offset": 0.015,
        "fallback_reason": null,
        "local_support_point_count": 17,
        "local_support_radius": 0.04,
        "local_support_z_margin": 0.012,
        "min_elevated_points": 12,
        "min_points": 20,
        "num_workspace_points": 81,
        "reason": "component_elevated_xy_with_local_support_z",
        "selected_component_size": 45,
        "selected_component_spread": 0.04097219929099083,
        "selected_component_xy": [
          0.09279067814350128,
          -0.10707323253154755
        ],
        "strategy": "workspace_elevated_xy_low_z",
        "support_z": -0.0070438385009765625,
        "support_z_percentile": 10.0,
        "workspace_bounds": {
          "abs_x_max": 0.2,
          "abs_y_max": 0.2,
          "z_max": 0.08,
          "z_min": -0.02
        }
      },
      "grasp_num_points": 45,
      "grasp_world_xyz": [
        0.09279067814350128,
        -0.10707323253154755,
        -0.005528509616851807
      ],
      "metadata": {
        "box_bounds_xyxy_exclusive": [
          48,
          82,
          57,
          91
        ],
        "box_center_world_xyz": [
          0.09566883742809296,
          -0.10753625631332397,
          0.02899245172739029
        ],
        "camera_frame_conversion": "opencv_to_opengl",
        "center_strategy": "median",
        "extrinsics_source": "sensor_param.base_camera.cam2world_gl",
        "intrinsics_source": "provided"
      },
      "num_points": 81,
      "point_cloud_path": null,
      "segmentation_id": null,
      "world_xyz": [
        0.09566883742809296,
        -0.1077716201543808,
        0.010713338851928711
      ]
    }
  ]
}