{
  "candidates_3d": [
    {
      "box_area": 56,
      "box_xyxy": [
        51.72909164428711,
        66.6364517211914,
        57.46676254272461,
        73.2829360961914
      ],
      "camera_xyz": [
        -0.10577712208032608,
        0.059221260249614716,
        0.6885244846343994
      ],
      "depth_valid_ratio": 1.0,
      "grasp_camera_xyz": [
        -0.10751482099294662,
        0.0860118567943573,
        0.6880948543548584
      ],
      "grasp_metadata": {
        "applied": true,
        "component_count": 1,
        "component_fallback_reason": null,
        "component_radius": 0.03,
        "component_selection_strategy": "largest_component_then_low_spread",
        "component_sizes": [
          17
        ],
        "elevated_point_count": 17,
        "elevated_z_offset": 0.015,
        "fallback_reason": null,
        "local_support_point_count": 17,
        "local_support_radius": 0.04,
        "local_support_z_margin": 0.012,
        "min_elevated_points": 12,
        "min_points": 20,
        "num_workspace_points": 55,
        "reason": "component_elevated_xy_with_local_support_z",
        "selected_component_size": 17,
        "selected_component_spread": 0.023058457300066948,
        "selected_component_xy": [
          -0.07560142874717712,
          -0.10257337242364883
        ],
        "strategy": "workspace_elevated_xy_low_z",
        "support_z": -0.0007978794164955616,
        "support_z_percentile": 10.0,
        "workspace_bounds": {
          "abs_x_max": 0.2,
          "abs_y_max": 0.2,
          "z_max": 0.08,
          "z_min": -0.02
        }
      },
      "grasp_num_points": 17,
      "grasp_world_xyz": [
        -0.07560142874717712,
        -0.10257337242364883,
        0.006607651710510254
      ],
      "metadata": {
        "box_bounds_xyxy_exclusive": [
          51,
          66,
          58,
          74
        ],
        "box_center_world_xyz": [
          -0.06507138907909393,
          -0.1034335121512413,
          0.04431617632508278
        ],
        "camera_frame_conversion": "opencv_to_opengl",
        "center_strategy": "median",
        "extrinsics_source": "sensor_param.base_camera.cam2world_gl",
        "intrinsics_source": "provided"
      },
      "num_points": 56,
      "point_cloud_path": null,
      "segmentation_id": null,
      "world_xyz": [
        -0.07782390713691711,
        -0.10577712208032608,
        0.0077748894691467285
      ]
    }
  ]
}