{
  "query": {
    "attributes": [
      "red"
    ],
    "normalized_prompt": "red cube",
    "raw_query": "red cube",
    "relations": [],
    "synonyms": [
      "cube",
      "block"
    ],
    "target_name": "cube"
  },
  "top_2d_candidate": {
    "box_xyxy": [
      51.57964324951172,
      67.47256469726562,
      57.142303466796875,
      74.2032470703125
    ],
    "clip_score": 0.0,
    "det_score": 0.525968074798584,
    "fused_2d_score": 0.525968074798584,
    "image_crop_path": null,
    "metadata": {
      "detector_metadata": {
        "model_id": "IDEA-Research/grounding-dino-tiny"
      },
      "detector_source": "transformers_groundingdino",
      "skip_clip": true
    },
    "phrase": "red cube",
    "rank": 0,
    "source": "detector_only"
  },
  "top_candidate_3d": {
    "box_area": 56,
    "box_xyxy": [
      51.57964324951172,
      67.47256469726562,
      57.142303466796875,
      74.2032470703125
    ],
    "camera_xyz": [
      -0.10406249761581421,
      0.06290625035762787,
      0.6790000200271606
    ],
    "depth_valid_ratio": 0.8392857142857143,
    "grasp_camera_xyz": [
      -0.095765620470047,
      0.08512499928474426,
      0.6809999942779541
    ],
    "grasp_metadata": {
      "applied": true,
      "component_count": 1,
      "component_fallback_reason": null,
      "component_radius": 0.03,
      "component_selection_strategy": "largest_component_then_low_spread",
      "component_sizes": [
        18
      ],
      "elevated_point_count": 18,
      "elevated_z_offset": 0.015,
      "fallback_reason": null,
      "local_support_point_count": 15,
      "local_support_radius": 0.04,
      "local_support_z_margin": 0.012,
      "min_elevated_points": 12,
      "min_points": 20,
      "num_workspace_points": 45,
      "reason": "component_elevated_xy_with_local_support_z",
      "selected_component_size": 18,
      "selected_component_spread": 0.024243751540780067,
      "selected_component_xy": [
        -0.06563693284988403,
        -0.10539062321186066
      ],
      "strategy": "workspace_elevated_xy_low_z",
      "support_z": 0.0035138726234436035,
      "support_z_percentile": 10.0,
      "workspace_bounds": {
        "abs_x_max": 0.2,
        "abs_y_max": 0.2,
        "z_max": 0.08,
        "z_min": -0.02
      }
    },
    "grasp_num_points": 18,
    "grasp_world_xyz": [
      -0.06563693284988403,
      -0.10539062321186066,
      0.0038847923278808594
    ],
    "metadata": {
      "box_bounds_xyxy_exclusive": [
        51,
        67,
        58,
        75
      ],
      "box_center_world_xyz": [
        -0.0532333068549633,
        -0.10234374552965164,
        0.0437774732708931
      ],
      "camera_frame_conversion": "opencv_to_opengl",
      "center_strategy": "median",
      "extrinsics_source": "sensor_param.base_camera.cam2world_gl",
      "intrinsics_source": "provided"
    },
    "num_points": 47,
    "point_cloud_path": null,
    "segmentation_id": null,
    "world_xyz": [
      -0.06563693284988403,
      -0.10406249761581421,
      0.004294753074645996
    ]
  }
}