{
  "query": {
    "attributes": [
      "red"
    ],
    "normalized_prompt": "red cube",
    "raw_query": "red cube",
    "relations": [],
    "synonyms": [
      "cube",
      "block"
    ],
    "target_name": "cube"
  },
  "top_2d_candidate": {
    "box_xyxy": [
      64.54493713378906,
      70.61753845214844,
      69.36415100097656,
      77.25424194335938
    ],
    "clip_score": 0.0,
    "det_score": 0.6673502922058105,
    "fused_2d_score": 0.6673502922058105,
    "image_crop_path": null,
    "metadata": {
      "detector_metadata": {
        "model_id": "IDEA-Research/grounding-dino-tiny"
      },
      "detector_source": "transformers_groundingdino",
      "skip_clip": true
    },
    "phrase": "red cube",
    "rank": 0,
    "source": "detector_only"
  },
  "top_candidate_3d": {
    "box_area": 48,
    "box_xyxy": [
      64.54493713378906,
      70.61753845214844,
      69.36415100097656,
      77.25424194335938
    ],
    "camera_xyz": [
      0.025914829224348068,
      0.0978492796421051,
      0.6582133173942566
    ],
    "depth_valid_ratio": 1.0,
    "grasp_camera_xyz": [
      0.020645372569561005,
      0.13419492542743683,
      0.6606519222259521
    ],
    "grasp_metadata": {
      "applied": true,
      "component_count": 1,
      "component_fallback_reason": null,
      "component_radius": 0.03,
      "component_selection_strategy": "largest_component_then_low_spread",
      "component_sizes": [
        21
      ],
      "elevated_point_count": 21,
      "elevated_z_offset": 0.015,
      "fallback_reason": null,
      "local_support_point_count": 9,
      "local_support_radius": 0.04,
      "local_support_z_margin": 0.012,
      "min_elevated_points": 12,
      "min_points": 20,
      "num_workspace_points": 48,
      "reason": "component_elevated_xy_with_local_support_z",
      "selected_component_size": 21,
      "selected_component_spread": 0.024786055088043213,
      "selected_component_xy": [
        -0.019936174154281616,
        0.020437955856323242
      ],
      "strategy": "workspace_elevated_xy_low_z",
      "support_z": -0.0017367242835462093,
      "support_z_percentile": 10.0,
      "workspace_bounds": {
        "abs_x_max": 0.2,
        "abs_y_max": 0.2,
        "z_max": 0.08,
        "z_min": -0.02
      }
    },
    "grasp_num_points": 21,
    "grasp_world_xyz": [
      -0.019936174154281616,
      0.020437955856323242,
      0.000670313835144043
    ],
    "metadata": {
      "box_bounds_xyxy_exclusive": [
        64,
        70,
        70,
        78
      ],
      "box_center_world_xyz": [
        -0.01993618905544281,
        0.029833849519491196,
        0.040888287127017975
      ],
      "camera_frame_conversion": "opencv_to_opengl",
      "center_strategy": "median",
      "extrinsics_source": "sensor_param.base_camera.cam2world_gl",
      "intrinsics_source": "provided"
    },
    "num_points": 48,
    "point_cloud_path": null,
    "segmentation_id": null,
    "world_xyz": [
      -0.029519230127334595,
      0.025914829224348068,
      0.01141861081123352
    ]
  }
}