{
  "query": {
    "attributes": [
      "red"
    ],
    "normalized_prompt": "red cube",
    "raw_query": "red cube",
    "relations": [],
    "synonyms": [
      "cube",
      "block"
    ],
    "target_name": "cube"
  },
  "top_2d_candidate": {
    "box_xyxy": [
      62.552406311035156,
      74.54096984863281,
      67.38636016845703,
      81.24519348144531
    ],
    "clip_score": 0.0,
    "det_score": 0.6899769902229309,
    "fused_2d_score": 0.6899769902229309,
    "image_crop_path": null,
    "metadata": {
      "detector_metadata": {
        "model_id": "IDEA-Research/grounding-dino-tiny"
      },
      "detector_source": "transformers_groundingdino",
      "skip_clip": true
    },
    "phrase": "red cube",
    "rank": 0,
    "source": "detector_only"
  },
  "top_candidate_3d": {
    "box_area": 48,
    "box_xyxy": [
      62.552406311035156,
      74.54096984863281,
      67.38636016845703,
      81.24519348144531
    ],
    "camera_xyz": [
      0.004741019103676081,
      0.13232466578483582,
      0.6305042505264282
    ],
    "depth_valid_ratio": 1.0,
    "grasp_camera_xyz": [
      0.019812269136309624,
      0.158498153090477,
      0.633992612361908
    ],
    "grasp_metadata": {
      "applied": true,
      "component_count": 1,
      "component_fallback_reason": null,
      "component_radius": 0.03,
      "component_selection_strategy": "largest_component_then_low_spread",
      "component_sizes": [
        21
      ],
      "elevated_point_count": 21,
      "elevated_z_offset": 0.015,
      "fallback_reason": null,
      "local_support_point_count": 18,
      "local_support_radius": 0.04,
      "local_support_z_margin": 0.012,
      "min_elevated_points": 12,
      "min_points": 20,
      "num_workspace_points": 48,
      "reason": "component_elevated_xy_with_local_support_z",
      "selected_component_size": 21,
      "selected_component_spread": 0.025493374094367027,
      "selected_component_xy": [
        0.013449609279632568,
        0.009482038207352161
      ],
      "strategy": "workspace_elevated_xy_low_z",
      "support_z": -0.0011505240108817816,
      "support_z_percentile": 10.0,
      "workspace_bounds": {
        "abs_x_max": 0.2,
        "abs_y_max": 0.2,
        "z_max": 0.08,
        "z_min": -0.02
      }
    },
    "grasp_num_points": 21,
    "grasp_world_xyz": [
      0.013449609279632568,
      0.009482038207352161,
      0.00406607985496521
    ],
    "metadata": {
      "box_bounds_xyxy_exclusive": [
        62,
        74,
        68,
        82
      ],
      "box_center_world_xyz": [
        0.024562716484069824,
        0.009482038207352161,
        0.043202124536037445
      ],
      "camera_frame_conversion": "opencv_to_opengl",
      "center_strategy": "median",
      "extrinsics_source": "sensor_param.base_camera.cam2world_gl",
      "intrinsics_source": "provided"
    },
    "num_points": 48,
    "point_cloud_path": null,
    "segmentation_id": null,
    "world_xyz": [
      0.014508455991744995,
      0.004741019103676081,
      0.00944983959197998
    ]
  }
}