{
  "candidates_3d": [
    {
      "box_area": 72,
      "box_xyxy": [
        47.6732292175293,
        74.41659545898438,
        55.15121841430664,
        81.28366088867188
      ],
      "camera_xyz": [
        -0.12670350074768066,
        0.13319054245948792,
        0.6407232284545898
      ],
      "depth_valid_ratio": 1.0,
      "grasp_camera_xyz": [
        -0.14062294363975525,
        0.16071192920207977,
        0.6428477168083191
      ],
      "grasp_metadata": {
        "applied": true,
        "component_count": 1,
        "component_fallback_reason": null,
        "component_radius": 0.03,
        "component_selection_strategy": "largest_component_then_low_spread",
        "component_sizes": [
          44
        ],
        "elevated_point_count": 44,
        "elevated_z_offset": 0.015,
        "fallback_reason": null,
        "local_support_point_count": 10,
        "local_support_radius": 0.04,
        "local_support_z_margin": 0.012,
        "min_elevated_points": 12,
        "min_points": 20,
        "num_workspace_points": 70,
        "reason": "component_elevated_xy_with_local_support_z",
        "selected_component_size": 44,
        "selected_component_spread": 0.056785766035318375,
        "selected_component_xy": [
          0.017159461975097656,
          -0.12670350074768066
        ],
        "strategy": "workspace_elevated_xy_low_z",
        "support_z": -0.009569352492690086,
        "support_z_percentile": 10.0,
        "workspace_bounds": {
          "abs_x_max": 0.2,
          "abs_y_max": 0.2,
          "z_max": 0.08,
          "z_min": -0.02
        }
      },
      "grasp_num_points": 44,
      "grasp_world_xyz": [
        0.017159461975097656,
        -0.12670350074768066,
        -0.006961733102798462
      ],
      "metadata": {
        "box_bounds_xyxy_exclusive": [
          47,
          74,
          56,
          82
        ],
        "box_center_world_xyz": [
          0.03022659569978714,
          -0.12073173373937607,
          0.05465169996023178
        ],
        "camera_frame_conversion": "opencv_to_opengl",
        "center_strategy": "median",
        "extrinsics_source": "sensor_param.base_camera.cam2world_gl",
        "intrinsics_source": "provided"
      },
      "num_points": 72,
      "point_cloud_path": null,
      "segmentation_id": null,
      "world_xyz": [
        0.010920509696006775,
        -0.12670350074768066,
        0.009105831384658813
      ]
    }
  ]
}