{
  "min_xy_distance_from_pick": 0.05,
  "place_query": "green cube",
  "place_target_source": "predicted_place_object",
  "selected": {
    "metadata": {
      "num_candidates": 1,
      "num_close_to_pick_rejected": 0,
      "num_eligible_candidates": 1,
      "num_invalid_candidates": 0,
      "place_pick_xy_distance": 0.18030497431755066,
      "place_query": "green cube",
      "place_target_z": 0.02,
      "raw_semantic_world_xyz": [
        0.010920509696006775,
        -0.12670350074768066,
        0.009105831384658813
      ],
      "selected_candidate_index": 0,
      "selected_clip_score": 0.0,
      "selected_depth_valid_ratio": 1.0,
      "selected_det_score": 0.7143864631652832,
      "selected_fused_2d_score": 0.7143864631652832,
      "selected_grasp_world_xyz": [
        0.017159461975097656,
        -0.12670350074768066,
        -0.006961733102798462
      ],
      "selected_num_points": 72,
      "selected_phrase": "green cube",
      "selected_world_xyz": [
        0.017159461975097656,
        -0.12670350074768066,
        0.019999999552965164
      ],
      "selection_reason": "first_ranked_candidate_far_from_pick"
    },
    "place_xyz": [
      0.017159461975097656,
      -0.12670350074768066,
      0.019999999552965164
    ],
    "source": "predicted_place_object"
  }
}