{
  "candidates_3d": [
    {
      "box_area": 56,
      "box_xyxy": [
        47.587989807128906,
        76.43087005615234,
        53.44097137451172,
        83.30326080322266
      ],
      "camera_xyz": [
        -0.13384193181991577,
        0.14840884506702423,
        0.6183539032936096
      ],
      "depth_valid_ratio": 1.0,
      "grasp_camera_xyz": [
        -0.13669227063655853,
        0.17574720084667206,
        0.6248789429664612
      ],
      "grasp_metadata": {
        "applied": true,
        "component_count": 1,
        "component_fallback_reason": null,
        "component_radius": 0.03,
        "component_selection_strategy": "largest_component_then_low_spread",
        "component_sizes": [
          31
        ],
        "elevated_point_count": 31,
        "elevated_z_offset": 0.015,
        "fallback_reason": null,
        "local_support_point_count": 11,
        "local_support_radius": 0.04,
        "local_support_z_margin": 0.012,
        "min_elevated_points": 12,
        "min_points": 20,
        "num_workspace_points": 56,
        "reason": "component_elevated_xy_with_local_support_z",
        "selected_component_size": 31,
        "selected_component_spread": 0.04145687073469162,
        "selected_component_xy": [
          0.03661036491394043,
          -0.13044878840446472
        ],
        "strategy": "workspace_elevated_xy_low_z",
        "support_z": -0.006104856729507446,
        "support_z_percentile": 10.0,
        "workspace_bounds": {
          "abs_x_max": 0.2,
          "abs_y_max": 0.2,
          "z_max": 0.08,
          "z_min": -0.02
        }
      },
      "grasp_num_points": 31,
      "grasp_world_xyz": [
        0.03661036491394043,
        -0.13044878840446472,
        -0.0015309453010559082
      ],
      "metadata": {
        "box_bounds_xyxy_exclusive": [
          47,
          76,
          54,
          84
        ],
        "box_center_world_xyz": [
          0.04495949298143387,
          -0.129902184009552,
          0.043548040091991425
        ],
        "camera_frame_conversion": "opencv_to_opengl",
        "center_strategy": "median",
        "extrinsics_source": "sensor_param.base_camera.cam2world_gl",
        "intrinsics_source": "provided"
      },
      "num_points": 56,
      "point_cloud_path": null,
      "segmentation_id": null,
      "world_xyz": [
        0.033121392130851746,
        -0.13384193181991577,
        0.011579424142837524
      ]
    }
  ]
}