{
  "candidates_3d": [
    {
      "box_area": 64,
      "box_xyxy": [
        76.50547790527344,
        71.49043273925781,
        83.28680419921875,
        78.29678344726562
      ],
      "camera_xyz": [
        0.15479034185409546,
        0.10731108486652374,
        0.6597248911857605
      ],
      "depth_valid_ratio": 1.0,
      "grasp_camera_xyz": [
        0.14575237035751343,
        0.13534148037433624,
        0.6662965416908264
      ],
      "grasp_metadata": {
        "applied": true,
        "component_count": 3,
        "component_fallback_reason": null,
        "component_radius": 0.03,
        "component_selection_strategy": "largest_component_then_low_spread",
        "component_sizes": [
          26,
          1,
          1
        ],
        "elevated_point_count": 28,
        "elevated_z_offset": 0.015,
        "fallback_reason": null,
        "local_support_point_count": 14,
        "local_support_radius": 0.04,
        "local_support_z_margin": 0.012,
        "min_elevated_points": 12,
        "min_points": 20,
        "num_workspace_points": 60,
        "reason": "component_elevated_xy_with_local_support_z",
        "selected_component_size": 26,
        "selected_component_spread": 0.031154027208685875,
        "selected_component_xy": [
          -0.016075998544692993,
          0.15106818079948425
        ],
        "strategy": "workspace_elevated_xy_low_z",
        "support_z": -0.004254322964698076,
        "support_z_percentile": 10.0,
        "workspace_bounds": {
          "abs_x_max": 0.2,
          "abs_y_max": 0.2,
          "z_max": 0.08,
          "z_min": -0.02
        }
      },
      "grasp_num_points": 26,
      "grasp_world_xyz": [
        -0.016075998544692993,
        0.15106818079948425,
        -0.0001538991928100586
      ],
      "metadata": {
        "box_bounds_xyxy_exclusive": [
          76,
          71,
          84,
          79
        ],
        "box_center_world_xyz": [
          -0.003950141370296478,
          0.15492381155490875,
          0.04956301301717758
        ],
        "camera_frame_conversion": "opencv_to_opengl",
        "center_strategy": "median",
        "extrinsics_source": "sensor_param.base_camera.cam2world_gl",
        "intrinsics_source": "provided"
      },
      "num_points": 64,
      "point_cloud_path": null,
      "segmentation_id": null,
      "world_xyz": [
        -0.01975029706954956,
        0.15479034185409546,
        0.008408159017562866
      ]
    }
  ]
}