{
  "query": {
    "attributes": [
      "red"
    ],
    "normalized_prompt": "red cube",
    "raw_query": "red cube",
    "relations": [],
    "synonyms": [
      "cube",
      "block"
    ],
    "target_name": "cube"
  },
  "top_2d_candidate": {
    "box_xyxy": [
      69.56864166259766,
      79.40802764892578,
      77.24747467041016,
      87.2897720336914
    ],
    "clip_score": 0.0,
    "det_score": 0.6833359599113464,
    "fused_2d_score": 0.6833359599113464,
    "image_crop_path": null,
    "metadata": {
      "detector_metadata": {
        "model_id": "IDEA-Research/grounding-dino-tiny"
      },
      "detector_source": "transformers_groundingdino",
      "skip_clip": true
    },
    "phrase": "red cube",
    "rank": 0,
    "source": "detector_only"
  },
  "top_candidate_3d": {
    "box_area": 81,
    "box_xyxy": [
      69.56864166259766,
      79.40802764892578,
      77.24747467041016,
      87.2897720336914
    ],
    "camera_xyz": [
      0.08212500065565109,
      0.17550000548362732,
      0.5989999771118164
    ],
    "depth_valid_ratio": 0.9382716049382716,
    "grasp_camera_xyz": [
      0.06617187708616257,
      0.1985156238079071,
      0.6050000190734863
    ],
    "grasp_metadata": {
      "applied": true,
      "component_count": 1,
      "component_fallback_reason": null,
      "component_radius": 0.03,
      "component_selection_strategy": "largest_component_then_low_spread",
      "component_sizes": [
        25
      ],
      "elevated_point_count": 25,
      "elevated_z_offset": 0.015,
      "fallback_reason": null,
      "local_support_point_count": 23,
      "local_support_radius": 0.04,
      "local_support_z_margin": 0.012,
      "min_elevated_points": 12,
      "min_points": 20,
      "num_workspace_points": 76,
      "reason": "component_elevated_xy_with_local_support_z",
      "selected_component_size": 25,
      "selected_component_spread": 0.023513317108154297,
      "selected_component_xy": [
        0.06424592435359955,
        0.080015629529953
      ],
      "strategy": "workspace_elevated_xy_low_z",
      "support_z": 0.0035626888275146484,
      "support_z_percentile": 10.0,
      "workspace_bounds": {
        "abs_x_max": 0.2,
        "abs_y_max": 0.2,
        "z_max": 0.08,
        "z_min": -0.02
      }
    },
    "grasp_num_points": 25,
    "grasp_world_xyz": [
      0.06424592435359955,
      0.080015629529953,
      0.0036310553550720215
    ],
    "metadata": {
      "box_bounds_xyxy_exclusive": [
        69,
        79,
        78,
        88
      ],
      "box_center_world_xyz": [
        0.07370422780513763,
        0.08100000023841858,
        0.04339677095413208
      ],
      "camera_frame_conversion": "opencv_to_opengl",
      "center_strategy": "median",
      "extrinsics_source": "sensor_param.base_camera.cam2world_gl",
      "intrinsics_source": "provided"
    },
    "num_points": 76,
    "point_cloud_path": null,
    "segmentation_id": null,
    "world_xyz": [
      0.06584183126688004,
      0.08212500065565109,
      0.0038164854049682617
    ]
  }
}