{
  "candidates_3d": [
    {
      "box_area": 56,
      "box_xyxy": [
        67.51039123535156,
        75.46255493164062,
        73.40594482421875,
        82.19100952148438
      ],
      "camera_xyz": [
        0.05765625089406967,
        0.140625,
        0.6240000128746033
      ],
      "depth_valid_ratio": 1.0,
      "grasp_camera_xyz": [
        0.04921875149011612,
        0.16734375059604645,
        0.6299999952316284
      ],
      "grasp_metadata": {
        "applied": true,
        "component_count": 1,
        "component_fallback_reason": null,
        "component_radius": 0.03,
        "component_selection_strategy": "largest_component_then_low_spread",
        "component_sizes": [
          21
        ],
        "elevated_point_count": 21,
        "elevated_z_offset": 0.015,
        "fallback_reason": null,
        "local_support_point_count": 21,
        "local_support_radius": 0.04,
        "local_support_z_margin": 0.012,
        "min_elevated_points": 12,
        "min_points": 20,
        "num_workspace_points": 56,
        "reason": "component_elevated_xy_with_local_support_z",
        "selected_component_size": 21,
        "selected_component_spread": 0.02220182865858078,
        "selected_component_xy": [
          0.024494856595993042,
          0.05690624937415123
        ],
        "strategy": "workspace_elevated_xy_low_z",
        "support_z": 0.003103911876678467,
        "support_z_percentile": 10.0,
        "workspace_bounds": {
          "abs_x_max": 0.2,
          "abs_y_max": 0.2,
          "z_max": 0.08,
          "z_min": -0.02
        }
      },
      "grasp_num_points": 21,
      "grasp_world_xyz": [
        0.024494856595993042,
        0.05690624937415123,
        0.0035138726234436035
      ],
      "metadata": {
        "box_bounds_xyxy_exclusive": [
          67,
          75,
          74,
          83
        ],
        "box_center_world_xyz": [
          0.03499263525009155,
          0.05625000223517418,
          0.043631017208099365
        ],
        "camera_frame_conversion": "opencv_to_opengl",
        "center_strategy": "median",
        "extrinsics_source": "sensor_param.base_camera.cam2world_gl",
        "intrinsics_source": "provided"
      },
      "num_points": 56,
      "point_cloud_path": null,
      "segmentation_id": null,
      "world_xyz": [
        0.024494856595993042,
        0.05765625089406967,
        0.003992140293121338
      ]
    }
  ]
}