{
  "candidates_3d": [
    {
      "box_area": 81,
      "box_xyxy": [
        45.6014404296875,
        75.53404235839844,
        53.175559997558594,
        83.309814453125
      ],
      "camera_xyz": [
        -0.1456640660762787,
        0.14550000429153442,
        0.6240000128746033
      ],
      "depth_valid_ratio": 0.9382716049382716,
      "grasp_camera_xyz": [
        -0.13606250286102295,
        0.16521874070167542,
        0.621999979019165
      ],
      "grasp_metadata": {
        "applied": true,
        "component_count": 1,
        "component_fallback_reason": null,
        "component_radius": 0.03,
        "component_selection_strategy": "largest_component_then_low_spread",
        "component_sizes": [
          19
        ],
        "elevated_point_count": 19,
        "elevated_z_offset": 0.015,
        "fallback_reason": null,
        "local_support_point_count": 27,
        "local_support_radius": 0.04,
        "local_support_z_margin": 0.012,
        "min_elevated_points": 12,
        "min_points": 20,
        "num_workspace_points": 76,
        "reason": "component_elevated_xy_with_local_support_z",
        "selected_component_size": 19,
        "selected_component_spread": 0.02521921880543232,
        "selected_component_xy": [
          0.03145921230316162,
          -0.14531250298023224
        ],
        "strategy": "workspace_elevated_xy_low_z",
        "support_z": 0.003308892250061035,
        "support_z_percentile": 10.0,
        "workspace_bounds": {
          "abs_x_max": 0.2,
          "abs_y_max": 0.2,
          "z_max": 0.08,
          "z_min": -0.02
        }
      },
      "grasp_num_points": 19,
      "grasp_world_xyz": [
        0.03145921230316162,
        -0.14531250298023224,
        0.0037578940391540527
      ],
      "metadata": {
        "box_bounds_xyxy_exclusive": [
          45,
          75,
          54,
          84
        ],
        "box_center_world_xyz": [
          0.03499263525009155,
          -0.140625,
          0.043631017208099365
        ],
        "camera_frame_conversion": "opencv_to_opengl",
        "center_strategy": "median",
        "extrinsics_source": "sensor_param.base_camera.cam2world_gl",
        "intrinsics_source": "provided"
      },
      "num_points": 76,
      "point_cloud_path": null,
      "segmentation_id": null,
      "world_xyz": [
        0.02685210108757019,
        -0.1456640660762787,
        0.003777444362640381
      ]
    }
  ]
}