{
  "query": {
    "attributes": [
      "red"
    ],
    "normalized_prompt": "red cube",
    "raw_query": "red cube",
    "relations": [],
    "synonyms": [
      "cube",
      "block"
    ],
    "target_name": "cube"
  },
  "top_2d_candidate": {
    "box_xyxy": [
      71.57263946533203,
      70.47606658935547,
      76.3547134399414,
      76.12232208251953
    ],
    "clip_score": 0.0,
    "det_score": 0.599823534488678,
    "fused_2d_score": 0.599823534488678,
    "image_crop_path": null,
    "metadata": {
      "detector_metadata": {
        "model_id": "IDEA-Research/grounding-dino-tiny"
      },
      "detector_source": "transformers_groundingdino",
      "skip_clip": true
    },
    "phrase": "red cube",
    "rank": 0,
    "source": "detector_only"
  },
  "top_candidate_3d": {
    "box_area": 42,
    "box_xyxy": [
      71.57263946533203,
      70.47606658935547,
      76.3547134399414,
      76.12232208251953
    ],
    "camera_xyz": [
      0.09968750178813934,
      0.09014061838388443,
      0.6639999747276306
    ],
    "depth_valid_ratio": 0.8333333333333334,
    "grasp_camera_xyz": [
      0.09337499737739563,
      0.12449999153614044,
      0.6639999747276306
    ],
    "grasp_metadata": {
      "applied": true,
      "component_count": 1,
      "component_fallback_reason": null,
      "component_radius": 0.03,
      "component_selection_strategy": "largest_component_then_low_spread",
      "component_sizes": [
        14
      ],
      "elevated_point_count": 14,
      "elevated_z_offset": 0.015,
      "fallback_reason": null,
      "local_support_point_count": 11,
      "local_support_radius": 0.04,
      "local_support_z_margin": 0.012,
      "min_elevated_points": 12,
      "min_points": 20,
      "num_workspace_points": 35,
      "reason": "component_elevated_xy_with_local_support_z",
      "selected_component_size": 14,
      "selected_component_spread": 0.02203410677611828,
      "selected_component_xy": [
        -0.03579676151275635,
        0.09589843451976776
      ],
      "strategy": "workspace_elevated_xy_low_z",
      "support_z": 0.003728628158569336,
      "support_z_percentile": 10.0,
      "workspace_bounds": {
        "abs_x_max": 0.2,
        "abs_y_max": 0.2,
        "z_max": 0.08,
        "z_min": -0.02
      }
    },
    "grasp_num_points": 14,
    "grasp_world_xyz": [
      -0.03579676151275635,
      0.09589843451976776,
      0.003728628158569336
    ],
    "metadata": {
      "box_bounds_xyxy_exclusive": [
        71,
        70,
        77,
        77
      ],
      "box_center_world_xyz": [
        -0.03724990785121918,
        0.10234374552965164,
        0.03099074959754944
      ],
      "camera_frame_conversion": "opencv_to_opengl",
      "center_strategy": "median",
      "extrinsics_source": "sensor_param.base_camera.cam2world_gl",
      "intrinsics_source": "provided"
    },
    "num_points": 35,
    "point_cloud_path": null,
    "segmentation_id": null,
    "world_xyz": [
      -0.04155200719833374,
      0.09968750178813934,
      0.004060506820678711
    ]
  }
}