{
  "query": {
    "attributes": [
      "red"
    ],
    "normalized_prompt": "red cube",
    "raw_query": "red cube",
    "relations": [],
    "synonyms": [
      "cube",
      "block"
    ],
    "target_name": "cube"
  },
  "top_2d_candidate": {
    "box_xyxy": [
      67.66529083251953,
      78.55982208251953,
      74.40857696533203,
      86.05840301513672
    ],
    "clip_score": 0.0,
    "det_score": 0.5685639381408691,
    "fused_2d_score": 0.5685639381408691,
    "image_crop_path": null,
    "metadata": {
      "detector_metadata": {
        "model_id": "IDEA-Research/grounding-dino-tiny"
      },
      "detector_source": "transformers_groundingdino",
      "skip_clip": true
    },
    "phrase": "red cube",
    "rank": 0,
    "source": "detector_only"
  },
  "top_candidate_3d": {
    "box_area": 72,
    "box_xyxy": [
      67.66529083251953,
      78.55982208251953,
      74.40857696533203,
      86.05840301513672
    ],
    "camera_xyz": [
      0.06119651347398758,
      0.16642726957798004,
      0.6051207780838013
    ],
    "depth_valid_ratio": 1.0,
    "grasp_camera_xyz": [
      0.038874492049217224,
      0.1749352216720581,
      0.6219918727874756
    ],
    "grasp_metadata": {
      "applied": true,
      "component_count": 1,
      "component_fallback_reason": null,
      "component_radius": 0.03,
      "component_selection_strategy": "largest_component_then_low_spread",
      "component_sizes": [
        32
      ],
      "elevated_point_count": 32,
      "elevated_z_offset": 0.015,
      "fallback_reason": null,
      "local_support_point_count": 17,
      "local_support_radius": 0.04,
      "local_support_z_margin": 0.012,
      "min_elevated_points": 12,
      "min_points": 20,
      "num_workspace_points": 72,
      "reason": "component_elevated_xy_with_local_support_z",
      "selected_component_size": 32,
      "selected_component_spread": 0.03827866539359093,
      "selected_component_xy": [
        0.055984050035476685,
        0.05611468851566315
      ],
      "strategy": "workspace_elevated_xy_low_z",
      "support_z": -0.004875683691352606,
      "support_z_percentile": 10.0,
      "workspace_bounds": {
        "abs_x_max": 0.2,
        "abs_y_max": 0.2,
        "z_max": 0.08,
        "z_min": -0.02
      }
    },
    "grasp_num_points": 32,
    "grasp_world_xyz": [
      0.055984050035476685,
      0.05611468851566315,
      0.0041027069091796875
    ],
    "metadata": {
      "box_bounds_xyxy_exclusive": [
        67,
        78,
        75,
        87
      ],
      "box_center_world_xyz": [
        0.06300491094589233,
        0.06399133801460266,
        0.04034899175167084
      ],
      "camera_frame_conversion": "opencv_to_opengl",
      "center_strategy": "median",
      "extrinsics_source": "sensor_param.base_camera.cam2world_gl",
      "intrinsics_source": "provided"
    },
    "num_points": 72,
    "point_cloud_path": null,
    "segmentation_id": null,
    "world_xyz": [
      0.05855846405029297,
      0.06119651347398758,
      0.00859108567237854
    ]
  }
}