{
  "query": {
    "attributes": [
      "red"
    ],
    "normalized_prompt": "red cube",
    "raw_query": "red cube",
    "relations": [],
    "synonyms": [
      "cube",
      "block"
    ],
    "target_name": "cube"
  },
  "top_2d_candidate": {
    "box_xyxy": [
      63.57634353637695,
      74.56476593017578,
      69.18335723876953,
      81.19380950927734
    ],
    "clip_score": 0.0,
    "det_score": 0.7112786173820496,
    "fused_2d_score": 0.7112786173820496,
    "image_crop_path": null,
    "metadata": {
      "detector_metadata": {
        "model_id": "IDEA-Research/grounding-dino-tiny"
      },
      "detector_source": "transformers_groundingdino",
      "skip_clip": true
    },
    "phrase": "red cube",
    "rank": 0,
    "source": "detector_only"
  },
  "top_candidate_3d": {
    "box_area": 56,
    "box_xyxy": [
      63.57634353637695,
      74.56476593017578,
      69.18335723876953,
      81.19380950927734
    ],
    "camera_xyz": [
      0.019363727420568466,
      0.13312889635562897,
      0.6351124048233032
    ],
    "depth_valid_ratio": 1.0,
    "grasp_camera_xyz": [
      0.009883708320558071,
      0.15813933312892914,
      0.6325573325157166
    ],
    "grasp_metadata": {
      "applied": true,
      "component_count": 1,
      "component_fallback_reason": null,
      "component_radius": 0.03,
      "component_selection_strategy": "largest_component_then_low_spread",
      "component_sizes": [
        22
      ],
      "elevated_point_count": 22,
      "elevated_z_offset": 0.015,
      "fallback_reason": null,
      "local_support_point_count": 20,
      "local_support_radius": 0.04,
      "local_support_z_margin": 0.012,
      "min_elevated_points": 12,
      "min_points": 20,
      "num_workspace_points": 56,
      "reason": "component_elevated_xy_with_local_support_z",
      "selected_component_size": 22,
      "selected_component_spread": 0.025669652968645096,
      "selected_component_xy": [
        0.01522432267665863,
        0.019087210297584534
      ],
      "strategy": "workspace_elevated_xy_low_z",
      "support_z": -0.0012507438659667969,
      "support_z_percentile": 10.0,
      "workspace_bounds": {
        "abs_x_max": 0.2,
        "abs_y_max": 0.2,
        "z_max": 0.08,
        "z_min": -0.02
      }
    },
    "grasp_num_points": 22,
    "grasp_world_xyz": [
      0.01522432267665863,
      0.019087210297584534,
      0.0030093789100646973
    ],
    "metadata": {
      "box_bounds_xyxy_exclusive": [
        63,
        74,
        70,
        82
      ],
      "box_center_world_xyz": [
        0.023877091705799103,
        0.019011283293366432,
        0.041816093027591705
      ],
      "camera_frame_conversion": "opencv_to_opengl",
      "center_strategy": "median",
      "extrinsics_source": "sensor_param.base_camera.cam2world_gl",
      "intrinsics_source": "provided"
    },
    "num_points": 56,
    "point_cloud_path": null,
    "segmentation_id": null,
    "world_xyz": [
      0.013558641076087952,
      0.019363727420568466,
      0.007232874631881714
    ]
  }
}