{
  "candidates_3d": [
    {
      "box_area": 56,
      "box_xyxy": [
        53.70363998413086,
        78.55245971679688,
        59.4509162902832,
        85.32130432128906
      ],
      "camera_xyz": [
        -0.07462500035762787,
        0.16551563143730164,
        0.6050000190734863
      ],
      "depth_valid_ratio": 0.9642857142857143,
      "grasp_camera_xyz": [
        -0.06617187708616257,
        0.18906250596046448,
        0.6050000190734863
      ],
      "grasp_metadata": {
        "applied": true,
        "component_count": 1,
        "component_fallback_reason": null,
        "component_radius": 0.03,
        "component_selection_strategy": "largest_component_then_low_spread",
        "component_sizes": [
          22
        ],
        "elevated_point_count": 22,
        "elevated_z_offset": 0.015,
        "fallback_reason": null,
        "local_support_point_count": 23,
        "local_support_radius": 0.04,
        "local_support_z_margin": 0.012,
        "min_elevated_points": 12,
        "min_points": 20,
        "num_workspace_points": 54,
        "reason": "component_elevated_xy_with_local_support_z",
        "selected_component_size": 22,
        "selected_component_spread": 0.022281359881162643,
        "selected_component_xy": [
          0.05464126169681549,
          -0.07275000214576721
        ],
        "strategy": "workspace_elevated_xy_low_z",
        "support_z": 0.0035285174380987883,
        "support_z_percentile": 10.0,
        "workspace_bounds": {
          "abs_x_max": 0.2,
          "abs_y_max": 0.2,
          "z_max": 0.08,
          "z_min": -0.02
        }
      },
      "grasp_num_points": 22,
      "grasp_world_xyz": [
        0.05464126169681549,
        -0.07275000214576721,
        0.0035626888275146484
      ],
      "metadata": {
        "box_bounds_xyxy_exclusive": [
          53,
          78,
          60,
          86
        ],
        "box_center_world_xyz": [
          0.06424592435359955,
          -0.07275000214576721,
          0.04327962547540665
        ],
        "camera_frame_conversion": "opencv_to_opengl",
        "center_strategy": "median",
        "extrinsics_source": "sensor_param.base_camera.cam2world_gl",
        "intrinsics_source": "provided"
      },
      "num_points": 54,
      "point_cloud_path": null,
      "segmentation_id": null,
      "world_xyz": [
        0.05464126169681549,
        -0.07462500035762787,
        0.003777444362640381
      ]
    }
  ]
}