{
  "candidates_3d": [
    {
      "box_area": 90,
      "box_xyxy": [
        75.66998291015625,
        86.46125793457031,
        83.31539916992188,
        95.20530700683594
      ],
      "camera_xyz": [
        0.12877804040908813,
        0.2271365225315094,
        0.5554454326629639
      ],
      "depth_valid_ratio": 1.0,
      "grasp_camera_xyz": [
        0.12148239463567734,
        0.251642107963562,
        0.5553480982780457
      ],
      "grasp_metadata": {
        "applied": true,
        "component_count": 1,
        "component_fallback_reason": null,
        "component_radius": 0.03,
        "component_selection_strategy": "largest_component_then_low_spread",
        "component_sizes": [
          31
        ],
        "elevated_point_count": 31,
        "elevated_z_offset": 0.015,
        "fallback_reason": null,
        "local_support_point_count": 33,
        "local_support_radius": 0.04,
        "local_support_z_margin": 0.012,
        "min_elevated_points": 12,
        "min_points": 20,
        "num_workspace_points": 90,
        "reason": "component_elevated_xy_with_local_support_z",
        "selected_component_size": 31,
        "selected_component_spread": 0.025057611986994743,
        "selected_component_xy": [
          0.13413852453231812,
          0.1304492950439453
        ],
        "strategy": "workspace_elevated_xy_low_z",
        "support_z": 4.8369376600021496e-05,
        "support_z_percentile": 10.0,
        "workspace_bounds": {
          "abs_x_max": 0.2,
          "abs_y_max": 0.2,
          "z_max": 0.08,
          "z_min": -0.02
        }
      },
      "grasp_num_points": 31,
      "grasp_world_xyz": [
        0.13413852453231812,
        0.1304492950439453,
        0.003999054431915283
      ],
      "metadata": {
        "box_bounds_xyxy_exclusive": [
          75,
          86,
          84,
          96
        ],
        "box_center_world_xyz": [
          0.14190611243247986,
          0.12549108266830444,
          0.04079192876815796
        ],
        "camera_frame_conversion": "opencv_to_opengl",
        "center_strategy": "median",
        "extrinsics_source": "sensor_param.base_camera.cam2world_gl",
        "intrinsics_source": "provided"
      },
      "num_points": 90,
      "point_cloud_path": null,
      "segmentation_id": null,
      "world_xyz": [
        0.13393652439117432,
        0.12877804040908813,
        0.008827120065689087
      ]
    }
  ]
}