{
  "min_xy_distance_from_pick": 0.05,
  "place_query": "green cube",
  "place_target_source": "predicted_place_object",
  "selected": {
    "metadata": {
      "num_candidates": 2,
      "num_close_to_pick_rejected": 0,
      "num_eligible_candidates": 2,
      "num_invalid_candidates": 0,
      "place_pick_xy_distance": 0.2758537530899048,
      "place_query": "green cube",
      "place_target_z": 0.02,
      "raw_semantic_world_xyz": [
        -0.18053686618804932,
        0.02562500163912773,
        0.30003905296325684
      ],
      "selected_candidate_index": 0,
      "selected_clip_score": 0.0,
      "selected_depth_valid_ratio": 0.9079102715466352,
      "selected_det_score": 0.3810412585735321,
      "selected_fused_2d_score": 0.3810412585735321,
      "selected_grasp_world_xyz": [
        -0.078579843044281,
        0.07464843988418579,
        0.0038847923278808594
      ],
      "selected_num_points": 2307,
      "selected_phrase": "green cube",
      "selected_world_xyz": [
        -0.078579843044281,
        0.07464843988418579,
        0.019999999552965164
      ],
      "selection_reason": "first_ranked_candidate_far_from_pick"
    },
    "place_xyz": [
      -0.078579843044281,
      0.07464843988418579,
      0.019999999552965164
    ],
    "source": "predicted_place_object"
  }
}