{
  "candidates_3d": [
    {
      "box_area": 56,
      "box_xyxy": [
        46.5672607421875,
        66.4800796508789,
        52.296485900878906,
        73.19625091552734
      ],
      "camera_xyz": [
        -0.16078124940395355,
        0.06215624883770943,
        0.6890000104904175
      ],
      "depth_valid_ratio": 0.7678571428571429,
      "grasp_camera_xyz": [
        -0.14259375631809235,
        0.0767812505364418,
        0.7020000219345093
      ],
      "grasp_metadata": {
        "applied": true,
        "component_count": 1,
        "component_fallback_reason": null,
        "component_radius": 0.03,
        "component_selection_strategy": "largest_component_then_low_spread",
        "component_sizes": [
          16
        ],
        "elevated_point_count": 16,
        "elevated_z_offset": 0.015,
        "fallback_reason": null,
        "local_support_point_count": 11,
        "local_support_radius": 0.04,
        "local_support_z_margin": 0.012,
        "min_elevated_points": 12,
        "min_points": 20,
        "num_workspace_points": 40,
        "reason": "component_elevated_xy_with_local_support_z",
        "selected_component_size": 16,
        "selected_component_spread": 0.023949306458234787,
        "selected_component_xy": [
          -0.08941805362701416,
          -0.15808594226837158
        ],
        "strategy": "workspace_elevated_xy_low_z",
        "support_z": 0.0037266730796545744,
        "support_z_percentile": 10.0,
        "workspace_bounds": {
          "abs_x_max": 0.2,
          "abs_y_max": 0.2,
          "z_max": 0.08,
          "z_min": -0.02
        }
      },
      "grasp_num_points": 16,
      "grasp_world_xyz": [
        -0.08941805362701416,
        -0.15808594226837158,
        0.0038847923278808594
      ],
      "metadata": {
        "box_bounds_xyxy_exclusive": [
          46,
          66,
          53,
          74
        ],
        "box_center_world_xyz": [
          -0.06563694775104523,
          -0.15539062023162842,
          0.0434553325176239
        ],
        "camera_frame_conversion": "opencv_to_opengl",
        "center_strategy": "median",
        "extrinsics_source": "sensor_param.base_camera.cam2world_gl",
        "intrinsics_source": "provided"
      },
      "num_points": 43,
      "point_cloud_path": null,
      "segmentation_id": null,
      "world_xyz": [
        -0.08493906259536743,
        -0.16078124940395355,
        0.004060506820678711
      ]
    }
  ]
}