{
  "candidates_3d": [
    {
      "box_area": 90,
      "box_xyxy": [
        47.520694732666016,
        82.56060028076172,
        55.26255416870117,
        91.2624740600586
      ],
      "camera_xyz": [
        -0.11501222848892212,
        0.19954678416252136,
        0.578811526298523
      ],
      "depth_valid_ratio": 1.0,
      "grasp_camera_xyz": [
        -0.10014069825410843,
        0.22759248316287994,
        0.5826367735862732
      ],
      "grasp_metadata": {
        "applied": true,
        "component_count": 1,
        "component_fallback_reason": null,
        "component_radius": 0.03,
        "component_selection_strategy": "largest_component_then_low_spread",
        "component_sizes": [
          36
        ],
        "elevated_point_count": 36,
        "elevated_z_offset": 0.015,
        "fallback_reason": null,
        "local_support_point_count": 21,
        "local_support_radius": 0.04,
        "local_support_z_margin": 0.012,
        "min_elevated_points": 12,
        "min_points": 20,
        "num_workspace_points": 90,
        "reason": "component_elevated_xy_with_local_support_z",
        "selected_component_size": 36,
        "selected_component_spread": 0.03195257484912872,
        "selected_component_xy": [
          0.10225296765565872,
          -0.11078128218650818
        ],
        "strategy": "workspace_elevated_xy_low_z",
        "support_z": -0.0026124119758605957,
        "support_z_percentile": 10.0,
        "workspace_bounds": {
          "abs_x_max": 0.2,
          "abs_y_max": 0.2,
          "z_max": 0.08,
          "z_min": -0.02
        }
      },
      "grasp_num_points": 36,
      "grasp_world_xyz": [
        0.10225296765565872,
        -0.11078128218650818,
        0.0028612613677978516
      ],
      "metadata": {
        "box_bounds_xyxy_exclusive": [
          47,
          82,
          56,
          92
        ],
        "box_center_world_xyz": [
          0.10827529430389404,
          -0.11318639665842056,
          0.03978317975997925
        ],
        "camera_frame_conversion": "opencv_to_opengl",
        "center_strategy": "median",
        "extrinsics_source": "sensor_param.base_camera.cam2world_gl",
        "intrinsics_source": "provided"
      },
      "num_points": 90,
      "point_cloud_path": null,
      "segmentation_id": null,
      "world_xyz": [
        0.10095728188753128,
        -0.11501222848892212,
        0.00827258825302124
      ]
    }
  ]
}