{
  "query": {
    "attributes": [
      "red"
    ],
    "normalized_prompt": "red cube",
    "raw_query": "red cube",
    "relations": [],
    "synonyms": [
      "cube",
      "block"
    ],
    "target_name": "cube"
  },
  "top_2d_candidate": {
    "box_xyxy": [
      60.60274887084961,
      81.50007629394531,
      65.36808776855469,
      88.06369018554688
    ],
    "clip_score": 0.0,
    "det_score": 0.6629387140274048,
    "fused_2d_score": 0.6629387140274048,
    "image_crop_path": null,
    "metadata": {
      "detector_metadata": {
        "model_id": "IDEA-Research/grounding-dino-tiny"
      },
      "detector_source": "transformers_groundingdino",
      "skip_clip": true
    },
    "phrase": "red cube",
    "rank": 0,
    "source": "detector_only"
  },
  "top_candidate_3d": {
    "box_area": 48,
    "box_xyxy": [
      60.60274887084961,
      81.50007629394531,
      65.36808776855469,
      88.06369018554688
    ],
    "camera_xyz": [
      -0.00951562449336052,
      0.1853906214237213,
      0.5850000381469727
    ],
    "depth_valid_ratio": 0.9166666666666666,
    "grasp_camera_xyz": [
      -0.00918749999254942,
      0.22049999237060547,
      0.5879999995231628
    ],
    "grasp_metadata": {
      "applied": true,
      "component_count": 1,
      "component_fallback_reason": null,
      "component_radius": 0.03,
      "component_selection_strategy": "largest_component_then_low_spread",
      "component_sizes": [
        22
      ],
      "elevated_point_count": 22,
      "elevated_z_offset": 0.015,
      "fallback_reason": null,
      "local_support_point_count": 14,
      "local_support_radius": 0.04,
      "local_support_z_margin": 0.012,
      "min_elevated_points": 12,
      "min_points": 20,
      "num_workspace_points": 44,
      "reason": "component_elevated_xy_with_local_support_z",
      "selected_component_size": 22,
      "selected_component_spread": 0.02347499504685402,
      "selected_component_xy": [
        0.08741457015275955,
        -0.013234375044703484
      ],
      "strategy": "workspace_elevated_xy_low_z",
      "support_z": 0.003103911876678467,
      "support_z_percentile": 10.0,
      "workspace_bounds": {
        "abs_x_max": 0.2,
        "abs_y_max": 0.2,
        "z_max": 0.08,
        "z_min": -0.02
      }
    },
    "grasp_num_points": 22,
    "grasp_world_xyz": [
      0.08741457015275955,
      -0.013234375044703484,
      0.0036115050315856934
    ],
    "metadata": {
      "box_bounds_xyxy_exclusive": [
        60,
        81,
        66,
        89
      ],
      "box_center_world_xyz": [
        0.09181304275989532,
        -0.008828124962747097,
        0.04299657791852951
      ],
      "camera_frame_conversion": "opencv_to_opengl",
      "center_strategy": "median",
      "extrinsics_source": "sensor_param.base_camera.cam2world_gl",
      "intrinsics_source": "provided"
    },
    "num_points": 44,
    "point_cloud_path": null,
    "segmentation_id": null,
    "world_xyz": [
      0.08301608264446259,
      -0.00951562449336052,
      0.01336747407913208
    ]
  }
}