{
  "candidates_3d": [
    {
      "box_area": 90,
      "box_xyxy": [
        75.66998291015625,
        86.46125793457031,
        83.31539916992188,
        95.20530700683594
      ],
      "camera_xyz": [
        0.12890625,
        0.22734375298023224,
        0.5559999942779541
      ],
      "depth_valid_ratio": 1.0,
      "grasp_camera_xyz": [
        0.12162499874830246,
        0.25193750858306885,
        0.5559999942779541
      ],
      "grasp_metadata": {
        "applied": true,
        "component_count": 1,
        "component_fallback_reason": null,
        "component_radius": 0.03,
        "component_selection_strategy": "largest_component_then_low_spread",
        "component_sizes": [
          31
        ],
        "elevated_point_count": 31,
        "elevated_z_offset": 0.015,
        "fallback_reason": null,
        "local_support_point_count": 34,
        "local_support_radius": 0.04,
        "local_support_z_margin": 0.012,
        "min_elevated_points": 12,
        "min_points": 20,
        "num_workspace_points": 90,
        "reason": "component_elevated_xy_with_local_support_z",
        "selected_component_size": 31,
        "selected_component_spread": 0.025224920362234116,
        "selected_component_xy": [
          0.13458271324634552,
          0.12867188453674316
        ],
        "strategy": "workspace_elevated_xy_low_z",
        "support_z": 0.0030161142349243164,
        "support_z_percentile": 10.0,
        "workspace_bounds": {
          "abs_x_max": 0.2,
          "abs_y_max": 0.2,
          "z_max": 0.08,
          "z_min": -0.02
        }
      },
      "grasp_num_points": 31,
      "grasp_world_xyz": [
        0.13458271324634552,
        0.12867188453674316,
        0.003103911876678467
      ],
      "metadata": {
        "box_bounds_xyxy_exclusive": [
          75,
          86,
          84,
          96
        ],
        "box_center_world_xyz": [
          0.14262321591377258,
          0.12492187321186066,
          0.043328434228897095
        ],
        "camera_frame_conversion": "opencv_to_opengl",
        "center_strategy": "median",
        "extrinsics_source": "sensor_param.base_camera.cam2world_gl",
        "intrinsics_source": "provided"
      },
      "num_points": 90,
      "point_cloud_path": null,
      "segmentation_id": null,
      "world_xyz": [
        0.13458271324634552,
        0.12890625,
        0.003635913133621216
      ]
    }
  ]
}