{
  "query": {
    "attributes": [
      "red"
    ],
    "normalized_prompt": "red cube",
    "raw_query": "red cube",
    "relations": [],
    "synonyms": [
      "cube",
      "block"
    ],
    "target_name": "cube"
  },
  "top_2d_candidate": {
    "box_xyxy": [
      63.57053756713867,
      85.33356475830078,
      70.28877258300781,
      93.13671112060547
    ],
    "clip_score": 0.0,
    "det_score": 0.6025587320327759,
    "fused_2d_score": 0.6025587320327759,
    "image_crop_path": null,
    "metadata": {
      "detector_metadata": {
        "model_id": "IDEA-Research/grounding-dino-tiny"
      },
      "detector_source": "transformers_groundingdino",
      "skip_clip": true
    },
    "phrase": "red cube",
    "rank": 0,
    "source": "detector_only"
  },
  "top_candidate_3d": {
    "box_area": 72,
    "box_xyxy": [
      63.57053756713867,
      85.33356475830078,
      70.28877258300781,
      93.13671112060547
    ],
    "camera_xyz": [
      0.025218749418854713,
      0.21856249868869781,
      0.5649999976158142
    ],
    "depth_valid_ratio": 0.9027777777777778,
    "grasp_camera_xyz": [
      0.017687499523162842,
      0.24762499332427979,
      0.5659999847412109
    ],
    "grasp_metadata": {
      "applied": true,
      "component_count": 1,
      "component_fallback_reason": null,
      "component_radius": 0.03,
      "component_selection_strategy": "largest_component_then_low_spread",
      "component_sizes": [
        24
      ],
      "elevated_point_count": 24,
      "elevated_z_offset": 0.015,
      "fallback_reason": null,
      "local_support_point_count": 26,
      "local_support_radius": 0.04,
      "local_support_z_margin": 0.012,
      "min_elevated_points": 12,
      "min_points": 20,
      "num_workspace_points": 65,
      "reason": "component_elevated_xy_with_local_support_z",
      "selected_component_size": 24,
      "selected_component_spread": 0.025983750820159912,
      "selected_component_xy": [
        0.12642018496990204,
        0.02134374901652336
      ],
      "strategy": "workspace_elevated_xy_low_z",
      "support_z": 0.003133237361907959,
      "support_z_percentile": 10.0,
      "workspace_bounds": {
        "abs_x_max": 0.2,
        "abs_y_max": 0.2,
        "z_max": 0.08,
        "z_min": -0.02
      }
    },
    "grasp_num_points": 24,
    "grasp_world_xyz": [
      0.12642018496990204,
      0.02134374901652336,
      0.0033382177352905273
    ],
    "metadata": {
      "box_bounds_xyxy_exclusive": [
        63,
        85,
        71,
        94
      ],
      "box_center_world_xyz": [
        0.12642018496990204,
        0.025453124195337296,
        0.04348461329936981
      ],
      "camera_frame_conversion": "opencv_to_opengl",
      "center_strategy": "median",
      "extrinsics_source": "sensor_param.base_camera.cam2world_gl",
      "intrinsics_source": "provided"
    },
    "num_points": 65,
    "point_cloud_path": null,
    "segmentation_id": null,
    "world_xyz": [
      0.12259148061275482,
      0.025218749418854713,
      0.00364077091217041
    ]
  }
}