{
  "candidates_3d": [
    {
      "box_area": 56,
      "box_xyxy": [
        61.61758041381836,
        74.59271240234375,
        68.17864227294922,
        80.33094787597656
      ],
      "camera_xyz": [
        0.0029510362073779106,
        0.1272759735584259,
        0.6280450820922852
      ],
      "depth_valid_ratio": 1.0,
      "grasp_camera_xyz": [
        0.010128512047231197,
        0.15192767977714539,
        0.6482247710227966
      ],
      "grasp_metadata": {
        "applied": true,
        "component_count": 1,
        "component_fallback_reason": null,
        "component_radius": 0.03,
        "component_selection_strategy": "largest_component_then_low_spread",
        "component_sizes": [
          18
        ],
        "elevated_point_count": 18,
        "elevated_z_offset": 0.015,
        "fallback_reason": null,
        "local_support_point_count": 16,
        "local_support_radius": 0.04,
        "local_support_z_margin": 0.012,
        "min_elevated_points": 12,
        "min_points": 20,
        "num_workspace_points": 40,
        "reason": "component_elevated_xy_with_local_support_z",
        "selected_component_size": 18,
        "selected_component_spread": 0.041655536741018295,
        "selected_component_xy": [
          0.012471213936805725,
          0.014537454582750797
        ],
        "strategy": "workspace_elevated_xy_low_z",
        "support_z": -0.0037870644591748714,
        "support_z_percentile": 10.0,
        "workspace_bounds": {
          "abs_x_max": 0.2,
          "abs_y_max": 0.2,
          "z_max": 0.08,
          "z_min": -0.02
        }
      },
      "grasp_num_points": 18,
      "grasp_world_xyz": [
        0.012471213936805725,
        0.014537454582750797,
        -0.0006574094295501709
      ],
      "metadata": {
        "box_bounds_xyxy_exclusive": [
          61,
          74,
          69,
          81
        ],
        "box_center_world_xyz": [
          0.017164848744869232,
          0.009481824934482574,
          0.04913787543773651
        ],
        "camera_frame_conversion": "opencv_to_opengl",
        "center_strategy": "median",
        "extrinsics_source": "sensor_param.base_camera.cam2world_gl",
        "intrinsics_source": "provided"
      },
      "num_points": 56,
      "point_cloud_path": null,
      "segmentation_id": null,
      "world_xyz": [
        0.021073564887046814,
        0.0029510362073779106,
        0.02079179883003235
      ]
    },
    {
      "box_area": 56,
      "box_xyxy": [
        62.60325622558594,
        84.63420104980469,
        68.35736083984375,
        91.15536499023438
      ],
      "camera_xyz": [
        0.008758661337196827,
        0.2051239311695099,
        0.5673458576202393
      ],
      "depth_valid_ratio": 1.0,
      "grasp_camera_xyz": [
        0.008991009555757046,
        0.23376624286174774,
        0.5754246115684509
      ],
      "grasp_metadata": {
        "applied": true,
        "component_count": 1,
        "component_fallback_reason": null,
        "component_radius": 0.03,
        "component_selection_strategy": "largest_component_then_low_spread",
        "component_sizes": [
          31
        ],
        "elevated_point_count": 31,
        "elevated_z_offset": 0.015,
        "fallback_reason": null,
        "local_support_point_count": 13,
        "local_support_radius": 0.04,
        "local_support_z_margin": 0.012,
        "min_elevated_points": 12,
        "min_points": 20,
        "num_workspace_points": 56,
        "reason": "component_elevated_xy_with_local_support_z",
        "selected_component_size": 31,
        "selected_component_spread": 0.02746676653623581,
        "selected_component_xy": [
          0.10851006209850311,
          0.008627308532595634
        ],
        "strategy": "workspace_elevated_xy_low_z",
        "support_z": -0.00596955418586731,
        "support_z_percentile": 10.0,
        "workspace_bounds": {
          "abs_x_max": 0.2,
          "abs_y_max": 0.2,
          "z_max": 0.08,
          "z_min": -0.02
        }
      },
      "grasp_num_points": 31,
      "grasp_world_xyz": [
        0.10851006209850311,
        0.008627308532595634,
        -0.00251007080078125
      ],
      "metadata": {
        "box_bounds_xyxy_exclusive": [
          62,
          84,
          69,
          92
        ],
        "box_center_world_xyz": [
          0.11469998955726624,
          0.008724256418645382,
          0.03320007026195526
        ],
        "camera_frame_conversion": "opencv_to_opengl",
        "center_strategy": "median",
        "extrinsics_source": "sensor_param.base_camera.cam2world_gl",
        "intrinsics_source": "provided"
      },
      "num_points": 56,
      "point_cloud_path": null,
      "segmentation_id": null,
      "world_xyz": [
        0.10926619917154312,
        0.008758661337196827,
        0.016107171773910522
      ]
    }
  ]
}