{
  "min_xy_distance_from_pick": 0.05,
  "place_query": "green cube",
  "place_target_source": "predicted_place_object",
  "selected": {
    "metadata": {
      "num_candidates": 2,
      "num_close_to_pick_rejected": 1,
      "num_eligible_candidates": 1,
      "num_invalid_candidates": 0,
      "place_pick_xy_distance": 0.09622053056955338,
      "place_query": "green cube",
      "place_target_z": 0.02,
      "raw_semantic_world_xyz": [
        0.021073564887046814,
        0.0029510362073779106,
        0.02079179883003235
      ],
      "selected_candidate_index": 0,
      "selected_clip_score": 0.0,
      "selected_depth_valid_ratio": 1.0,
      "selected_det_score": 0.43255874514579773,
      "selected_fused_2d_score": 0.43255874514579773,
      "selected_grasp_world_xyz": [
        0.012471213936805725,
        0.014537454582750797,
        -0.0006574094295501709
      ],
      "selected_num_points": 56,
      "selected_phrase": "green cube",
      "selected_world_xyz": [
        0.012471213936805725,
        0.014537454582750797,
        0.019999999552965164
      ],
      "selection_reason": "first_ranked_candidate_far_from_pick"
    },
    "place_xyz": [
      0.012471213936805725,
      0.014537454582750797,
      0.019999999552965164
    ],
    "source": "predicted_place_object"
  }
}