{
  "query": {
    "attributes": [
      "red"
    ],
    "normalized_prompt": "red cube",
    "raw_query": "red cube",
    "relations": [],
    "synonyms": [
      "cube",
      "block"
    ],
    "target_name": "cube"
  },
  "top_2d_candidate": {
    "box_xyxy": [
      59.47775650024414,
      71.63668823242188,
      64.302734375,
      78.20672607421875
    ],
    "clip_score": 0.0,
    "det_score": 0.5406507849693298,
    "fused_2d_score": 0.5406507849693298,
    "image_crop_path": null,
    "metadata": {
      "detector_metadata": {
        "model_id": "IDEA-Research/grounding-dino-tiny"
      },
      "detector_source": "transformers_groundingdino",
      "skip_clip": true
    },
    "phrase": "red cube",
    "rank": 0,
    "source": "detector_only"
  },
  "top_candidate_3d": {
    "box_area": 48,
    "box_xyxy": [
      59.47775650024414,
      71.63668823242188,
      64.302734375,
      78.20672607421875
    ],
    "camera_xyz": [
      -0.01992187649011612,
      0.10692968964576721,
      0.6414999961853027
    ],
    "depth_valid_ratio": 0.7916666666666666,
    "grasp_camera_xyz": [
      -0.030257809907197952,
      0.11532812565565109,
      0.6499999761581421
    ],
    "grasp_metadata": {
      "applied": true,
      "component_count": 1,
      "component_fallback_reason": "too_few_elevated_points",
      "component_radius": 0.03,
      "component_selection_strategy": "largest_workspace_component_then_low_spread",
      "component_sizes": [
        28
      ],
      "elevated_point_count": 10,
      "elevated_z_offset": 0.015,
      "fallback_reason": "too_few_elevated_points",
      "local_support_point_count": 0,
      "local_support_radius": 0.04,
      "local_support_z_margin": 0.012,
      "min_elevated_points": 12,
      "min_points": 20,
      "num_workspace_points": 28,
      "reason": "workspace_filter_passed",
      "selected_component_size": 28,
      "selected_component_spread": 0.04602225869894028,
      "selected_component_xy": [
        -0.007532984018325806,
        -0.030257809907197952
      ],
      "strategy": "workspace_elevated_xy_low_z",
      "support_z": 0.003608572529628873,
      "support_z_percentile": 10.0,
      "workspace_bounds": {
        "abs_x_max": 0.2,
        "abs_y_max": 0.2,
        "z_max": 0.08,
        "z_min": -0.02
      }
    },
    "grasp_num_points": 28,
    "grasp_world_xyz": [
      -0.007532984018325806,
      -0.030257809907197952,
      0.003938466310501099
    ],
    "metadata": {
      "box_bounds_xyxy_exclusive": [
        59,
        71,
        65,
        79
      ],
      "box_center_world_xyz": [
        -0.007532969117164612,
        -0.019593749195337296,
        0.04307466000318527
      ],
      "camera_frame_conversion": "opencv_to_opengl",
      "center_strategy": "median",
      "extrinsics_source": "sensor_param.base_camera.cam2world_gl",
      "intrinsics_source": "provided"
    },
    "num_points": 38,
    "point_cloud_path": null,
    "segmentation_id": null,
    "world_xyz": [
      -0.004117906093597412,
      -0.01992187649011612,
      0.031054168939590454
    ]
  }
}