{
  "query": {
    "attributes": [
      "red"
    ],
    "normalized_prompt": "red cube",
    "raw_query": "red cube",
    "relations": [],
    "synonyms": [
      "cube",
      "block"
    ],
    "target_name": "cube"
  },
  "top_2d_candidate": {
    "box_xyxy": [
      57.55094528198242,
      84.40853118896484,
      64.2719955444336,
      92.14466094970703
    ],
    "clip_score": 0.0,
    "det_score": 0.606572151184082,
    "fused_2d_score": 0.606572151184082,
    "image_crop_path": null,
    "metadata": {
      "detector_metadata": {
        "model_id": "IDEA-Research/grounding-dino-tiny"
      },
      "detector_source": "transformers_groundingdino",
      "skip_clip": true
    },
    "phrase": "red cube",
    "rank": 0,
    "source": "detector_only"
  },
  "top_candidate_3d": {
    "box_area": 72,
    "box_xyxy": [
      57.55094528198242,
      84.40853118896484,
      64.2719955444336,
      92.14466094970703
    ],
    "camera_xyz": [
      -0.027703125029802322,
      0.21210937201976776,
      0.5679999589920044
    ],
    "depth_valid_ratio": 0.8888888888888888,
    "grasp_camera_xyz": [
      -0.026765624061226845,
      0.24089062213897705,
      0.5709999799728394
    ],
    "grasp_metadata": {
      "applied": true,
      "component_count": 1,
      "component_fallback_reason": null,
      "component_radius": 0.03,
      "component_selection_strategy": "largest_component_then_low_spread",
      "component_sizes": [
        25
      ],
      "elevated_point_count": 25,
      "elevated_z_offset": 0.015,
      "fallback_reason": null,
      "local_support_point_count": 23,
      "local_support_radius": 0.04,
      "local_support_z_margin": 0.012,
      "min_elevated_points": 12,
      "min_points": 20,
      "num_workspace_points": 64,
      "reason": "component_elevated_xy_with_local_support_z",
      "selected_component_size": 25,
      "selected_component_spread": 0.02595335617661476,
      "selected_component_xy": [
        0.11780378222465515,
        -0.026484373956918716
      ],
      "strategy": "workspace_elevated_xy_low_z",
      "support_z": 0.0033382177352905273,
      "support_z_percentile": 10.0,
      "workspace_bounds": {
        "abs_x_max": 0.2,
        "abs_y_max": 0.2,
        "z_max": 0.08,
        "z_min": -0.02
      }
    },
    "grasp_num_points": 25,
    "grasp_world_xyz": [
      0.11780378222465515,
      -0.026484373956918716,
      0.0033382177352905273
    ],
    "metadata": {
      "box_bounds_xyxy_exclusive": [
        57,
        84,
        65,
        93
      ],
      "box_center_world_xyz": [
        0.11780376732349396,
        -0.025734376162290573,
        0.042693957686424255
      ],
      "camera_frame_conversion": "opencv_to_opengl",
      "center_strategy": "median",
      "extrinsics_source": "sensor_param.base_camera.cam2world_gl",
      "intrinsics_source": "provided"
    },
    "num_points": 64,
    "point_cloud_path": null,
    "segmentation_id": null,
    "world_xyz": [
      0.1139531135559082,
      -0.027703125029802322,
      0.00364077091217041
    ]
  }
}