{
  "candidates_3d": [
    {
      "box_area": 90,
      "box_xyxy": [
        56.676918029785156,
        81.5947036743164,
        64.26177215576172,
        90.24279022216797
      ],
      "camera_xyz": [
        -0.03542410209774971,
        0.1927088499069214,
        0.5837098360061646
      ],
      "depth_valid_ratio": 1.0,
      "grasp_camera_xyz": [
        -0.027498437091708183,
        0.22915364801883698,
        0.5866333246231079
      ],
      "grasp_metadata": {
        "applied": true,
        "component_count": 1,
        "component_fallback_reason": null,
        "component_radius": 0.03,
        "component_selection_strategy": "largest_component_then_low_spread",
        "component_sizes": [
          51
        ],
        "elevated_point_count": 51,
        "elevated_z_offset": 0.015,
        "fallback_reason": null,
        "local_support_point_count": 13,
        "local_support_radius": 0.04,
        "local_support_z_margin": 0.012,
        "min_elevated_points": 12,
        "min_points": 20,
        "num_workspace_points": 90,
        "reason": "component_elevated_xy_with_local_support_z",
        "selected_component_size": 51,
        "selected_component_spread": 0.04366189241409302,
        "selected_component_xy": [
          0.09559911489486694,
          -0.03528466448187828
        ],
        "strategy": "workspace_elevated_xy_low_z",
        "support_z": -0.008202402852475643,
        "support_z_percentile": 10.0,
        "workspace_bounds": {
          "abs_x_max": 0.2,
          "abs_y_max": 0.2,
          "z_max": 0.08,
          "z_min": -0.02
        }
      },
      "grasp_num_points": 51,
      "grasp_world_xyz": [
        0.09559911489486694,
        -0.03528466448187828,
        -0.0029467344284057617
      ],
      "metadata": {
        "box_bounds_xyxy_exclusive": [
          56,
          81,
          65,
          91
        ],
        "box_center_world_xyz": [
          0.10007840394973755,
          -0.035071857273578644,
          0.04131504148244858
        ],
        "camera_frame_conversion": "opencv_to_opengl",
        "center_strategy": "median",
        "extrinsics_source": "sensor_param.base_camera.cam2world_gl",
        "intrinsics_source": "provided"
      },
      "num_points": 90,
      "point_cloud_path": null,
      "segmentation_id": null,
      "world_xyz": [
        0.09256888180971146,
        -0.03542410209774971,
        0.011959314346313477
      ]
    }
  ]
}