{
  "candidates_3d": [
    {
      "box_area": 72,
      "box_xyxy": [
        83.58124542236328,
        79.57686614990234,
        90.42317962646484,
        87.20276641845703
      ],
      "camera_xyz": [
        0.20924560725688934,
        0.17699068784713745,
        0.598404586315155
      ],
      "depth_valid_ratio": 1.0,
      "grasp_camera_xyz": [
        0.18957696855068207,
        0.18957696855068207,
        0.6066462993621826
      ],
      "grasp_metadata": {
        "applied": true,
        "component_count": 1,
        "component_fallback_reason": null,
        "component_radius": 0.03,
        "component_selection_strategy": "largest_component_then_low_spread",
        "component_sizes": [
          15
        ],
        "elevated_point_count": 15,
        "elevated_z_offset": 0.015,
        "fallback_reason": null,
        "local_support_point_count": 9,
        "local_support_radius": 0.04,
        "local_support_z_margin": 0.012,
        "min_elevated_points": 12,
        "min_points": 20,
        "num_workspace_points": 26,
        "reason": "component_elevated_xy_with_local_support_z",
        "selected_component_size": 15,
        "selected_component_spread": 0.024315817281603813,
        "selected_component_xy": [
          0.06771291792392731,
          0.18862880766391754
        ],
        "strategy": "workspace_elevated_xy_low_z",
        "support_z": -0.0026849210262298584,
        "support_z_percentile": 10.0,
        "workspace_bounds": {
          "abs_x_max": 0.2,
          "abs_y_max": 0.2,
          "z_max": 0.08,
          "z_min": -0.02
        }
      },
      "grasp_num_points": 15,
      "grasp_world_xyz": [
        0.06771291792392731,
        0.18862880766391754,
        0.0035963058471679688
      ],
      "metadata": {
        "box_bounds_xyxy_exclusive": [
          83,
          79,
          91,
          88
        ],
        "box_center_world_xyz": [
          0.06767146289348602,
          0.2125183343887329,
          0.028558462858200073
        ],
        "camera_frame_conversion": "opencv_to_opengl",
        "center_strategy": "median",
        "extrinsics_source": "sensor_param.base_camera.cam2world_gl",
        "intrinsics_source": "provided"
      },
      "num_points": 72,
      "point_cloud_path": null,
      "segmentation_id": null,
      "world_xyz": [
        0.06753700971603394,
        0.20924560725688934,
        0.012723267078399658
      ]
    }
  ]
}