{
  "candidates_3d": [
    {
      "box_area": 56,
      "box_xyxy": [
        44.69358444213867,
        66.47901153564453,
        51.182796478271484,
        72.42285919189453
      ],
      "camera_xyz": [
        -0.17858535051345825,
        0.05302007496356964,
        0.6984580755233765
      ],
      "depth_valid_ratio": 1.0,
      "grasp_camera_xyz": [
        -0.16356095671653748,
        0.07632844150066376,
        0.697860062122345
      ],
      "grasp_metadata": {
        "applied": true,
        "component_count": 1,
        "component_fallback_reason": null,
        "component_radius": 0.03,
        "component_selection_strategy": "largest_component_then_low_spread",
        "component_sizes": [
          18
        ],
        "elevated_point_count": 18,
        "elevated_z_offset": 0.015,
        "fallback_reason": null,
        "local_support_point_count": 12,
        "local_support_radius": 0.04,
        "local_support_z_margin": 0.012,
        "min_elevated_points": 12,
        "min_points": 20,
        "num_workspace_points": 41,
        "reason": "component_elevated_xy_with_local_support_z",
        "selected_component_size": 18,
        "selected_component_spread": 0.02368742972612381,
        "selected_component_xy": [
          -0.08644813299179077,
          -0.17088158428668976
        ],
        "strategy": "workspace_elevated_xy_low_z",
        "support_z": 0.0007129907608032227,
        "support_z_percentile": 10.0,
        "workspace_bounds": {
          "abs_x_max": 0.2,
          "abs_y_max": 0.2,
          "z_max": 0.08,
          "z_min": -0.02
        }
      },
      "grasp_num_points": 18,
      "grasp_world_xyz": [
        -0.08644813299179077,
        -0.17088158428668976,
        0.005151569843292236
      ],
      "metadata": {
        "box_bounds_xyxy_exclusive": [
          44,
          66,
          52,
          73
        ],
        "box_center_world_xyz": [
          -0.08070210367441177,
          -0.1688438355922699,
          0.0396592877805233
        ],
        "camera_frame_conversion": "opencv_to_opengl",
        "center_strategy": "median",
        "extrinsics_source": "sensor_param.base_camera.cam2world_gl",
        "intrinsics_source": "provided"
      },
      "num_points": 56,
      "point_cloud_path": null,
      "segmentation_id": null,
      "world_xyz": [
        -0.09095747768878937,
        -0.17858535051345825,
        0.010131239891052246
      ]
    }
  ]
}