{
  "candidates_3d": [
    {
      "box_area": 28,
      "box_xyxy": [
        68.52040100097656,
        70.43083190917969,
        71.53874206542969,
        76.28227233886719
      ],
      "camera_xyz": [
        0.05627245455980301,
        0.08022323250770569,
        0.6552174091339111
      ],
      "depth_valid_ratio": 1.0,
      "grasp_camera_xyz": [
        0.06261365115642548,
        0.12522730231285095,
        0.6678789258003235
      ],
      "grasp_metadata": {
        "applied": true,
        "component_count": 1,
        "component_fallback_reason": null,
        "component_radius": 0.03,
        "component_selection_strategy": "largest_component_then_low_spread",
        "component_sizes": [
          12
        ],
        "elevated_point_count": 12,
        "elevated_z_offset": 0.015,
        "fallback_reason": null,
        "local_support_point_count": 5,
        "local_support_radius": 0.04,
        "local_support_z_margin": 0.012,
        "min_elevated_points": 12,
        "min_points": 20,
        "num_workspace_points": 22,
        "original_box_bounds_xyxy_exclusive": [
          68,
          70,
          72,
          77
        ],
        "original_elevated_point_count": null,
        "original_grasp_reason": "too_few_workspace_points",
        "original_num_workspace_points": 18,
        "reason": "component_elevated_xy_with_local_support_z",
        "selected_component_size": 12,
        "selected_component_spread": 0.0275717843323946,
        "selected_component_xy": [
          -0.022948652505874634,
          0.06130781024694443
        ],
        "source_box": "y_shifted_grasp_fallback",
        "source_box_bounds_xyxy_exclusive": [
          68,
          72,
          72,
          79
        ],
        "source_box_y_shift_fraction": 0.25,
        "strategy": "workspace_elevated_xy_low_z",
        "support_z": -0.009221594780683517,
        "support_z_percentile": 10.0,
        "workspace_bounds": {
          "abs_x_max": 0.2,
          "abs_y_max": 0.2,
          "z_max": 0.08,
          "z_min": -0.02
        }
      },
      "grasp_num_points": 12,
      "grasp_world_xyz": [
        -0.022948652505874634,
        0.06130781024694443,
        -0.005145549774169922
      ],
      "metadata": {
        "box_bounds_xyxy_exclusive": [
          68,
          70,
          72,
          77
        ],
        "box_center_world_xyz": [
          -0.03731772303581238,
          0.061418596655130386,
          0.030876297503709793
        ],
        "camera_frame_conversion": "opencv_to_opengl",
        "center_strategy": "median",
        "extrinsics_source": "sensor_param.base_camera.cam2world_gl",
        "intrinsics_source": "provided"
      },
      "num_points": 28,
      "point_cloud_path": null,
      "segmentation_id": null,
      "world_xyz": [
        -0.02233867347240448,
        0.05627245455980301,
        0.023539572954177856
      ]
    }
  ]
}