{
  "candidates_3d": [
    {
      "box_area": 81,
      "box_xyxy": [
        44.759552001953125,
        85.44054412841797,
        52.15282440185547,
        93.3575668334961
      ],
      "camera_xyz": [
        -0.1390853226184845,
        0.21924325823783875,
        0.5667128562927246
      ],
      "depth_valid_ratio": 1.0,
      "grasp_camera_xyz": [
        -0.11821704357862473,
        0.2273404747247696,
        0.5819916129112244
      ],
      "grasp_metadata": {
        "applied": true,
        "component_count": 1,
        "component_fallback_reason": null,
        "component_radius": 0.03,
        "component_selection_strategy": "largest_component_then_low_spread",
        "component_sizes": [
          52
        ],
        "elevated_point_count": 52,
        "elevated_z_offset": 0.015,
        "fallback_reason": null,
        "local_support_point_count": 12,
        "local_support_radius": 0.04,
        "local_support_z_margin": 0.012,
        "min_elevated_points": 12,
        "min_points": 20,
        "num_workspace_points": 80,
        "reason": "component_elevated_xy_with_local_support_z",
        "selected_component_size": 52,
        "selected_component_spread": 0.0472441129386425,
        "selected_component_xy": [
          0.12083055078983307,
          -0.13768526911735535
        ],
        "strategy": "workspace_elevated_xy_low_z",
        "support_z": -0.008628511801362038,
        "support_z_percentile": 10.0,
        "workspace_bounds": {
          "abs_x_max": 0.2,
          "abs_y_max": 0.2,
          "z_max": 0.08,
          "z_min": -0.02
        }
      },
      "grasp_num_points": 52,
      "grasp_world_xyz": [
        0.12083055078983307,
        -0.13768526911735535,
        0.000995725393295288
      ],
      "metadata": {
        "box_bounds_xyxy_exclusive": [
          44,
          85,
          53,
          94
        ],
        "box_center_world_xyz": [
          0.12892469763755798,
          -0.13379132747650146,
          0.05151428282260895
        ],
        "camera_frame_conversion": "opencv_to_opengl",
        "center_strategy": "median",
        "extrinsics_source": "sensor_param.base_camera.cam2world_gl",
        "intrinsics_source": "provided"
      },
      "num_points": 81,
      "point_cloud_path": null,
      "segmentation_id": null,
      "world_xyz": [
        0.12354587018489838,
        -0.1390853226184845,
        0.011993348598480225
      ]
    }
  ]
}