{
  "query": {
    "attributes": [
      "red"
    ],
    "normalized_prompt": "red cube",
    "raw_query": "red cube",
    "relations": [],
    "synonyms": [
      "cube",
      "block"
    ],
    "target_name": "cube"
  },
  "top_2d_candidate": {
    "box_xyxy": [
      55.74678421020508,
      81.4512939453125,
      62.41843795776367,
      89.10903930664062
    ],
    "clip_score": 0.0,
    "det_score": 0.6450979113578796,
    "fused_2d_score": 0.6450979113578796,
    "image_crop_path": null,
    "metadata": {
      "detector_metadata": {
        "model_id": "IDEA-Research/grounding-dino-tiny"
      },
      "detector_source": "transformers_groundingdino",
      "skip_clip": true
    },
    "phrase": "red cube",
    "rank": 0,
    "source": "detector_only"
  },
  "top_candidate_3d": {
    "box_area": 72,
    "box_xyxy": [
      55.74678421020508,
      81.4512939453125,
      62.41843795776367,
      89.10903930664062
    ],
    "camera_xyz": [
      -0.04893749952316284,
      0.19154688715934753,
      0.5850000381469727
    ],
    "depth_valid_ratio": 0.8333333333333334,
    "grasp_camera_xyz": [
      -0.03674999997019768,
      0.21131250262260437,
      0.5879999995231628
    ],
    "grasp_metadata": {
      "applied": true,
      "component_count": 1,
      "component_fallback_reason": null,
      "component_radius": 0.03,
      "component_selection_strategy": "largest_component_then_low_spread",
      "component_sizes": [
        22
      ],
      "elevated_point_count": 22,
      "elevated_z_offset": 0.015,
      "fallback_reason": null,
      "local_support_point_count": 22,
      "local_support_radius": 0.04,
      "local_support_z_margin": 0.012,
      "min_elevated_points": 12,
      "min_points": 20,
      "num_workspace_points": 60,
      "reason": "component_elevated_xy_with_local_support_z",
      "selected_component_size": 22,
      "selected_component_spread": 0.021494468674063683,
      "selected_component_xy": [
        0.08301608264446259,
        -0.04496093839406967
      ],
      "strategy": "workspace_elevated_xy_low_z",
      "support_z": 0.003103911876678467,
      "support_z_percentile": 10.0,
      "workspace_bounds": {
        "abs_x_max": 0.2,
        "abs_y_max": 0.2,
        "z_max": 0.08,
        "z_min": -0.02
      }
    },
    "grasp_num_points": 22,
    "grasp_world_xyz": [
      0.08301608264446259,
      -0.04496093839406967,
      0.003587096929550171
    ],
    "metadata": {
      "box_bounds_xyxy_exclusive": [
        55,
        81,
        63,
        90
      ],
      "box_center_world_xyz": [
        0.09181304275989532,
        -0.04414062574505806,
        0.04299657791852951
      ],
      "camera_frame_conversion": "opencv_to_opengl",
      "center_strategy": "median",
      "extrinsics_source": "sensor_param.base_camera.cam2world_gl",
      "intrinsics_source": "provided"
    },
    "num_points": 60,
    "point_cloud_path": null,
    "segmentation_id": null,
    "world_xyz": [
      0.08659343421459198,
      -0.04893749952316284,
      0.0036310553550720215
    ]
  }
}