{
  "candidates_3d": [
    {
      "box_area": 64,
      "box_xyxy": [
        74.71296691894531,
        65.50926208496094,
        81.3804931640625,
        72.39456176757812
      ],
      "camera_xyz": [
        0.14929687976837158,
        0.04543749988079071,
        0.7020000219345093
      ],
      "depth_valid_ratio": 0.84375,
      "grasp_camera_xyz": [
        0.14259375631809235,
        0.0767812505364418,
        0.7020000219345093
      ],
      "grasp_metadata": {
        "applied": true,
        "component_count": 1,
        "component_fallback_reason": null,
        "component_radius": 0.03,
        "component_selection_strategy": "largest_component_then_low_spread",
        "component_sizes": [
          16
        ],
        "elevated_point_count": 16,
        "elevated_z_offset": 0.015,
        "fallback_reason": null,
        "local_support_point_count": 17,
        "local_support_radius": 0.04,
        "local_support_z_margin": 0.012,
        "min_elevated_points": 12,
        "min_points": 20,
        "num_workspace_points": 53,
        "reason": "component_elevated_xy_with_local_support_z",
        "selected_component_size": 16,
        "selected_component_spread": 0.024608157575130463,
        "selected_component_xy": [
          -0.09140317142009735,
          0.14820311963558197
        ],
        "strategy": "workspace_elevated_xy_low_z",
        "support_z": 0.003712987992912531,
        "support_z_percentile": 10.0,
        "workspace_bounds": {
          "abs_x_max": 0.2,
          "abs_y_max": 0.2,
          "z_max": 0.08,
          "z_min": -0.02
        }
      },
      "grasp_num_points": 16,
      "grasp_world_xyz": [
        -0.09140317142009735,
        0.14820311963558197,
        0.0038847923278808594
      ],
      "metadata": {
        "box_bounds_xyxy_exclusive": [
          74,
          65,
          82,
          73
        ],
        "box_center_world_xyz": [
          -0.08725477755069733,
          0.15028125047683716,
          0.03001464530825615
        ],
        "camera_frame_conversion": "opencv_to_opengl",
        "center_strategy": "median",
        "extrinsics_source": "sensor_param.base_camera.cam2world_gl",
        "intrinsics_source": "provided"
      },
      "num_points": 54,
      "point_cloud_path": null,
      "segmentation_id": null,
      "world_xyz": [
        -0.09246955811977386,
        0.14929687976837158,
        0.00392383337020874
      ]
    }
  ]
}