{
  "candidates_3d": [
    {
      "box_area": 80,
      "box_xyxy": [
        58.54429626464844,
        91.57603454589844,
        65.36311340332031,
        100.23249816894531
      ],
      "camera_xyz": [
        -0.023671874776482582,
        0.25450000166893005,
        0.5320000052452087
      ],
      "depth_valid_ratio": 0.7125,
      "grasp_camera_xyz": [
        -0.042265623807907104,
        0.2789531350135803,
        0.5410000085830688
      ],
      "grasp_metadata": {
        "applied": true,
        "component_count": 1,
        "component_fallback_reason": null,
        "component_radius": 0.03,
        "component_selection_strategy": "largest_component_then_low_spread",
        "component_sizes": [
          21
        ],
        "elevated_point_count": 21,
        "elevated_z_offset": 0.015,
        "fallback_reason": null,
        "local_support_point_count": 19,
        "local_support_radius": 0.04,
        "local_support_z_margin": 0.012,
        "min_elevated_points": 12,
        "min_points": 20,
        "num_workspace_points": 51,
        "reason": "component_elevated_xy_with_local_support_z",
        "selected_component_size": 21,
        "selected_component_spread": 0.022802462801337242,
        "selected_component_xy": [
          0.17331866919994354,
          -0.023671874776482582
        ],
        "strategy": "workspace_elevated_xy_low_z",
        "support_z": 0.0030161142349243164,
        "support_z_percentile": 10.0,
        "workspace_bounds": {
          "abs_x_max": 0.2,
          "abs_y_max": 0.2,
          "z_max": 0.08,
          "z_min": -0.02
        }
      },
      "grasp_num_points": 21,
      "grasp_world_xyz": [
        0.17331866919994354,
        -0.023671874776482582,
        0.003133237361907959
      ],
      "metadata": {
        "box_bounds_xyxy_exclusive": [
          58,
          91,
          66,
          101
        ],
        "box_center_world_xyz": [
          0.17970715463161469,
          -0.016046874225139618,
          0.03863348066806793
        ],
        "camera_frame_conversion": "opencv_to_opengl",
        "center_strategy": "median",
        "extrinsics_source": "sensor_param.base_camera.cam2world_gl",
        "intrinsics_source": "provided"
      },
      "num_points": 57,
      "point_cloud_path": null,
      "segmentation_id": null,
      "world_xyz": [
        0.17331866919994354,
        -0.023671874776482582,
        0.003572404384613037
      ]
    }
  ]
}