{
  "candidates_3d": [
    {
      "box_area": 72,
      "box_xyxy": [
        63.50849533081055,
        76.75216674804688,
        70.36881256103516,
        84.37635803222656
      ],
      "camera_xyz": [
        0.01991305500268936,
        0.151289165019989,
        0.6138390302658081
      ],
      "depth_valid_ratio": 1.0,
      "grasp_camera_xyz": [
        0.028778232634067535,
        0.18226215243339539,
        0.613935649394989
      ],
      "grasp_metadata": {
        "applied": true,
        "component_count": 1,
        "component_fallback_reason": null,
        "component_radius": 0.03,
        "component_selection_strategy": "largest_component_then_low_spread",
        "component_sizes": [
          24
        ],
        "elevated_point_count": 24,
        "elevated_z_offset": 0.015,
        "fallback_reason": null,
        "local_support_point_count": 22,
        "local_support_radius": 0.04,
        "local_support_z_margin": 0.012,
        "min_elevated_points": 12,
        "min_points": 20,
        "num_workspace_points": 67,
        "reason": "component_elevated_xy_with_local_support_z",
        "selected_component_size": 24,
        "selected_component_spread": 0.024743350222706795,
        "selected_component_xy": [
          0.044802889227867126,
          0.023333951830863953
        ],
        "strategy": "workspace_elevated_xy_low_z",
        "support_z": -0.0011682987678796053,
        "support_z_percentile": 10.0,
        "workspace_bounds": {
          "abs_x_max": 0.2,
          "abs_y_max": 0.2,
          "z_max": 0.08,
          "z_min": -0.02
        }
      },
      "grasp_num_points": 24,
      "grasp_world_xyz": [
        0.044802889227867126,
        0.023333951830863953,
        0.0033688247203826904
      ],
      "metadata": {
        "box_bounds_xyxy_exclusive": [
          63,
          76,
          71,
          85
        ],
        "box_center_world_xyz": [
          0.04252000153064728,
          0.028102438896894455,
          0.03822550177574158
        ],
        "camera_frame_conversion": "opencv_to_opengl",
        "center_strategy": "median",
        "extrinsics_source": "sensor_param.base_camera.cam2world_gl",
        "intrinsics_source": "provided"
      },
      "num_points": 72,
      "point_cloud_path": null,
      "segmentation_id": null,
      "world_xyz": [
        0.04476633667945862,
        0.01991305500268936,
        0.0073819756507873535
      ]
    }
  ]
}