{
  "query": {
    "attributes": [
      "red"
    ],
    "normalized_prompt": "red cube",
    "raw_query": "red cube",
    "relations": [],
    "synonyms": [
      "cube",
      "block"
    ],
    "target_name": "cube"
  },
  "top_2d_candidate": {
    "box_xyxy": [
      46.575477600097656,
      65.47380065917969,
      52.13159942626953,
      71.18577575683594
    ],
    "clip_score": 0.0,
    "det_score": 0.6095564365386963,
    "fused_2d_score": 0.6095564365386963,
    "image_crop_path": null,
    "metadata": {
      "detector_metadata": {
        "model_id": "IDEA-Research/grounding-dino-tiny"
      },
      "detector_source": "transformers_groundingdino",
      "skip_clip": true
    },
    "phrase": "red cube",
    "rank": 0,
    "source": "detector_only"
  },
  "top_candidate_3d": {
    "box_area": 49,
    "box_xyxy": [
      46.575477600097656,
      65.47380065917969,
      52.13159942626953,
      71.18577575683594
    ],
    "camera_xyz": [
      -0.1625390648841858,
      0.045093752443790436,
      0.703000009059906
    ],
    "depth_valid_ratio": 0.8571428571428571,
    "grasp_camera_xyz": [
      -0.17599999904632568,
      0.06599999964237213,
      0.7039999961853027
    ],
    "grasp_metadata": {
      "applied": true,
      "component_count": 1,
      "component_fallback_reason": null,
      "component_radius": 0.03,
      "component_selection_strategy": "largest_component_then_low_spread",
      "component_sizes": [
        13
      ],
      "elevated_point_count": 13,
      "elevated_z_offset": 0.015,
      "fallback_reason": null,
      "local_support_point_count": 15,
      "local_support_radius": 0.04,
      "local_support_z_margin": 0.012,
      "min_elevated_points": 12,
      "min_points": 20,
      "num_workspace_points": 37,
      "reason": "component_elevated_xy_with_local_support_z",
      "selected_component_size": 13,
      "selected_component_spread": 0.02575666271150112,
      "selected_component_xy": [
        -0.09045392274856567,
        -0.16949999332427979
      ],
      "strategy": "workspace_elevated_xy_low_z",
      "support_z": 0.0038652420043945312,
      "support_z_percentile": 10.0,
      "workspace_bounds": {
        "abs_x_max": 0.2,
        "abs_y_max": 0.2,
        "z_max": 0.08,
        "z_min": -0.02
      }
    },
    "grasp_num_points": 13,
    "grasp_world_xyz": [
      -0.09045392274856567,
      -0.16949999332427979,
      0.004001975059509277
    ],
    "metadata": {
      "box_bounds_xyxy_exclusive": [
        46,
        65,
        53,
        72
      ],
      "box_center_world_xyz": [
        -0.09045392274856567,
        -0.1589062511920929,
        0.04409955441951752
      ],
      "camera_frame_conversion": "opencv_to_opengl",
      "center_strategy": "median",
      "extrinsics_source": "sensor_param.base_camera.cam2world_gl",
      "intrinsics_source": "provided"
    },
    "num_points": 42,
    "point_cloud_path": null,
    "segmentation_id": null,
    "world_xyz": [
      -0.09838828444480896,
      -0.1625390648841858,
      0.004001975059509277
    ]
  }
}