{
  "query": {
    "attributes": [
      "red"
    ],
    "normalized_prompt": "red cube",
    "raw_query": "red cube",
    "relations": [],
    "synonyms": [
      "cube",
      "block"
    ],
    "target_name": "cube"
  },
  "top_2d_candidate": {
    "box_xyxy": [
      66.5267562866211,
      77.44612884521484,
      72.3652114868164,
      85.11206817626953
    ],
    "clip_score": 0.0,
    "det_score": 0.6905237436294556,
    "fused_2d_score": 0.6905237436294556,
    "image_crop_path": null,
    "metadata": {
      "detector_metadata": {
        "model_id": "IDEA-Research/grounding-dino-tiny"
      },
      "detector_source": "transformers_groundingdino",
      "skip_clip": true
    },
    "phrase": "red cube",
    "rank": 0,
    "source": "detector_only"
  },
  "top_candidate_3d": {
    "box_area": 63,
    "box_xyxy": [
      66.5267562866211,
      77.44612884521484,
      72.3652114868164,
      85.11206817626953
    ],
    "camera_xyz": [
      0.046875,
      0.156187504529953,
      0.6110000014305115
    ],
    "depth_valid_ratio": 0.9365079365079365,
    "grasp_camera_xyz": [
      0.047734376043081284,
      0.19093750417232513,
      0.6110000014305115
    ],
    "grasp_metadata": {
      "applied": true,
      "component_count": 1,
      "component_fallback_reason": null,
      "component_radius": 0.03,
      "component_selection_strategy": "largest_component_then_low_spread",
      "component_sizes": [
        20
      ],
      "elevated_point_count": 20,
      "elevated_z_offset": 0.015,
      "fallback_reason": null,
      "local_support_point_count": 22,
      "local_support_radius": 0.04,
      "local_support_z_margin": 0.012,
      "min_elevated_points": 12,
      "min_points": 20,
      "num_workspace_points": 59,
      "reason": "component_elevated_xy_with_local_support_z",
      "selected_component_size": 20,
      "selected_component_spread": 0.021814852952957153,
      "selected_component_xy": [
        0.04976571351289749,
        0.046171873807907104
      ],
      "strategy": "workspace_elevated_xy_low_z",
      "support_z": 0.0035626888275146484,
      "support_z_percentile": 10.0,
      "workspace_bounds": {
        "abs_x_max": 0.2,
        "abs_y_max": 0.2,
        "z_max": 0.08,
        "z_min": -0.02
      }
    },
    "grasp_num_points": 20,
    "grasp_world_xyz": [
      0.04976571351289749,
      0.046171873807907104,
      0.0036115050315856934
    ],
    "metadata": {
      "box_bounds_xyxy_exclusive": [
        66,
        77,
        73,
        86
      ],
      "box_center_world_xyz": [
        0.05464126914739609,
        0.04593750089406967,
        0.04327964037656784
      ],
      "camera_frame_conversion": "opencv_to_opengl",
      "center_strategy": "median",
      "extrinsics_source": "sensor_param.base_camera.cam2world_gl",
      "intrinsics_source": "provided"
    },
    "num_points": 59,
    "point_cloud_path": null,
    "segmentation_id": null,
    "world_xyz": [
      0.04723277688026428,
      0.046875,
      0.0037578940391540527
    ]
  }
}