{
  "candidates_3d": [
    {
      "box_area": 99,
      "box_xyxy": [
        56.61209487915039,
        90.54103088378906,
        64.21971130371094,
        100.27238464355469
      ],
      "camera_xyz": [
        -0.032570887356996536,
        0.25574615597724915,
        0.5349727869033813
      ],
      "depth_valid_ratio": 1.0,
      "grasp_camera_xyz": [
        -0.016906671226024628,
        0.27896007895469666,
        0.5410134792327881
      ],
      "grasp_metadata": {
        "applied": true,
        "component_count": 1,
        "component_fallback_reason": null,
        "component_radius": 0.03,
        "component_selection_strategy": "largest_component_then_low_spread",
        "component_sizes": [
          40
        ],
        "elevated_point_count": 40,
        "elevated_z_offset": 0.015,
        "fallback_reason": null,
        "local_support_point_count": 25,
        "local_support_radius": 0.04,
        "local_support_z_margin": 0.012,
        "min_elevated_points": 12,
        "min_points": 20,
        "num_workspace_points": 91,
        "reason": "component_elevated_xy_with_local_support_z",
        "selected_component_size": 40,
        "selected_component_spread": 0.0379154309630394,
        "selected_component_xy": [
          0.1705487072467804,
          -0.032665349543094635
        ],
        "strategy": "workspace_elevated_xy_low_z",
        "support_z": -0.004463016986846924,
        "support_z_percentile": 10.0,
        "workspace_bounds": {
          "abs_x_max": 0.2,
          "abs_y_max": 0.2,
          "z_max": 0.08,
          "z_min": -0.02
        }
      },
      "grasp_num_points": 40,
      "grasp_world_xyz": [
        0.1705487072467804,
        -0.032665349543094635,
        0.0014526844024658203
      ],
      "metadata": {
        "box_bounds_xyxy_exclusive": [
          56,
          90,
          65,
          101
        ],
        "box_center_world_xyz": [
          0.174516960978508,
          -0.031821127980947495,
          0.04837162792682648
        ],
        "camera_frame_conversion": "opencv_to_opengl",
        "center_strategy": "median",
        "extrinsics_source": "sensor_param.base_camera.cam2world_gl",
        "intrinsics_source": "provided"
      },
      "num_points": 99,
      "point_cloud_path": null,
      "segmentation_id": null,
      "world_xyz": [
        0.16975750029087067,
        -0.032570887356996536,
        0.008232414722442627
      ]
    }
  ]
}