{
  "candidates_3d": [
    {
      "box_area": 90,
      "box_xyxy": [
        56.676918029785156,
        81.5947036743164,
        64.26177215576172,
        90.24279022216797
      ],
      "camera_xyz": [
        -0.03564168140292168,
        0.19231131672859192,
        0.5845960378646851
      ],
      "depth_valid_ratio": 1.0,
      "grasp_camera_xyz": [
        -0.02738984301686287,
        0.2282487004995346,
        0.5843166708946228
      ],
      "grasp_metadata": {
        "applied": true,
        "component_count": 1,
        "component_fallback_reason": null,
        "component_radius": 0.03,
        "component_selection_strategy": "largest_component_then_low_spread",
        "component_sizes": [
          33
        ],
        "elevated_point_count": 33,
        "elevated_z_offset": 0.015,
        "fallback_reason": null,
        "local_support_point_count": 24,
        "local_support_radius": 0.04,
        "local_support_z_margin": 0.012,
        "min_elevated_points": 12,
        "min_points": 20,
        "num_workspace_points": 90,
        "reason": "component_elevated_xy_with_local_support_z",
        "selected_component_size": 33,
        "selected_component_spread": 0.026741450652480125,
        "selected_component_xy": [
          0.09370608627796173,
          -0.03500467911362648
        ],
        "strategy": "workspace_elevated_xy_low_z",
        "support_z": -0.002322274027392268,
        "support_z_percentile": 10.0,
        "workspace_bounds": {
          "abs_x_max": 0.2,
          "abs_y_max": 0.2,
          "z_max": 0.08,
          "z_min": -0.02
        }
      },
      "grasp_num_points": 33,
      "grasp_world_xyz": [
        0.09370608627796173,
        -0.03500467911362648,
        0.0019354820251464844
      ],
      "metadata": {
        "box_bounds_xyxy_exclusive": [
          56,
          81,
          65,
          91
        ],
        "box_center_world_xyz": [
          0.10046131908893585,
          -0.03500467911362648,
          0.04238518327474594
        ],
        "camera_frame_conversion": "opencv_to_opengl",
        "center_strategy": "median",
        "extrinsics_source": "sensor_param.base_camera.cam2world_gl",
        "intrinsics_source": "provided"
      },
      "num_points": 90,
      "point_cloud_path": null,
      "segmentation_id": null,
      "world_xyz": [
        0.0923890471458435,
        -0.03564168140292168,
        0.007658481597900391
      ]
    }
  ]
}