{
  "min_xy_distance_from_pick": 0.05,
  "place_query": "green cube",
  "place_target_source": "predicted_place_object",
  "selected": {
    "metadata": {
      "num_candidates": 1,
      "num_close_to_pick_rejected": 0,
      "num_eligible_candidates": 1,
      "num_invalid_candidates": 0,
      "place_pick_xy_distance": 0.10637011379003525,
      "place_query": "green cube",
      "place_target_z": 0.02,
      "raw_semantic_world_xyz": [
        0.0923890471458435,
        -0.03564168140292168,
        0.007658481597900391
      ],
      "selected_candidate_index": 0,
      "selected_clip_score": 0.0,
      "selected_depth_valid_ratio": 1.0,
      "selected_det_score": 0.7498497366905212,
      "selected_fused_2d_score": 0.7498497366905212,
      "selected_grasp_world_xyz": [
        0.09370608627796173,
        -0.03500467911362648,
        0.0019354820251464844
      ],
      "selected_num_points": 90,
      "selected_phrase": "green cube",
      "selected_world_xyz": [
        0.09370608627796173,
        -0.03500467911362648,
        0.019999999552965164
      ],
      "selection_reason": "first_ranked_candidate_far_from_pick"
    },
    "place_xyz": [
      0.09370608627796173,
      -0.03500467911362648,
      0.019999999552965164
    ],
    "source": "predicted_place_object"
  }
}