{
  "query": {
    "attributes": [
      "red"
    ],
    "normalized_prompt": "red cube",
    "raw_query": "red cube",
    "relations": [],
    "synonyms": [
      "cube",
      "block"
    ],
    "target_name": "cube"
  },
  "top_2d_candidate": {
    "box_xyxy": [
      58.56211471557617,
      72.52340698242188,
      63.32920455932617,
      79.0711669921875
    ],
    "clip_score": 0.0,
    "det_score": 0.7497910261154175,
    "fused_2d_score": 0.7497910261154175,
    "image_crop_path": null,
    "metadata": {
      "detector_metadata": {
        "model_id": "IDEA-Research/grounding-dino-tiny"
      },
      "detector_source": "transformers_groundingdino",
      "skip_clip": true
    },
    "phrase": "red cube",
    "rank": 0,
    "source": "detector_only"
  },
  "top_candidate_3d": {
    "box_area": 48,
    "box_xyxy": [
      58.56211471557617,
      72.52340698242188,
      63.32920455932617,
      79.0711669921875
    ],
    "camera_xyz": [
      -0.035595595836639404,
      0.11641451716423035,
      0.6462628841400146
    ],
    "depth_valid_ratio": 1.0,
    "grasp_camera_xyz": [
      -0.040192194283008575,
      0.1406726837158203,
      0.6430751085281372
    ],
    "grasp_metadata": {
      "applied": true,
      "component_count": 1,
      "component_fallback_reason": null,
      "component_radius": 0.03,
      "component_selection_strategy": "largest_component_then_low_spread",
      "component_sizes": [
        25
      ],
      "elevated_point_count": 25,
      "elevated_z_offset": 0.015,
      "fallback_reason": null,
      "local_support_point_count": 10,
      "local_support_radius": 0.04,
      "local_support_z_margin": 0.012,
      "min_elevated_points": 12,
      "min_points": 20,
      "num_workspace_points": 48,
      "reason": "component_elevated_xy_with_local_support_z",
      "selected_component_size": 25,
      "selected_component_spread": 0.030614566057920456,
      "selected_component_xy": [
        -0.0050848424434661865,
        -0.038788385689258575
      ],
      "strategy": "workspace_elevated_xy_low_z",
      "support_z": -0.0031790852081030607,
      "support_z_percentile": 10.0,
      "workspace_bounds": {
        "abs_x_max": 0.2,
        "abs_y_max": 0.2,
        "z_max": 0.08,
        "z_min": -0.02
      }
    },
    "grasp_num_points": 25,
    "grasp_world_xyz": [
      -0.0050848424434661865,
      -0.038788385689258575,
      0.0005701780319213867
    ],
    "metadata": {
      "box_bounds_xyxy_exclusive": [
        58,
        72,
        64,
        80
      ],
      "box_center_world_xyz": [
        0.004339814186096191,
        -0.028976770117878914,
        0.04488293081521988
      ],
      "camera_frame_conversion": "opencv_to_opengl",
      "center_strategy": "median",
      "extrinsics_source": "sensor_param.base_camera.cam2world_gl",
      "intrinsics_source": "provided"
    },
    "num_points": 48,
    "point_cloud_path": null,
    "segmentation_id": null,
    "world_xyz": [
      -0.010621309280395508,
      -0.035595595836639404,
      0.01327592134475708
    ]
  }
}