{
  "query": {
    "attributes": [
      "red"
    ],
    "normalized_prompt": "red cube",
    "raw_query": "red cube",
    "relations": [],
    "synonyms": [
      "cube",
      "block"
    ],
    "target_name": "cube"
  },
  "top_2d_candidate": {
    "box_xyxy": [
      63.5814323425293,
      72.5331802368164,
      70.12178039550781,
      79.10456085205078
    ],
    "clip_score": 0.0,
    "det_score": 0.6688221096992493,
    "fused_2d_score": 0.6688221096992493,
    "image_crop_path": null,
    "metadata": {
      "detector_metadata": {
        "model_id": "IDEA-Research/grounding-dino-tiny"
      },
      "detector_source": "transformers_groundingdino",
      "skip_clip": true
    },
    "phrase": "red cube",
    "rank": 0,
    "source": "detector_only"
  },
  "top_candidate_3d": {
    "box_area": 64,
    "box_xyxy": [
      63.5814323425293,
      72.5331802368164,
      70.12178039550781,
      79.10456085205078
    ],
    "camera_xyz": [
      0.020093750208616257,
      0.11532812565565109,
      0.6499999761581421
    ],
    "depth_valid_ratio": 0.828125,
    "grasp_camera_xyz": [
      0.040562499314546585,
      0.13182812929153442,
      0.6489999890327454
    ],
    "grasp_metadata": {
      "applied": true,
      "component_count": 1,
      "component_fallback_reason": null,
      "component_radius": 0.03,
      "component_selection_strategy": "largest_component_then_low_spread",
      "component_sizes": [
        17
      ],
      "elevated_point_count": 17,
      "elevated_z_offset": 0.015,
      "fallback_reason": null,
      "local_support_point_count": 15,
      "local_support_radius": 0.04,
      "local_support_z_margin": 0.012,
      "min_elevated_points": 12,
      "min_points": 20,
      "num_workspace_points": 53,
      "reason": "component_elevated_xy_with_local_support_z",
      "selected_component_size": 17,
      "selected_component_spread": 0.02384183742105961,
      "selected_component_xy": [
        -0.007532984018325806,
        0.028734374791383743
      ],
      "strategy": "workspace_elevated_xy_low_z",
      "support_z": 0.003603684948757291,
      "support_z_percentile": 10.0,
      "workspace_bounds": {
        "abs_x_max": 0.2,
        "abs_y_max": 0.2,
        "z_max": 0.08,
        "z_min": -0.02
      }
    },
    "grasp_num_points": 17,
    "grasp_world_xyz": [
      -0.007532984018325806,
      0.028734374791383743,
      0.0037578940391540527
    ],
    "metadata": {
      "box_bounds_xyxy_exclusive": [
        63,
        72,
        71,
        80
      ],
      "box_center_world_xyz": [
        0.0034650564193725586,
        0.029062500223517418,
        0.043240584433078766
      ],
      "camera_frame_conversion": "opencv_to_opengl",
      "center_strategy": "median",
      "extrinsics_source": "sensor_param.base_camera.cam2world_gl",
      "intrinsics_source": "provided"
    },
    "num_points": 53,
    "point_cloud_path": null,
    "segmentation_id": null,
    "world_xyz": [
      -0.01685217022895813,
      0.020093750208616257,
      0.003992140293121338
    ]
  }
}