{
  "candidates_3d": [
    {
      "box_area": 64,
      "box_xyxy": [
        75.56497192382812,
        76.40642547607422,
        82.40240478515625,
        83.3852310180664
      ],
      "camera_xyz": [
        0.1392187476158142,
        0.148499995470047,
        0.6169999837875366
      ],
      "depth_valid_ratio": 0.890625,
      "grasp_camera_xyz": [
        0.11812499910593033,
        0.16734375059604645,
        0.6299999952316284
      ],
      "grasp_metadata": {
        "applied": true,
        "component_count": 1,
        "component_fallback_reason": null,
        "component_radius": 0.03,
        "component_selection_strategy": "largest_component_then_low_spread",
        "component_sizes": [
          24
        ],
        "elevated_point_count": 24,
        "elevated_z_offset": 0.015,
        "fallback_reason": null,
        "local_support_point_count": 17,
        "local_support_radius": 0.04,
        "local_support_z_margin": 0.012,
        "min_elevated_points": 12,
        "min_points": 20,
        "num_workspace_points": 57,
        "reason": "component_elevated_xy_with_local_support_z",
        "selected_component_size": 24,
        "selected_component_spread": 0.023797549307346344,
        "selected_component_xy": [
          0.03499263525009155,
          0.136656254529953
        ],
        "strategy": "workspace_elevated_xy_low_z",
        "support_z": 0.0035665868781507015,
        "support_z_percentile": 10.0,
        "workspace_bounds": {
          "abs_x_max": 0.2,
          "abs_y_max": 0.2,
          "z_max": 0.08,
          "z_min": -0.02
        }
      },
      "grasp_num_points": 24,
      "grasp_world_xyz": [
        0.03499263525009155,
        0.136656254529953,
        0.003777444362640381
      ],
      "metadata": {
        "box_bounds_xyxy_exclusive": [
          75,
          76,
          83,
          84
        ],
        "box_center_world_xyz": [
          0.044890157878398895,
          0.1392187476158142,
          0.04339676350355148
        ],
        "camera_frame_conversion": "opencv_to_opengl",
        "center_strategy": "median",
        "extrinsics_source": "sensor_param.base_camera.cam2world_gl",
        "intrinsics_source": "provided"
      },
      "num_points": 57,
      "point_cloud_path": null,
      "segmentation_id": null,
      "world_xyz": [
        0.03499263525009155,
        0.1392187476158142,
        0.004041016101837158
      ]
    }
  ]
}