{
  "candidates_3d": [
    {
      "box_area": 72,
      "box_xyxy": [
        42.53810119628906,
        75.54122924804688,
        49.32749938964844,
        83.29994201660156
      ],
      "camera_xyz": [
        -0.1778450310230255,
        0.1428871750831604,
        0.6237332820892334
      ],
      "depth_valid_ratio": 1.0,
      "grasp_camera_xyz": [
        -0.1589253544807434,
        0.16885818541049957,
        0.6357014179229736
      ],
      "grasp_metadata": {
        "applied": true,
        "component_count": 1,
        "component_fallback_reason": null,
        "component_radius": 0.03,
        "component_selection_strategy": "largest_component_then_low_spread",
        "component_sizes": [
          32
        ],
        "elevated_point_count": 32,
        "elevated_z_offset": 0.015,
        "fallback_reason": null,
        "local_support_point_count": 13,
        "local_support_radius": 0.04,
        "local_support_z_margin": 0.012,
        "min_elevated_points": 12,
        "min_points": 20,
        "num_workspace_points": 52,
        "reason": "component_elevated_xy_with_local_support_z",
        "selected_component_size": 32,
        "selected_component_spread": 0.035315655171871185,
        "selected_component_xy": [
          0.029576271772384644,
          -0.16822175681591034
        ],
        "strategy": "workspace_elevated_xy_low_z",
        "support_z": -0.004170805215835571,
        "support_z_percentile": 10.0,
        "workspace_bounds": {
          "abs_x_max": 0.2,
          "abs_y_max": 0.2,
          "z_max": 0.08,
          "z_min": -0.02
        }
      },
      "grasp_num_points": 32,
      "grasp_world_xyz": [
        0.029576271772384644,
        -0.16822175681591034,
        -0.0010983943939208984
      ],
      "metadata": {
        "box_bounds_xyxy_exclusive": [
          42,
          75,
          50,
          84
        ],
        "box_center_world_xyz": [
          0.03768831491470337,
          -0.16703346371650696,
          0.04929044842720032
        ],
        "camera_frame_conversion": "opencv_to_opengl",
        "center_strategy": "median",
        "extrinsics_source": "sensor_param.base_camera.cam2world_gl",
        "intrinsics_source": "provided"
      },
      "num_points": 72,
      "point_cloud_path": null,
      "segmentation_id": null,
      "world_xyz": [
        0.02838359773159027,
        -0.1778450310230255,
        0.012686818838119507
      ]
    }
  ]
}