{
  "candidates_3d": [
    {
      "box_area": 56,
      "box_xyxy": [
        64.58700561523438,
        81.49992370605469,
        70.33555603027344,
        88.30982971191406
      ],
      "camera_xyz": [
        0.027048666030168533,
        0.18603524565696716,
        0.5853643417358398
      ],
      "depth_valid_ratio": 1.0,
      "grasp_camera_xyz": [
        0.01865013688802719,
        0.2238016426563263,
        0.5968043804168701
      ],
      "grasp_metadata": {
        "applied": true,
        "component_count": 1,
        "component_fallback_reason": null,
        "component_radius": 0.03,
        "component_selection_strategy": "largest_component_then_low_spread",
        "component_sizes": [
          35
        ],
        "elevated_point_count": 35,
        "elevated_z_offset": 0.015,
        "fallback_reason": null,
        "local_support_point_count": 10,
        "local_support_radius": 0.04,
        "local_support_z_margin": 0.012,
        "min_elevated_points": 12,
        "min_points": 20,
        "num_workspace_points": 56,
        "reason": "component_elevated_xy_with_local_support_z",
        "selected_component_size": 35,
        "selected_component_spread": 0.042586419731378555,
        "selected_component_xy": [
          0.08744452893733978,
          0.027184534817934036
        ],
        "strategy": "workspace_elevated_xy_low_z",
        "support_z": -0.005566596984863281,
        "support_z_percentile": 10.0,
        "workspace_bounds": {
          "abs_x_max": 0.2,
          "abs_y_max": 0.2,
          "z_max": 0.08,
          "z_min": -0.02
        }
      },
      "grasp_num_points": 35,
      "grasp_world_xyz": [
        0.08744452893733978,
        0.027184534817934036,
        -0.004148364067077637
      ],
      "metadata": {
        "box_bounds_xyxy_exclusive": [
          64,
          81,
          71,
          89
        ],
        "box_center_world_xyz": [
          0.09707415103912354,
          0.02581508457660675,
          0.05707266926765442
        ],
        "camera_frame_conversion": "opencv_to_opengl",
        "center_strategy": "median",
        "extrinsics_source": "sensor_param.base_camera.cam2world_gl",
        "intrinsics_source": "provided"
      },
      "num_points": 56,
      "point_cloud_path": null,
      "segmentation_id": null,
      "world_xyz": [
        0.0848374217748642,
        0.027048666030168533,
        0.014622271060943604
      ]
    }
  ]
}