{
  "candidates_3d": [
    {
      "box_area": 72,
      "box_xyxy": [
        51.58742904663086,
        72.55313110351562,
        58.2308464050293,
        80.26107788085938
      ],
      "camera_xyz": [
        -0.09667649865150452,
        0.11703572422266006,
        0.6369500756263733
      ],
      "depth_valid_ratio": 1.0,
      "grasp_camera_xyz": [
        -0.11002221703529358,
        0.14002828299999237,
        0.6401292681694031
      ],
      "grasp_metadata": {
        "applied": true,
        "component_count": 1,
        "component_fallback_reason": null,
        "component_radius": 0.03,
        "component_selection_strategy": "largest_component_then_low_spread",
        "component_sizes": [
          23
        ],
        "elevated_point_count": 23,
        "elevated_z_offset": 0.015,
        "fallback_reason": null,
        "local_support_point_count": 20,
        "local_support_radius": 0.04,
        "local_support_z_margin": 0.012,
        "min_elevated_points": 12,
        "min_points": 20,
        "num_workspace_points": 60,
        "reason": "component_elevated_xy_with_local_support_z",
        "selected_component_size": 23,
        "selected_component_spread": 0.02774750255048275,
        "selected_component_xy": [
          0.0007599890232086182,
          -0.09641492366790771
        ],
        "strategy": "workspace_elevated_xy_low_z",
        "support_z": -0.0010407745139673352,
        "support_z_percentile": 10.0,
        "workspace_bounds": {
          "abs_x_max": 0.2,
          "abs_y_max": 0.2,
          "z_max": 0.08,
          "z_min": -0.02
        }
      },
      "grasp_num_points": 23,
      "grasp_world_xyz": [
        0.0007599890232086182,
        -0.09641492366790771,
        0.002012968063354492
      ],
      "metadata": {
        "box_bounds_xyxy_exclusive": [
          51,
          72,
          59,
          81
        ],
        "box_center_world_xyz": [
          0.0025706440210342407,
          -0.08745048195123672,
          0.041561223566532135
        ],
        "camera_frame_conversion": "opencv_to_opengl",
        "center_strategy": "median",
        "extrinsics_source": "sensor_param.base_camera.cam2world_gl",
        "intrinsics_source": "provided"
      },
      "num_points": 72,
      "point_cloud_path": null,
      "segmentation_id": null,
      "world_xyz": [
        0.007580876350402832,
        -0.09667649865150452,
        0.01370653510093689
      ]
    }
  ]
}