{
  "query": {
    "attributes": [
      "red"
    ],
    "normalized_prompt": "red cube",
    "raw_query": "red cube",
    "relations": [],
    "synonyms": [
      "cube",
      "block"
    ],
    "target_name": "cube"
  },
  "top_2d_candidate": {
    "box_xyxy": [
      45.69771957397461,
      80.41548156738281,
      53.34153366088867,
      88.14215087890625
    ],
    "clip_score": 0.0,
    "det_score": 0.617169201374054,
    "fused_2d_score": 0.617169201374054,
    "image_crop_path": null,
    "metadata": {
      "detector_metadata": {
        "model_id": "IDEA-Research/grounding-dino-tiny"
      },
      "detector_source": "transformers_groundingdino",
      "skip_clip": true
    },
    "phrase": "red cube",
    "rank": 0,
    "source": "detector_only"
  },
  "top_candidate_3d": {
    "box_area": 81,
    "box_xyxy": [
      45.69771957397461,
      80.41548156738281,
      53.34153366088867,
      88.14215087890625
    ],
    "camera_xyz": [
      -0.1354687511920929,
      0.17812500894069672,
      0.5929999947547913
    ],
    "depth_valid_ratio": 0.8765432098765432,
    "grasp_camera_xyz": [
      -0.12167187035083771,
      0.2059062421321869,
      0.5989999771118164
    ],
    "grasp_metadata": {
      "applied": true,
      "component_count": 1,
      "component_fallback_reason": null,
      "component_radius": 0.03,
      "component_selection_strategy": "largest_component_then_low_spread",
      "component_sizes": [
        25
      ],
      "elevated_point_count": 25,
      "elevated_z_offset": 0.015,
      "fallback_reason": null,
      "local_support_point_count": 24,
      "local_support_radius": 0.04,
      "local_support_z_margin": 0.012,
      "min_elevated_points": 12,
      "min_points": 20,
      "num_workspace_points": 71,
      "reason": "component_elevated_xy_with_local_support_z",
      "selected_component_size": 25,
      "selected_component_spread": 0.023629674687981606,
      "selected_component_xy": [
        0.07370421290397644,
        -0.13499999046325684
      ],
      "strategy": "workspace_elevated_xy_low_z",
      "support_z": 0.003103911876678467,
      "support_z_percentile": 10.0,
      "workspace_bounds": {
        "abs_x_max": 0.2,
        "abs_y_max": 0.2,
        "z_max": 0.08,
        "z_min": -0.02
      }
    },
    "grasp_num_points": 25,
    "grasp_world_xyz": [
      0.07370421290397644,
      -0.13499999046325684,
      0.0036212801933288574
    ],
    "metadata": {
      "box_bounds_xyxy_exclusive": [
        45,
        80,
        54,
        89
      ],
      "box_center_world_xyz": [
        0.08301608264446259,
        -0.13359375298023224,
        0.043631039559841156
      ],
      "camera_frame_conversion": "opencv_to_opengl",
      "center_strategy": "median",
      "extrinsics_source": "sensor_param.base_camera.cam2world_gl",
      "intrinsics_source": "provided"
    },
    "num_points": 71,
    "point_cloud_path": null,
    "segmentation_id": null,
    "world_xyz": [
      0.07370421290397644,
      -0.1354687511920929,
      0.004041016101837158
    ]
  }
}