{
  "query": {
    "attributes": [
      "red"
    ],
    "normalized_prompt": "red cube",
    "raw_query": "red cube",
    "relations": [],
    "synonyms": [
      "cube",
      "block"
    ],
    "target_name": "cube"
  },
  "top_2d_candidate": {
    "box_xyxy": [
      58.600807189941406,
      75.49441528320312,
      64.33235168457031,
      82.10910034179688
    ],
    "clip_score": 0.0,
    "det_score": 0.7457419037818909,
    "fused_2d_score": 0.7457419037818909,
    "image_crop_path": null,
    "metadata": {
      "detector_metadata": {
        "model_id": "IDEA-Research/grounding-dino-tiny"
      },
      "detector_source": "transformers_groundingdino",
      "skip_clip": true
    },
    "phrase": "red cube",
    "rank": 0,
    "source": "detector_only"
  },
  "top_candidate_3d": {
    "box_area": 56,
    "box_xyxy": [
      58.600807189941406,
      75.49441528320312,
      64.33235168457031,
      82.10910034179688
    ],
    "camera_xyz": [
      -0.02915624901652336,
      0.140625,
      0.6240000128746033
    ],
    "depth_valid_ratio": 0.8571428571428571,
    "grasp_camera_xyz": [
      -0.029249999672174454,
      0.16574999690055847,
      0.6240000128746033
    ],
    "grasp_metadata": {
      "applied": true,
      "component_count": 1,
      "component_fallback_reason": null,
      "component_radius": 0.03,
      "component_selection_strategy": "largest_component_then_low_spread",
      "component_sizes": [
        18
      ],
      "elevated_point_count": 18,
      "elevated_z_offset": 0.015,
      "fallback_reason": null,
      "local_support_point_count": 21,
      "local_support_radius": 0.04,
      "local_support_z_margin": 0.012,
      "min_elevated_points": 12,
      "min_points": 20,
      "num_workspace_points": 48,
      "reason": "component_elevated_xy_with_local_support_z",
      "selected_component_size": 18,
      "selected_component_spread": 0.023035110905766487,
      "selected_component_xy": [
        0.024494856595993042,
        -0.028289062902331352
      ],
      "strategy": "workspace_elevated_xy_low_z",
      "support_z": 0.003103911876678467,
      "support_z_percentile": 10.0,
      "workspace_bounds": {
        "abs_x_max": 0.2,
        "abs_y_max": 0.2,
        "z_max": 0.08,
        "z_min": -0.02
      }
    },
    "grasp_num_points": 18,
    "grasp_world_xyz": [
      0.024494856595993042,
      -0.028289062902331352,
      0.0036017298698425293
    ],
    "metadata": {
      "box_bounds_xyxy_exclusive": [
        58,
        75,
        65,
        83
      ],
      "box_center_world_xyz": [
        0.03499263525009155,
        -0.02812500111758709,
        0.043631017208099365
      ],
      "camera_frame_conversion": "opencv_to_opengl",
      "center_strategy": "median",
      "extrinsics_source": "sensor_param.base_camera.cam2world_gl",
      "intrinsics_source": "provided"
    },
    "num_points": 48,
    "point_cloud_path": null,
    "segmentation_id": null,
    "world_xyz": [
      0.024494856595993042,
      -0.02915624901652336,
      0.004016578197479248
    ]
  }
}