{
  "candidates_3d": [
    {
      "box_area": 49,
      "box_xyxy": [
        50.56991958618164,
        66.48077392578125,
        56.26958084106445,
        72.326171875
      ],
      "camera_xyz": [
        -0.11757504940032959,
        0.052724797278642654,
        0.6943930387496948
      ],
      "depth_valid_ratio": 1.0,
      "grasp_camera_xyz": [
        -0.11978298425674438,
        0.08711490035057068,
        0.6969192028045654
      ],
      "grasp_metadata": {
        "applied": true,
        "component_count": 1,
        "component_fallback_reason": null,
        "component_radius": 0.03,
        "component_selection_strategy": "largest_component_then_low_spread",
        "component_sizes": [
          20
        ],
        "elevated_point_count": 20,
        "elevated_z_offset": 0.015,
        "fallback_reason": null,
        "local_support_point_count": 12,
        "local_support_radius": 0.04,
        "local_support_z_margin": 0.012,
        "min_elevated_points": 12,
        "min_points": 20,
        "num_workspace_points": 49,
        "reason": "component_elevated_xy_with_local_support_z",
        "selected_component_size": 20,
        "selected_component_spread": 0.0251925028860569,
        "selected_component_xy": [
          -0.08000434935092926,
          -0.11626595258712769
        ],
        "strategy": "workspace_elevated_xy_low_z",
        "support_z": 0.001147210830822587,
        "support_z_percentile": 10.0,
        "workspace_bounds": {
          "abs_x_max": 0.2,
          "abs_y_max": 0.2,
          "z_max": 0.08,
          "z_min": -0.02
        }
      },
      "grasp_num_points": 20,
      "grasp_world_xyz": [
        -0.08000434935092926,
        -0.11626595258712769,
        0.005201905965805054
      ],
      "metadata": {
        "box_bounds_xyxy_exclusive": [
          50,
          66,
          57,
          73
        ],
        "box_center_world_xyz": [
          -0.07958727329969406,
          -0.11574020981788635,
          0.04130017012357712
        ],
        "camera_frame_conversion": "opencv_to_opengl",
        "center_strategy": "median",
        "extrinsics_source": "sensor_param.base_camera.cam2world_gl",
        "intrinsics_source": "provided"
      },
      "num_points": 49,
      "point_cloud_path": null,
      "segmentation_id": null,
      "world_xyz": [
        -0.08907780051231384,
        -0.11757504940032959,
        0.010296463966369629
      ]
    }
  ]
}