{
  "candidates_3d": [
    {
      "box_area": 64,
      "box_xyxy": [
        40.640411376953125,
        71.53681945800781,
        47.253204345703125,
        78.24618530273438
      ],
      "camera_xyz": [
        -0.20671874284744263,
        0.10692968964576721,
        0.6570000052452087
      ],
      "depth_valid_ratio": 0.90625,
      "grasp_camera_xyz": [
        -0.18703123927116394,
        0.10830468684434891,
        0.656499981880188
      ],
      "grasp_metadata": {
        "applied": true,
        "component_count": 1,
        "component_fallback_reason": "too_few_elevated_points",
        "component_radius": 0.03,
        "component_selection_strategy": "largest_workspace_component_then_low_spread",
        "component_sizes": [
          24
        ],
        "elevated_point_count": 8,
        "elevated_z_offset": 0.015,
        "fallback_reason": "too_few_elevated_points",
        "local_support_point_count": 0,
        "local_support_radius": 0.04,
        "local_support_z_margin": 0.012,
        "min_elevated_points": 12,
        "min_points": 20,
        "num_workspace_points": 24,
        "reason": "workspace_filter_passed",
        "selected_component_size": 24,
        "selected_component_spread": 0.04293230175971985,
        "selected_component_xy": [
          -0.023435860872268677,
          -0.18703123927116394
        ],
        "strategy": "workspace_elevated_xy_low_z",
        "support_z": 0.0036115050315856934,
        "support_z_percentile": 10.0,
        "workspace_bounds": {
          "abs_x_max": 0.2,
          "abs_y_max": 0.2,
          "z_max": 0.08,
          "z_min": -0.02
        }
      },
      "grasp_num_points": 24,
      "grasp_world_xyz": [
        -0.023435860872268677,
        -0.18703123927116394,
        0.004026323556900024
      ],
      "metadata": {
        "box_bounds_xyxy_exclusive": [
          40,
          71,
          48,
          79
        ],
        "box_center_world_xyz": [
          -0.017342664301395416,
          -0.20218750834465027,
          0.02530989795923233
        ],
        "camera_frame_conversion": "opencv_to_opengl",
        "center_strategy": "median",
        "extrinsics_source": "sensor_param.base_camera.cam2world_gl",
        "intrinsics_source": "provided"
      },
      "num_points": 58,
      "point_cloud_path": null,
      "segmentation_id": null,
      "world_xyz": [
        -0.01920454204082489,
        -0.20671874284744263,
        0.0038847923278808594
      ]
    }
  ]
}