{
  "candidates_3d": [
    {
      "box_area": 56,
      "box_xyxy": [
        51.58230209350586,
        74.49482727050781,
        57.40239334106445,
        81.3038330078125
      ],
      "camera_xyz": [
        -0.09645231068134308,
        0.13033467531204224,
        0.6284527778625488
      ],
      "depth_valid_ratio": 1.0,
      "grasp_camera_xyz": [
        -0.09842530637979507,
        0.1673230230808258,
        0.6299219727516174
      ],
      "grasp_metadata": {
        "applied": true,
        "component_count": 2,
        "component_fallback_reason": null,
        "component_radius": 0.03,
        "component_selection_strategy": "largest_component_then_low_spread",
        "component_sizes": [
          28,
          1
        ],
        "elevated_point_count": 29,
        "elevated_z_offset": 0.015,
        "fallback_reason": null,
        "local_support_point_count": 12,
        "local_support_radius": 0.04,
        "local_support_z_margin": 0.012,
        "min_elevated_points": 12,
        "min_points": 20,
        "num_workspace_points": 54,
        "reason": "component_elevated_xy_with_local_support_z",
        "selected_component_size": 28,
        "selected_component_spread": 0.03503786027431488,
        "selected_component_xy": [
          0.024539589881896973,
          -0.09345625340938568
        ],
        "strategy": "workspace_elevated_xy_low_z",
        "support_z": -0.0019161521922796965,
        "support_z_percentile": 10.0,
        "workspace_bounds": {
          "abs_x_max": 0.2,
          "abs_y_max": 0.2,
          "z_max": 0.08,
          "z_min": -0.02
        }
      },
      "grasp_num_points": 28,
      "grasp_world_xyz": [
        0.024539589881896973,
        -0.09345625340938568,
        0.0033929944038391113
      ],
      "metadata": {
        "box_bounds_xyxy_exclusive": [
          51,
          74,
          58,
          82
        ],
        "box_center_world_xyz": [
          0.023994915187358856,
          -0.09501585364341736,
          0.04205424338579178
        ],
        "camera_frame_conversion": "opencv_to_opengl",
        "center_strategy": "median",
        "extrinsics_source": "sensor_param.base_camera.cam2world_gl",
        "intrinsics_source": "provided"
      },
      "num_points": 56,
      "point_cloud_path": null,
      "segmentation_id": null,
      "world_xyz": [
        0.018319323658943176,
        -0.09645231068134308,
        0.017901867628097534
      ]
    }
  ]
}