{
  "candidates_3d": [
    {
      "box_area": 64,
      "box_xyxy": [
        52.80318832397461,
        75.5416488647461,
        59.31999588012695,
        82.3471450805664
      ],
      "camera_xyz": [
        -0.08387599885463715,
        0.14057016372680664,
        0.624502420425415
      ],
      "depth_valid_ratio": 1.0,
      "grasp_camera_xyz": [
        -0.07783415168523788,
        0.16539756953716278,
        0.6226732134819031
      ],
      "grasp_metadata": {
        "applied": true,
        "component_count": 1,
        "component_fallback_reason": null,
        "component_radius": 0.03,
        "component_selection_strategy": "largest_component_then_low_spread",
        "component_sizes": [
          22
        ],
        "elevated_point_count": 22,
        "elevated_z_offset": 0.015,
        "fallback_reason": null,
        "local_support_point_count": 20,
        "local_support_radius": 0.04,
        "local_support_z_margin": 0.012,
        "min_elevated_points": 12,
        "min_points": 20,
        "num_workspace_points": 58,
        "reason": "component_elevated_xy_with_local_support_z",
        "selected_component_size": 22,
        "selected_component_spread": 0.024008411914110184,
        "selected_component_xy": [
          0.02588215470314026,
          -0.08102685213088989
        ],
        "strategy": "workspace_elevated_xy_low_z",
        "support_z": -0.0005832849419675767,
        "support_z_percentile": 10.0,
        "workspace_bounds": {
          "abs_x_max": 0.2,
          "abs_y_max": 0.2,
          "z_max": 0.08,
          "z_min": -0.02
        }
      },
      "grasp_num_points": 22,
      "grasp_world_xyz": [
        0.02588215470314026,
        -0.08102685213088989,
        0.004107028245925903
      ],
      "metadata": {
        "box_bounds_xyxy_exclusive": [
          52,
          75,
          60,
          83
        ],
        "box_center_world_xyz": [
          0.038292862474918365,
          -0.07406599819660187,
          0.05055968463420868
        ],
        "camera_frame_conversion": "opencv_to_opengl",
        "center_strategy": "median",
        "extrinsics_source": "sensor_param.base_camera.cam2world_gl",
        "intrinsics_source": "provided"
      },
      "num_points": 64,
      "point_cloud_path": null,
      "segmentation_id": null,
      "world_xyz": [
        0.029080182313919067,
        -0.08387599885463715,
        0.010256171226501465
      ]
    }
  ]
}