{
  "candidates_3d": [
    {
      "box_area": 63,
      "box_xyxy": [
        71.53577423095703,
        80.58479309082031,
        77.36528778076172,
        88.324462890625
      ],
      "camera_xyz": [
        0.09009963274002075,
        0.18194811046123505,
        0.5886566638946533
      ],
      "depth_valid_ratio": 1.0,
      "grasp_camera_xyz": [
        0.08491767197847366,
        0.21701182425022125,
        0.603859007358551
      ],
      "grasp_metadata": {
        "applied": true,
        "component_count": 1,
        "component_fallback_reason": null,
        "component_radius": 0.03,
        "component_selection_strategy": "largest_component_then_low_spread",
        "component_sizes": [
          37
        ],
        "elevated_point_count": 37,
        "elevated_z_offset": 0.015,
        "fallback_reason": null,
        "local_support_point_count": 10,
        "local_support_radius": 0.04,
        "local_support_z_margin": 0.012,
        "min_elevated_points": 12,
        "min_points": 20,
        "num_workspace_points": 63,
        "reason": "component_elevated_xy_with_local_support_z",
        "selected_component_size": 37,
        "selected_component_spread": 0.0353480726480484,
        "selected_component_xy": [
          0.07817544043064117,
          0.08656211197376251
        ],
        "strategy": "workspace_elevated_xy_low_z",
        "support_z": -0.007031762506812811,
        "support_z_percentile": 10.0,
        "workspace_bounds": {
          "abs_x_max": 0.2,
          "abs_y_max": 0.2,
          "z_max": 0.08,
          "z_min": -0.02
        }
      },
      "grasp_num_points": 37,
      "grasp_world_xyz": [
        0.07817544043064117,
        0.08656211197376251,
        -0.000310361385345459
      ],
      "metadata": {
        "box_bounds_xyxy_exclusive": [
          71,
          80,
          78,
          89
        ],
        "box_center_world_xyz": [
          0.08048932254314423,
          0.09009963274002075,
          0.03715211898088455
        ],
        "camera_frame_conversion": "opencv_to_opengl",
        "center_strategy": "median",
        "extrinsics_source": "sensor_param.base_camera.cam2world_gl",
        "intrinsics_source": "provided"
      },
      "num_points": 63,
      "point_cloud_path": null,
      "segmentation_id": null,
      "world_xyz": [
        0.07674567401409149,
        0.09009963274002075,
        0.011826157569885254
      ]
    }
  ]
}