{
  "candidates_3d": [
    {
      "box_area": 42,
      "box_xyxy": [
        70.48856353759766,
        70.43830871582031,
        75.37435150146484,
        76.36058044433594
      ],
      "camera_xyz": [
        0.08965812623500824,
        0.09195689111948013,
        0.6589772701263428
      ],
      "depth_valid_ratio": 1.0,
      "grasp_camera_xyz": [
        0.07226397097110748,
        0.11355766654014587,
        0.6606991291046143
      ],
      "grasp_metadata": {
        "applied": true,
        "component_count": 1,
        "component_fallback_reason": null,
        "component_radius": 0.03,
        "component_selection_strategy": "largest_component_then_low_spread",
        "component_sizes": [
          23
        ],
        "elevated_point_count": 23,
        "elevated_z_offset": 0.015,
        "fallback_reason": null,
        "local_support_point_count": 8,
        "local_support_radius": 0.04,
        "local_support_z_margin": 0.012,
        "min_elevated_points": 12,
        "min_points": 20,
        "num_workspace_points": 42,
        "reason": "component_elevated_xy_with_local_support_z",
        "selected_component_size": 23,
        "selected_component_spread": 0.025600260123610497,
        "selected_component_xy": [
          -0.03290146589279175,
          0.08144459128379822
        ],
        "strategy": "workspace_elevated_xy_low_z",
        "support_z": -0.001326495548710227,
        "support_z_percentile": 10.0,
        "workspace_bounds": {
          "abs_x_max": 0.2,
          "abs_y_max": 0.2,
          "z_max": 0.08,
          "z_min": -0.02
        }
      },
      "grasp_num_points": 23,
      "grasp_world_xyz": [
        -0.03290146589279175,
        0.08144459128379822,
        0.006580621004104614
      ],
      "metadata": {
        "box_bounds_xyxy_exclusive": [
          70,
          70,
          76,
          77
        ],
        "box_center_world_xyz": [
          -0.029582783579826355,
          0.09001533687114716,
          0.04392670467495918
        ],
        "camera_frame_conversion": "opencv_to_opengl",
        "center_strategy": "median",
        "extrinsics_source": "sensor_param.base_camera.cam2world_gl",
        "intrinsics_source": "provided"
      },
      "num_points": 42,
      "point_cloud_path": null,
      "segmentation_id": null,
      "world_xyz": [
        -0.041271016001701355,
        0.08965812623500824,
        0.017291128635406494
      ]
    }
  ]
}