{
  "min_xy_distance_from_pick": 0.05,
  "place_query": "green cube",
  "place_target_source": "predicted_place_object",
  "selected": {
    "metadata": {
      "num_candidates": 1,
      "num_close_to_pick_rejected": 0,
      "num_eligible_candidates": 1,
      "num_invalid_candidates": 0,
      "place_pick_xy_distance": 0.1783558428287506,
      "place_query": "green cube",
      "place_target_z": 0.02,
      "raw_semantic_world_xyz": [
        -0.041271016001701355,
        0.08965812623500824,
        0.017291128635406494
      ],
      "selected_candidate_index": 0,
      "selected_clip_score": 0.0,
      "selected_depth_valid_ratio": 1.0,
      "selected_det_score": 0.7018241286277771,
      "selected_fused_2d_score": 0.7018241286277771,
      "selected_grasp_world_xyz": [
        -0.03290146589279175,
        0.08144459128379822,
        0.006580621004104614
      ],
      "selected_num_points": 42,
      "selected_phrase": "green cube",
      "selected_world_xyz": [
        -0.03290146589279175,
        0.08144459128379822,
        0.019999999552965164
      ],
      "selection_reason": "first_ranked_candidate_far_from_pick"
    },
    "place_xyz": [
      -0.03290146589279175,
      0.08144459128379822,
      0.019999999552965164
    ],
    "source": "predicted_place_object"
  }
}