{
  "candidates_3d": [
    {
      "box_area": 56,
      "box_xyxy": [
        67.51039123535156,
        75.46255493164062,
        73.40594482421875,
        82.19100952148438
      ],
      "camera_xyz": [
        0.05777078866958618,
        0.14029505848884583,
        0.6280403733253479
      ],
      "depth_valid_ratio": 1.0,
      "grasp_camera_xyz": [
        0.04916601628065109,
        0.16716445982456207,
        0.6293250322341919
      ],
      "grasp_metadata": {
        "applied": true,
        "component_count": 1,
        "component_fallback_reason": null,
        "component_radius": 0.03,
        "component_selection_strategy": "largest_component_then_low_spread",
        "component_sizes": [
          23
        ],
        "elevated_point_count": 23,
        "elevated_z_offset": 0.015,
        "fallback_reason": null,
        "local_support_point_count": 18,
        "local_support_radius": 0.04,
        "local_support_z_margin": 0.012,
        "min_elevated_points": 12,
        "min_points": 20,
        "num_workspace_points": 56,
        "reason": "component_elevated_xy_with_local_support_z",
        "selected_component_size": 23,
        "selected_component_spread": 0.02254050225019455,
        "selected_component_xy": [
          0.02511700987815857,
          0.05767020955681801
        ],
        "strategy": "workspace_elevated_xy_low_z",
        "support_z": -0.0031646788120269775,
        "support_z_percentile": 10.0,
        "workspace_bounds": {
          "abs_x_max": 0.2,
          "abs_y_max": 0.2,
          "z_max": 0.08,
          "z_min": -0.02
        }
      },
      "grasp_num_points": 23,
      "grasp_world_xyz": [
        0.02511700987815857,
        0.05767020955681801,
        0.003010660409927368
      ],
      "metadata": {
        "box_bounds_xyxy_exclusive": [
          67,
          75,
          74,
          83
        ],
        "box_center_world_xyz": [
          0.03535030782222748,
          0.056174084544181824,
          0.04438188672065735
        ],
        "camera_frame_conversion": "opencv_to_opengl",
        "center_strategy": "median",
        "extrinsics_source": "sensor_param.base_camera.cam2world_gl",
        "intrinsics_source": "provided"
      },
      "num_points": 56,
      "point_cloud_path": null,
      "segmentation_id": null,
      "world_xyz": [
        0.02371007204055786,
        0.05777078866958618,
        0.00773245096206665
      ]
    }
  ]
}