{
  "query": {
    "attributes": [
      "red"
    ],
    "normalized_prompt": "red cube",
    "raw_query": "red cube",
    "relations": [],
    "synonyms": [
      "cube",
      "block"
    ],
    "target_name": "cube"
  },
  "top_2d_candidate": {
    "box_xyxy": [
      60.57545471191406,
      73.54521942138672,
      65.37013244628906,
      80.09854888916016
    ],
    "clip_score": 0.0,
    "det_score": 0.68297278881073,
    "fused_2d_score": 0.68297278881073,
    "image_crop_path": null,
    "metadata": {
      "detector_metadata": {
        "model_id": "IDEA-Research/grounding-dino-tiny"
      },
      "detector_source": "transformers_groundingdino",
      "skip_clip": true
    },
    "phrase": "red cube",
    "rank": 0,
    "source": "detector_only"
  },
  "top_candidate_3d": {
    "box_area": 48,
    "box_xyxy": [
      60.57545471191406,
      73.54521942138672,
      65.37013244628906,
      80.09854888916016
    ],
    "camera_xyz": [
      -0.01926562562584877,
      0.12450780719518661,
      0.6359999775886536
    ],
    "depth_valid_ratio": 0.7916666666666666,
    "grasp_camera_xyz": [
      -0.020093750208616257,
      0.15070313215255737,
      0.6430000066757202
    ],
    "grasp_metadata": {
      "applied": true,
      "component_count": 1,
      "component_fallback_reason": null,
      "component_radius": 0.03,
      "component_selection_strategy": "largest_component_then_low_spread",
      "component_sizes": [
        17
      ],
      "elevated_point_count": 17,
      "elevated_z_offset": 0.015,
      "fallback_reason": null,
      "local_support_point_count": 15,
      "local_support_radius": 0.04,
      "local_support_z_margin": 0.012,
      "min_elevated_points": 12,
      "min_points": 20,
      "num_workspace_points": 38,
      "reason": "component_elevated_xy_with_local_support_z",
      "selected_component_size": 17,
      "selected_component_spread": 0.023770079016685486,
      "selected_component_xy": [
        0.0034650564193725586,
        -0.01915624924004078
      ],
      "strategy": "workspace_elevated_xy_low_z",
      "support_z": 0.003693491220474243,
      "support_z_percentile": 10.0,
      "workspace_bounds": {
        "abs_x_max": 0.2,
        "abs_y_max": 0.2,
        "z_max": 0.08,
        "z_min": -0.02
      }
    },
    "grasp_num_points": 17,
    "grasp_world_xyz": [
      0.0034650564193725586,
      -0.01915624924004078,
      0.0037578940391540527
    ],
    "metadata": {
      "box_bounds_xyxy_exclusive": [
        60,
        73,
        66,
        81
      ],
      "box_center_world_xyz": [
        0.014292314648628235,
        -0.00957812462002039,
        0.043543197214603424
      ],
      "camera_frame_conversion": "opencv_to_opengl",
      "center_strategy": "median",
      "extrinsics_source": "sensor_param.base_camera.cam2world_gl",
      "intrinsics_source": "provided"
    },
    "num_points": 38,
    "point_cloud_path": null,
    "segmentation_id": null,
    "world_xyz": [
      0.0034650564193725586,
      -0.01926562562584877,
      0.004060506820678711
    ]
  }
}