{
  "candidates_3d": [
    {
      "box_area": 63,
      "box_xyxy": [
        45.47164535522461,
        73.55793762207031,
        51.36338424682617,
        81.27505493164062
      ],
      "camera_xyz": [
        -0.15712499618530273,
        0.12461718916893005,
        0.6359999775886536
      ],
      "depth_valid_ratio": 0.8571428571428571,
      "grasp_camera_xyz": [
        -0.14882811903953552,
        0.14882811903953552,
        0.6349999904632568
      ],
      "grasp_metadata": {
        "applied": true,
        "component_count": 1,
        "component_fallback_reason": null,
        "component_radius": 0.03,
        "component_selection_strategy": "largest_component_then_low_spread",
        "component_sizes": [
          16
        ],
        "elevated_point_count": 16,
        "elevated_z_offset": 0.015,
        "fallback_reason": null,
        "local_support_point_count": 22,
        "local_support_radius": 0.04,
        "local_support_z_margin": 0.012,
        "min_elevated_points": 12,
        "min_points": 20,
        "num_workspace_points": 52,
        "reason": "component_elevated_xy_with_local_support_z",
        "selected_component_size": 16,
        "selected_component_spread": 0.020890865474939346,
        "selected_component_xy": [
          0.008645638823509216,
          -0.15587499737739563
        ],
        "strategy": "workspace_elevated_xy_low_z",
        "support_z": 0.0035138726234436035,
        "support_z_percentile": 10.0,
        "workspace_bounds": {
          "abs_x_max": 0.2,
          "abs_y_max": 0.2,
          "z_max": 0.08,
          "z_min": -0.02
        }
      },
      "grasp_num_points": 16,
      "grasp_world_xyz": [
        0.008645638823509216,
        -0.15587499737739563,
        0.0037578940391540527
      ],
      "metadata": {
        "box_bounds_xyxy_exclusive": [
          45,
          73,
          52,
          82
        ],
        "box_center_world_xyz": [
          0.014292314648628235,
          -0.15324999392032623,
          0.043543197214603424
        ],
        "camera_frame_conversion": "opencv_to_opengl",
        "center_strategy": "median",
        "extrinsics_source": "sensor_param.base_camera.cam2world_gl",
        "intrinsics_source": "provided"
      },
      "num_points": 54,
      "point_cloud_path": null,
      "segmentation_id": null,
      "world_xyz": [
        0.004221528768539429,
        -0.15712499618530273,
        0.004041016101837158
      ]
    }
  ]
}