{
  "candidates_3d": [
    {
      "box_area": 90,
      "box_xyxy": [
        52.72655487060547,
        81.64512634277344,
        60.225425720214844,
        90.26615905761719
      ],
      "camera_xyz": [
        -0.07206249982118607,
        0.1938749998807907,
        0.5820000171661377
      ],
      "depth_valid_ratio": 0.7777777777777778,
      "grasp_camera_xyz": [
        -0.06365625560283661,
        0.21825000643730164,
        0.5820000171661377
      ],
      "grasp_metadata": {
        "applied": true,
        "component_count": 1,
        "component_fallback_reason": null,
        "component_radius": 0.03,
        "component_selection_strategy": "largest_component_then_low_spread",
        "component_sizes": [
          21
        ],
        "elevated_point_count": 21,
        "elevated_z_offset": 0.015,
        "fallback_reason": null,
        "local_support_point_count": 23,
        "local_support_radius": 0.04,
        "local_support_z_margin": 0.012,
        "min_elevated_points": 12,
        "min_points": 20,
        "num_workspace_points": 70,
        "reason": "component_elevated_xy_with_local_support_z",
        "selected_component_size": 21,
        "selected_component_spread": 0.0209957342594862,
        "selected_component_xy": [
          0.09181305766105652,
          -0.0703750029206276
        ],
        "strategy": "workspace_elevated_xy_low_z",
        "support_z": 0.003006279468536377,
        "support_z_percentile": 10.0,
        "workspace_bounds": {
          "abs_x_max": 0.2,
          "abs_y_max": 0.2,
          "z_max": 0.08,
          "z_min": -0.02
        }
      },
      "grasp_num_points": 21,
      "grasp_world_xyz": [
        0.09181305766105652,
        -0.0703750029206276,
        0.0035138726234436035
      ],
      "metadata": {
        "box_bounds_xyxy_exclusive": [
          52,
          81,
          61,
          91
        ],
        "box_center_world_xyz": [
          0.10084429383277893,
          -0.06987500190734863,
          0.04345531761646271
        ],
        "camera_frame_conversion": "opencv_to_opengl",
        "center_strategy": "median",
        "extrinsics_source": "sensor_param.base_camera.cam2world_gl",
        "intrinsics_source": "provided"
      },
      "num_points": 70,
      "point_cloud_path": null,
      "segmentation_id": null,
      "world_xyz": [
        0.09181305766105652,
        -0.07206249982118607,
        0.0036115050315856934
      ]
    }
  ]
}