{
  "query": {
    "attributes": [
      "red"
    ],
    "normalized_prompt": "red cube",
    "raw_query": "red cube",
    "relations": [],
    "synonyms": [
      "cube",
      "block"
    ],
    "target_name": "cube"
  },
  "top_2d_candidate": {
    "box_xyxy": [
      81.89643096923828,
      79.51764678955078,
      89.10648345947266,
      88.09009552001953
    ],
    "clip_score": 0.0,
    "det_score": 0.46126410365104675,
    "fused_2d_score": 0.46126410365104675,
    "image_crop_path": null,
    "metadata": {
      "detector_metadata": {
        "model_id": "IDEA-Research/grounding-dino-tiny"
      },
      "detector_source": "transformers_groundingdino",
      "skip_clip": true
    },
    "phrase": "red cube",
    "rank": 0,
    "source": "detector_only"
  },
  "top_candidate_3d": {
    "box_area": 90,
    "box_xyxy": [
      81.89643096923828,
      79.51764678955078,
      89.10648345947266,
      88.09009552001953
    ],
    "camera_xyz": [
      0.19293749332427979,
      0.18317186832427979,
      0.5929999947547913
    ],
    "depth_valid_ratio": 0.7888888888888889,
    "grasp_camera_xyz": [
      0.1850000023841858,
      0.20350000262260437,
      0.5920000076293945
    ],
    "grasp_metadata": {
      "applied": true,
      "component_count": 1,
      "component_fallback_reason": null,
      "component_radius": 0.03,
      "component_selection_strategy": "largest_component_then_low_spread",
      "component_sizes": [
        25
      ],
      "elevated_point_count": 25,
      "elevated_z_offset": 0.015,
      "fallback_reason": null,
      "local_support_point_count": 10,
      "local_support_radius": 0.04,
      "local_support_z_margin": 0.012,
      "min_elevated_points": 12,
      "min_points": 20,
      "num_workspace_points": 41,
      "reason": "component_elevated_xy_with_local_support_z",
      "selected_component_size": 25,
      "selected_component_spread": 0.041992634534835815,
      "selected_component_xy": [
        0.08301608264446259,
        0.18187500536441803
      ],
      "strategy": "workspace_elevated_xy_low_z",
      "support_z": 0.0035626888275146484,
      "support_z_percentile": 10.0,
      "workspace_bounds": {
        "abs_x_max": 0.2,
        "abs_y_max": 0.2,
        "z_max": 0.08,
        "z_min": -0.02
      }
    },
    "grasp_num_points": 25,
    "grasp_world_xyz": [
      0.08301608264446259,
      0.18187500536441803,
      0.003704249858856201
    ],
    "metadata": {
      "box_bounds_xyxy_exclusive": [
        81,
        79,
        90,
        89
      ],
      "box_center_world_xyz": [
        0.08301608264446259,
        0.18703125417232513,
        0.043631039559841156
      ],
      "camera_frame_conversion": "opencv_to_opengl",
      "center_strategy": "median",
      "extrinsics_source": "sensor_param.base_camera.cam2world_gl",
      "intrinsics_source": "provided"
    },
    "num_points": 71,
    "point_cloud_path": null,
    "segmentation_id": null,
    "world_xyz": [
      0.07370421290397644,
      0.19293749332427979,
      0.004041016101837158
    ]
  }
}