{
  "candidates_3d": [
    {
      "box_area": 54,
      "box_xyxy": [
        72.66597747802734,
        69.31575775146484,
        77.34395599365234,
        77.2442398071289
      ],
      "camera_xyz": [
        0.10963575541973114,
        0.0812460333108902,
        0.6554145812988281
      ],
      "depth_valid_ratio": 1.0,
      "grasp_camera_xyz": [
        0.10451748222112656,
        0.1254209727048874,
        0.668911874294281
      ],
      "grasp_metadata": {
        "applied": true,
        "component_count": 1,
        "component_fallback_reason": null,
        "component_radius": 0.03,
        "component_selection_strategy": "largest_component_then_low_spread",
        "component_sizes": [
          14
        ],
        "elevated_point_count": 14,
        "elevated_z_offset": 0.015,
        "fallback_reason": null,
        "local_support_point_count": 14,
        "local_support_radius": 0.04,
        "local_support_z_margin": 0.012,
        "min_elevated_points": 12,
        "min_points": 20,
        "num_workspace_points": 41,
        "reason": "component_elevated_xy_with_local_support_z",
        "selected_component_size": 14,
        "selected_component_spread": 0.02081204764544964,
        "selected_component_xy": [
          -0.03412030637264252,
          0.10340188443660736
        ],
        "strategy": "workspace_elevated_xy_low_z",
        "support_z": 0.0009496212005615234,
        "support_z_percentile": 10.0,
        "workspace_bounds": {
          "abs_x_max": 0.2,
          "abs_y_max": 0.2,
          "z_max": 0.08,
          "z_min": -0.02
        }
      },
      "grasp_num_points": 14,
      "grasp_world_xyz": [
        -0.03412030637264252,
        0.10340188443660736,
        0.00499764084815979
      ],
      "metadata": {
        "box_bounds_xyxy_exclusive": [
          72,
          69,
          78,
          78
        ],
        "box_center_world_xyz": [
          -0.03225758671760559,
          0.11091163009405136,
          0.03941373527050018
        ],
        "camera_frame_conversion": "opencv_to_opengl",
        "center_strategy": "median",
        "extrinsics_source": "sensor_param.base_camera.cam2world_gl",
        "intrinsics_source": "provided"
      },
      "num_points": 54,
      "point_cloud_path": null,
      "segmentation_id": null,
      "world_xyz": [
        -0.02138042449951172,
        0.10963575541973114,
        0.01630231738090515
      ]
    }
  ]
}