{
  "candidates_3d": [
    {
      "box_area": 56,
      "box_xyxy": [
        47.4697380065918,
        88.41673278808594,
        53.403011322021484,
        95.21609497070312
      ],
      "camera_xyz": [
        -0.11823436617851257,
        0.2344062626361847,
        0.5429999828338623
      ],
      "depth_valid_ratio": 0.8571428571428571,
      "grasp_camera_xyz": [
        -0.12053124606609344,
        0.26689061522483826,
        0.5509999990463257
      ],
      "grasp_metadata": {
        "applied": true,
        "component_count": 1,
        "component_fallback_reason": null,
        "component_radius": 0.03,
        "component_selection_strategy": "largest_component_then_low_spread",
        "component_sizes": [
          27
        ],
        "elevated_point_count": 27,
        "elevated_z_offset": 0.015,
        "fallback_reason": null,
        "local_support_point_count": 14,
        "local_support_radius": 0.04,
        "local_support_z_margin": 0.012,
        "min_elevated_points": 12,
        "min_points": 20,
        "num_workspace_points": 48,
        "reason": "component_elevated_xy_with_local_support_z",
        "selected_component_size": 27,
        "selected_component_spread": 0.02550864964723587,
        "selected_component_xy": [
          0.15054170787334442,
          -0.11659374833106995
        ],
        "strategy": "workspace_elevated_xy_low_z",
        "support_z": 0.0030161142349243164,
        "support_z_percentile": 10.0,
        "workspace_bounds": {
          "abs_x_max": 0.2,
          "abs_y_max": 0.2,
          "z_max": 0.08,
          "z_min": -0.02
        }
      },
      "grasp_num_points": 27,
      "grasp_world_xyz": [
        0.15054170787334442,
        -0.11659374833106995,
        0.0030209720134735107
      ],
      "metadata": {
        "box_bounds_xyxy_exclusive": [
          47,
          88,
          54,
          96
        ],
        "box_center_world_xyz": [
          0.15054170787334442,
          -0.11550000309944153,
          0.043396756052970886
        ],
        "camera_frame_conversion": "opencv_to_opengl",
        "center_strategy": "median",
        "extrinsics_source": "sensor_param.base_camera.cam2world_gl",
        "intrinsics_source": "provided"
      },
      "num_points": 48,
      "point_cloud_path": null,
      "segmentation_id": null,
      "world_xyz": [
        0.1426232010126114,
        -0.11823436617851257,
        0.03255242109298706
      ]
    }
  ]
}