{
  "query": {
    "attributes": [
      "red"
    ],
    "normalized_prompt": "red cube",
    "raw_query": "red cube",
    "relations": [],
    "synonyms": [
      "cube",
      "block"
    ],
    "target_name": "cube"
  },
  "top_2d_candidate": {
    "box_xyxy": [
      58.47486877441406,
      89.4886474609375,
      65.31193542480469,
      97.18663024902344
    ],
    "clip_score": 0.0,
    "det_score": 0.676172137260437,
    "fused_2d_score": 0.676172137260437,
    "image_crop_path": null,
    "metadata": {
      "detector_metadata": {
        "model_id": "IDEA-Research/grounding-dino-tiny"
      },
      "detector_source": "transformers_groundingdino",
      "skip_clip": true
    },
    "phrase": "red cube",
    "rank": 0,
    "source": "detector_only"
  },
  "top_candidate_3d": {
    "box_area": 72,
    "box_xyxy": [
      58.47486877441406,
      89.4886474609375,
      65.31193542480469,
      97.18663024902344
    ],
    "camera_xyz": [
      -0.024328123778104782,
      0.24089062213897705,
      0.5410000085830688
    ],
    "depth_valid_ratio": 0.7916666666666666,
    "grasp_camera_xyz": [
      -0.0338749997317791,
      0.2709999978542328,
      0.5419999957084656
    ],
    "grasp_metadata": {
      "applied": true,
      "component_count": 1,
      "component_fallback_reason": null,
      "component_radius": 0.03,
      "component_selection_strategy": "largest_component_then_low_spread",
      "component_sizes": [
        27
      ],
      "elevated_point_count": 27,
      "elevated_z_offset": 0.015,
      "fallback_reason": null,
      "local_support_point_count": 19,
      "local_support_radius": 0.04,
      "local_support_z_margin": 0.012,
      "min_elevated_points": 12,
      "min_points": 20,
      "num_workspace_points": 57,
      "reason": "component_elevated_xy_with_local_support_z",
      "selected_component_size": 27,
      "selected_component_spread": 0.02592511475086212,
      "selected_component_xy": [
        0.15833818912506104,
        -0.024328123778104782
      ],
      "strategy": "workspace_elevated_xy_low_z",
      "support_z": 0.0030161142349243164,
      "support_z_percentile": 10.0,
      "workspace_bounds": {
        "abs_x_max": 0.2,
        "abs_y_max": 0.2,
        "z_max": 0.08,
        "z_min": -0.02
      }
    },
    "grasp_num_points": 27,
    "grasp_world_xyz": [
      0.15833818912506104,
      -0.024328123778104782,
      0.003133237361907959
    ],
    "metadata": {
      "box_bounds_xyxy_exclusive": [
        58,
        89,
        66,
        98
      ],
      "box_center_world_xyz": [
        0.15833817422389984,
        -0.016343750059604645,
        0.043562695384025574
      ],
      "camera_frame_conversion": "opencv_to_opengl",
      "center_strategy": "median",
      "extrinsics_source": "sensor_param.base_camera.cam2world_gl",
      "intrinsics_source": "provided"
    },
    "num_points": 57,
    "point_cloud_path": null,
    "segmentation_id": null,
    "world_xyz": [
      0.15054170787334442,
      -0.024328123778104782,
      0.00364077091217041
    ]
  }
}