{
  "candidates_3d": [
    {
      "box_area": 2541,
      "box_xyxy": [
        51.98655700683594,
        0.0,
        83.33816528320312,
        76.44297790527344
      ],
      "camera_xyz": [
        0.02081465907394886,
        -0.16709811985492706,
        0.670405387878418
      ],
      "depth_valid_ratio": 1.0,
      "grasp_camera_xyz": [
        0.09955361485481262,
        0.0774305909872055,
        0.7079368233680725
      ],
      "grasp_metadata": {
        "applied": true,
        "component_count": 1,
        "component_fallback_reason": null,
        "component_radius": 0.03,
        "component_selection_strategy": "largest_component_then_low_spread",
        "component_sizes": [
          19
        ],
        "elevated_point_count": 19,
        "elevated_z_offset": 0.015,
        "fallback_reason": null,
        "local_support_point_count": 19,
        "local_support_radius": 0.04,
        "local_support_z_margin": 0.012,
        "min_elevated_points": 12,
        "min_points": 20,
        "num_workspace_points": 316,
        "reason": "component_elevated_xy_with_local_support_z",
        "selected_component_size": 19,
        "selected_component_spread": 0.02233622409403324,
        "selected_component_xy": [
          -0.08874288201332092,
          0.1059403270483017
        ],
        "strategy": "workspace_elevated_xy_low_z",
        "support_z": -0.001057744026184082,
        "support_z_percentile": 10.0,
        "workspace_bounds": {
          "abs_x_max": 0.2,
          "abs_y_max": 0.2,
          "z_max": 0.08,
          "z_min": -0.02
        }
      },
      "grasp_num_points": 19,
      "grasp_world_xyz": [
        -0.08874288201332092,
        0.1059403270483017,
        0.004650294780731201
      ],
      "metadata": {
        "box_bounds_xyxy_exclusive": [
          51,
          0,
          84,
          77
        ],
        "box_center_world_xyz": [
          0.016464099287986755,
          0.014110226184129715,
          0.4413374364376068
        ],
        "camera_frame_conversion": "opencv_to_opengl",
        "center_strategy": "median",
        "extrinsics_source": "sensor_param.base_camera.cam2world_gl",
        "intrinsics_source": "provided"
      },
      "num_points": 2541,
      "point_cloud_path": null,
      "segmentation_id": null,
      "world_xyz": [
        -0.17541304230690002,
        0.02081465907394886,
        0.3034403622150421
      ]
    }
  ]
}