{
  "candidates_3d": [
    {
      "box_area": 56,
      "box_xyxy": [
        41.63493347167969,
        73.62245178222656,
        47.298851013183594,
        80.35722351074219
      ],
      "camera_xyz": [
        -0.19761773943901062,
        0.12348967790603638,
        0.6366344690322876
      ],
      "depth_valid_ratio": 1.0,
      "grasp_camera_xyz": [
        -0.17874771356582642,
        0.14895641803741455,
        0.635547399520874
      ],
      "grasp_metadata": {
        "applied": true,
        "component_count": 1,
        "component_fallback_reason": null,
        "component_radius": 0.03,
        "component_selection_strategy": "largest_component_then_low_spread",
        "component_sizes": [
          15
        ],
        "elevated_point_count": 15,
        "elevated_z_offset": 0.015,
        "fallback_reason": null,
        "local_support_point_count": 8,
        "local_support_radius": 0.04,
        "local_support_z_margin": 0.012,
        "min_elevated_points": 12,
        "min_points": 20,
        "num_workspace_points": 29,
        "reason": "component_elevated_xy_with_local_support_z",
        "selected_component_size": 15,
        "selected_component_spread": 0.020111771300435066,
        "selected_component_xy": [
          0.0076340436935424805,
          -0.18365903198719025
        ],
        "strategy": "workspace_elevated_xy_low_z",
        "support_z": 0.0014203429454937577,
        "support_z_percentile": 10.0,
        "workspace_bounds": {
          "abs_x_max": 0.2,
          "abs_y_max": 0.2,
          "z_max": 0.08,
          "z_min": -0.02
        }
      },
      "grasp_num_points": 15,
      "grasp_world_xyz": [
        0.0076340436935424805,
        -0.18365903198719025,
        0.005270212888717651
      ],
      "metadata": {
        "box_bounds_xyxy_exclusive": [
          41,
          73,
          48,
          81
        ],
        "box_center_world_xyz": [
          0.01710052788257599,
          -0.18967963755130768,
          0.049012571573257446
        ],
        "camera_frame_conversion": "opencv_to_opengl",
        "center_strategy": "median",
        "extrinsics_source": "sensor_param.base_camera.cam2world_gl",
        "intrinsics_source": "provided"
      },
      "num_points": 56,
      "point_cloud_path": null,
      "segmentation_id": null,
      "world_xyz": [
        0.0036823302507400513,
        -0.19761773943901062,
        0.010768115520477295
      ]
    }
  ]
}