{
  "candidates_3d": [
    {
      "box_area": 56,
      "box_xyxy": [
        46.5672607421875,
        66.4800796508789,
        52.296485900878906,
        73.19625091552734
      ],
      "camera_xyz": [
        -0.16082614660263062,
        0.059550944715738297,
        0.692699670791626
      ],
      "depth_valid_ratio": 1.0,
      "grasp_camera_xyz": [
        -0.14375464618206024,
        0.07740635424852371,
        0.7077152132987976
      ],
      "grasp_metadata": {
        "applied": true,
        "component_count": 1,
        "component_fallback_reason": null,
        "component_radius": 0.03,
        "component_selection_strategy": "largest_component_then_low_spread",
        "component_sizes": [
          24
        ],
        "elevated_point_count": 24,
        "elevated_z_offset": 0.015,
        "fallback_reason": null,
        "local_support_point_count": 13,
        "local_support_radius": 0.04,
        "local_support_z_margin": 0.012,
        "min_elevated_points": 12,
        "min_points": 20,
        "num_workspace_points": 52,
        "reason": "component_elevated_xy_with_local_support_z",
        "selected_component_size": 24,
        "selected_component_spread": 0.03641854226589203,
        "selected_component_xy": [
          -0.08411718904972076,
          -0.15876197814941406
        ],
        "strategy": "workspace_elevated_xy_low_z",
        "support_z": -0.001252639340236783,
        "support_z_percentile": 10.0,
        "workspace_bounds": {
          "abs_x_max": 0.2,
          "abs_y_max": 0.2,
          "z_max": 0.08,
          "z_min": -0.02
        }
      },
      "grasp_num_points": 24,
      "grasp_world_xyz": [
        -0.08411718904972076,
        -0.15876197814941406,
        0.00042366981506347656
      ],
      "metadata": {
        "box_bounds_xyxy_exclusive": [
          46,
          66,
          53,
          74
        ],
        "box_center_world_xyz": [
          -0.0674552470445633,
          -0.15616337954998016,
          0.040687672793865204
        ],
        "camera_frame_conversion": "opencv_to_opengl",
        "center_strategy": "median",
        "extrinsics_source": "sensor_param.base_camera.cam2world_gl",
        "intrinsics_source": "provided"
      },
      "num_points": 56,
      "point_cloud_path": null,
      "segmentation_id": null,
      "world_xyz": [
        -0.08263488113880157,
        -0.16082614660263062,
        0.009415805339813232
      ]
    }
  ]
}