{
  "min_xy_distance_from_pick": 0.05,
  "place_query": "green cube",
  "place_target_source": "predicted_place_object",
  "selected": {
    "metadata": {
      "num_candidates": 2,
      "num_close_to_pick_rejected": 1,
      "num_eligible_candidates": 1,
      "num_invalid_candidates": 0,
      "place_pick_xy_distance": 0.254572331905365,
      "place_query": "green cube",
      "place_target_z": 0.02,
      "raw_semantic_world_xyz": [
        -0.14681312441825867,
        0.030085939913988113,
        0.34914594888687134
      ],
      "selected_candidate_index": 0,
      "selected_clip_score": 0.0,
      "selected_depth_valid_ratio": 0.810966810966811,
      "selected_det_score": 0.45839181542396545,
      "selected_fused_2d_score": 0.45839181542396545,
      "selected_grasp_world_xyz": [
        -0.09155690670013428,
        0.06290625035762787,
        0.0038847923278808594
      ],
      "selected_num_points": 2248,
      "selected_phrase": "green cube",
      "selected_world_xyz": [
        -0.09155690670013428,
        0.06290625035762787,
        0.019999999552965164
      ],
      "selection_reason": "first_ranked_candidate_far_from_pick"
    },
    "place_xyz": [
      -0.09155690670013428,
      0.06290625035762787,
      0.019999999552965164
    ],
    "source": "predicted_place_object"
  }
}