{
  "candidates_3d": [
    {
      "box_area": 72,
      "box_xyxy": [
        75.49324035644531,
        79.45980834960938,
        82.32672119140625,
        87.42105102539062
      ],
      "camera_xyz": [
        0.1355859339237213,
        0.17550000548362732,
        0.5985000133514404
      ],
      "depth_valid_ratio": 1.0,
      "grasp_camera_xyz": [
        0.13081249594688416,
        0.2055625021457672,
        0.5979999899864197
      ],
      "grasp_metadata": {
        "applied": true,
        "component_count": 1,
        "component_fallback_reason": null,
        "component_radius": 0.03,
        "component_selection_strategy": "largest_component_then_low_spread",
        "component_sizes": [
          27
        ],
        "elevated_point_count": 27,
        "elevated_z_offset": 0.015,
        "fallback_reason": null,
        "local_support_point_count": 25,
        "local_support_radius": 0.04,
        "local_support_z_margin": 0.012,
        "min_elevated_points": 12,
        "min_points": 20,
        "num_workspace_points": 72,
        "reason": "component_elevated_xy_with_local_support_z",
        "selected_component_size": 27,
        "selected_component_spread": 0.02760307677090168,
        "selected_component_xy": [
          0.07370421290397644,
          0.13359375298023224
        ],
        "strategy": "workspace_elevated_xy_low_z",
        "support_z": 0.0035626888275146484,
        "support_z_percentile": 10.0,
        "workspace_bounds": {
          "abs_x_max": 0.2,
          "abs_y_max": 0.2,
          "z_max": 0.08,
          "z_min": -0.02
        }
      },
      "grasp_num_points": 27,
      "grasp_world_xyz": [
        0.07370421290397644,
        0.13359375298023224,
        0.0036310553550720215
      ],
      "metadata": {
        "box_bounds_xyxy_exclusive": [
          75,
          79,
          83,
          88
        ],
        "box_center_world_xyz": [
          0.07370422780513763,
          0.13499999046325684,
          0.04339677095413208
        ],
        "camera_frame_conversion": "opencv_to_opengl",
        "center_strategy": "median",
        "extrinsics_source": "sensor_param.base_camera.cam2world_gl",
        "intrinsics_source": "provided"
      },
      "num_points": 72,
      "point_cloud_path": null,
      "segmentation_id": null,
      "world_xyz": [
        0.06740845739841461,
        0.1355859339237213,
        0.00392875075340271
      ]
    }
  ]
}