{
  "candidates_3d": [
    {
      "box_area": 56,
      "box_xyxy": [
        80.55284881591797,
        71.66707611083984,
        86.42540740966797,
        78.38878631591797
      ],
      "camera_xyz": [
        0.19457674026489258,
        0.10527163743972778,
        0.6546309590339661
      ],
      "depth_valid_ratio": 1.0,
      "grasp_camera_xyz": [
        0.17390356957912445,
        0.13298508524894714,
        0.6546958088874817
      ],
      "grasp_metadata": {
        "applied": true,
        "component_count": 1,
        "component_fallback_reason": null,
        "component_radius": 0.03,
        "component_selection_strategy": "largest_component_then_low_spread",
        "component_sizes": [
          22
        ],
        "elevated_point_count": 22,
        "elevated_z_offset": 0.015,
        "fallback_reason": null,
        "local_support_point_count": 7,
        "local_support_radius": 0.04,
        "local_support_z_margin": 0.012,
        "min_elevated_points": 12,
        "min_points": 20,
        "num_workspace_points": 34,
        "reason": "component_elevated_xy_with_local_support_z",
        "selected_component_size": 22,
        "selected_component_spread": 0.026154905557632446,
        "selected_component_xy": [
          -0.006557196378707886,
          0.1789199262857437
        ],
        "strategy": "workspace_elevated_xy_low_z",
        "support_z": -0.006000685505568981,
        "support_z_percentile": 10.0,
        "workspace_bounds": {
          "abs_x_max": 0.2,
          "abs_y_max": 0.2,
          "z_max": 0.08,
          "z_min": -0.02
        }
      },
      "grasp_num_points": 22,
      "grasp_world_xyz": [
        -0.006557196378707886,
        0.1789199262857437,
        -0.0022183656692504883
      ],
      "metadata": {
        "box_bounds_xyxy_exclusive": [
          80,
          71,
          87,
          79
        ],
        "box_center_world_xyz": [
          -0.01312151551246643,
          0.18952320516109467,
          0.03295411169528961
        ],
        "camera_frame_conversion": "opencv_to_opengl",
        "center_strategy": "median",
        "extrinsics_source": "sensor_param.base_camera.cam2world_gl",
        "intrinsics_source": "provided"
      },
      "num_points": 56,
      "point_cloud_path": null,
      "segmentation_id": null,
      "world_xyz": [
        -0.02258118987083435,
        0.19457674026489258,
        0.013529181480407715
      ]
    }
  ]
}