{
  "candidates_3d": [
    {
      "box_area": 72,
      "box_xyxy": [
        52.80072784423828,
        73.62539672851562,
        59.41041564941406,
        81.25581359863281
      ],
      "camera_xyz": [
        -0.08420874178409576,
        0.12725083529949188,
        0.6400214433670044
      ],
      "depth_valid_ratio": 1.0,
      "grasp_camera_xyz": [
        -0.0618559867143631,
        0.14433063566684723,
        0.659797191619873
      ],
      "grasp_metadata": {
        "applied": true,
        "component_count": 1,
        "component_fallback_reason": null,
        "component_radius": 0.03,
        "component_selection_strategy": "largest_component_then_low_spread",
        "component_sizes": [
          32
        ],
        "elevated_point_count": 32,
        "elevated_z_offset": 0.015,
        "fallback_reason": null,
        "local_support_point_count": 15,
        "local_support_radius": 0.04,
        "local_support_z_margin": 0.012,
        "min_elevated_points": 12,
        "min_points": 20,
        "num_workspace_points": 72,
        "reason": "component_elevated_xy_with_local_support_z",
        "selected_component_size": 32,
        "selected_component_spread": 0.05243946984410286,
        "selected_component_xy": [
          0.007873043417930603,
          -0.07953456044197083
        ],
        "strategy": "workspace_elevated_xy_low_z",
        "support_z": -0.003845715429633856,
        "support_z_percentile": 10.0,
        "workspace_bounds": {
          "abs_x_max": 0.2,
          "abs_y_max": 0.2,
          "z_max": 0.08,
          "z_min": -0.02
        }
      },
      "grasp_num_points": 32,
      "grasp_world_xyz": [
        0.007873043417930603,
        -0.07953456044197083,
        -0.001655876636505127
      ],
      "metadata": {
        "box_bounds_xyxy_exclusive": [
          52,
          73,
          60,
          82
        ],
        "box_center_world_xyz": [
          0.005585946142673492,
          -0.07895999401807785,
          0.026586271822452545
        ],
        "camera_frame_conversion": "opencv_to_opengl",
        "center_strategy": "median",
        "extrinsics_source": "sensor_param.base_camera.cam2world_gl",
        "intrinsics_source": "provided"
      },
      "num_points": 72,
      "point_cloud_path": null,
      "segmentation_id": null,
      "world_xyz": [
        0.006102070212364197,
        -0.08420874178409576,
        0.006951749324798584
      ]
    }
  ]
}