{
  "min_xy_distance_from_pick": 0.05,
  "place_query": "green cube",
  "place_target_source": "predicted_place_object",
  "selected": {
    "metadata": {
      "num_candidates": 1,
      "num_close_to_pick_rejected": 0,
      "num_eligible_candidates": 1,
      "num_invalid_candidates": 0,
      "place_pick_xy_distance": 0.13097217679023743,
      "place_query": "green cube",
      "place_target_z": 0.02,
      "raw_semantic_world_xyz": [
        0.006102070212364197,
        -0.08420874178409576,
        0.006951749324798584
      ],
      "selected_candidate_index": 0,
      "selected_clip_score": 0.0,
      "selected_depth_valid_ratio": 1.0,
      "selected_det_score": 0.7101885676383972,
      "selected_fused_2d_score": 0.7101885676383972,
      "selected_grasp_world_xyz": [
        0.007873043417930603,
        -0.07953456044197083,
        -0.001655876636505127
      ],
      "selected_num_points": 72,
      "selected_phrase": "green cube",
      "selected_world_xyz": [
        0.007873043417930603,
        -0.07953456044197083,
        0.019999999552965164
      ],
      "selection_reason": "first_ranked_candidate_far_from_pick"
    },
    "place_xyz": [
      0.007873043417930603,
      -0.07953456044197083,
      0.019999999552965164
    ],
    "source": "predicted_place_object"
  }
}