{
  "min_xy_distance_from_pick": 0.05,
  "place_query": "green cube",
  "place_target_source": "predicted_place_object",
  "selected": {
    "metadata": {
      "num_candidates": 2,
      "num_close_to_pick_rejected": 1,
      "num_eligible_candidates": 1,
      "num_invalid_candidates": 0,
      "place_pick_xy_distance": 0.07843028753995895,
      "place_query": "green cube",
      "place_target_z": 0.02,
      "raw_semantic_world_xyz": [
        0.036054134368896484,
        -0.047148436307907104,
        0.003777444362640381
      ],
      "selected_candidate_index": 0,
      "selected_clip_score": 0.0,
      "selected_depth_valid_ratio": 0.8928571428571429,
      "selected_det_score": 0.6105287075042725,
      "selected_fused_2d_score": 0.6105287075042725,
      "selected_grasp_world_xyz": [
        0.03736452758312225,
        -0.047148436307907104,
        0.003777444362640381
      ],
      "selected_num_points": 50,
      "selected_phrase": "green cube",
      "selected_world_xyz": [
        0.03736452758312225,
        -0.047148436307907104,
        0.019999999552965164
      ],
      "selection_reason": "first_ranked_candidate_far_from_pick"
    },
    "place_xyz": [
      0.03736452758312225,
      -0.047148436307907104,
      0.019999999552965164
    ],
    "source": "predicted_place_object"
  }
}