{
  "candidates_3d": [
    {
      "box_area": 63,
      "box_xyxy": [
        70.49365234375,
        71.64241790771484,
        76.32069396972656,
        79.1939926147461
      ],
      "camera_xyz": [
        0.08926419913768768,
        0.1085619330406189,
        0.6470991373062134
      ],
      "depth_valid_ratio": 1.0,
      "grasp_camera_xyz": [
        0.08157071471214294,
        0.14274874329566956,
        0.6525657176971436
      ],
      "grasp_metadata": {
        "applied": true,
        "component_count": 1,
        "component_fallback_reason": null,
        "component_radius": 0.03,
        "component_selection_strategy": "largest_component_then_low_spread",
        "component_sizes": [
          23
        ],
        "elevated_point_count": 23,
        "elevated_z_offset": 0.015,
        "fallback_reason": null,
        "local_support_point_count": 18,
        "local_support_radius": 0.04,
        "local_support_z_margin": 0.012,
        "min_elevated_points": 12,
        "min_points": 20,
        "num_workspace_points": 63,
        "reason": "component_elevated_xy_with_local_support_z",
        "selected_component_size": 23,
        "selected_component_spread": 0.021862568333745003,
        "selected_component_xy": [
          -0.009110629558563232,
          0.08862163871526718
        ],
        "strategy": "workspace_elevated_xy_low_z",
        "support_z": -0.0008337853942066431,
        "support_z_percentile": 10.0,
        "workspace_bounds": {
          "abs_x_max": 0.2,
          "abs_y_max": 0.2,
          "z_max": 0.08,
          "z_min": -0.02
        }
      },
      "grasp_num_points": 23,
      "grasp_world_xyz": [
        -0.009110629558563232,
        0.08862163871526718,
        0.003939568996429443
      ],
      "metadata": {
        "box_bounds_xyxy_exclusive": [
          70,
          71,
          77,
          80
        ],
        "box_center_world_xyz": [
          -0.009101688861846924,
          0.08862163871526718,
          0.0402337908744812
        ],
        "camera_frame_conversion": "opencv_to_opengl",
        "center_strategy": "median",
        "extrinsics_source": "sensor_param.base_camera.cam2world_gl",
        "intrinsics_source": "provided"
      },
      "num_points": 63,
      "point_cloud_path": null,
      "segmentation_id": null,
      "world_xyz": [
        -0.013935744762420654,
        0.08926419913768768,
        0.00593876838684082
      ]
    }
  ]
}