{
  "min_xy_distance_from_pick": 0.05,
  "place_query": "green cube",
  "place_target_source": "predicted_place_object",
  "selected": {
    "metadata": {
      "num_candidates": 1,
      "num_close_to_pick_rejected": 0,
      "num_eligible_candidates": 1,
      "num_invalid_candidates": 0,
      "place_pick_xy_distance": 0.20597483217716217,
      "place_query": "green cube",
      "place_target_z": 0.02,
      "raw_semantic_world_xyz": [
        -0.013935744762420654,
        0.08926419913768768,
        0.00593876838684082
      ],
      "selected_candidate_index": 0,
      "selected_clip_score": 0.0,
      "selected_depth_valid_ratio": 1.0,
      "selected_det_score": 0.6898719072341919,
      "selected_fused_2d_score": 0.6898719072341919,
      "selected_grasp_world_xyz": [
        -0.009110629558563232,
        0.08862163871526718,
        0.003939568996429443
      ],
      "selected_num_points": 63,
      "selected_phrase": "green cube",
      "selected_world_xyz": [
        -0.009110629558563232,
        0.08862163871526718,
        0.019999999552965164
      ],
      "selection_reason": "first_ranked_candidate_far_from_pick"
    },
    "place_xyz": [
      -0.009110629558563232,
      0.08862163871526718,
      0.019999999552965164
    ],
    "source": "predicted_place_object"
  }
}