{
  "candidates_3d": [
    {
      "box_area": 72,
      "box_xyxy": [
        49.571807861328125,
        83.46587371826172,
        56.380638122558594,
        91.17493438720703
      ],
      "camera_xyz": [
        -0.10604687035083771,
        0.20587500929832458,
        0.5709999799728394
      ],
      "depth_valid_ratio": 0.7916666666666666,
      "grasp_camera_xyz": [
        -0.08968749642372131,
        0.22421875596046448,
        0.5740000009536743
      ],
      "grasp_metadata": {
        "applied": true,
        "component_count": 1,
        "component_fallback_reason": null,
        "component_radius": 0.03,
        "component_selection_strategy": "largest_component_then_low_spread",
        "component_sizes": [
          21
        ],
        "elevated_point_count": 21,
        "elevated_z_offset": 0.015,
        "fallback_reason": null,
        "local_support_point_count": 20,
        "local_support_radius": 0.04,
        "local_support_z_margin": 0.012,
        "min_elevated_points": 12,
        "min_points": 20,
        "num_workspace_points": 57,
        "reason": "component_elevated_xy_with_local_support_z",
        "selected_component_size": 21,
        "selected_component_spread": 0.022252298891544342,
        "selected_component_xy": [
          0.10084427893161774,
          -0.09710937738418579
        ],
        "strategy": "workspace_elevated_xy_low_z",
        "support_z": 0.0033498883713036776,
        "support_z_percentile": 10.0,
        "workspace_bounds": {
          "abs_x_max": 0.2,
          "abs_y_max": 0.2,
          "z_max": 0.08,
          "z_min": -0.02
        }
      },
      "grasp_num_points": 21,
      "grasp_world_xyz": [
        0.10084427893161774,
        -0.09710937738418579,
        0.0036115050315856934
      ],
      "metadata": {
        "box_bounds_xyxy_exclusive": [
          49,
          83,
          57,
          92
        ],
        "box_center_world_xyz": [
          0.10938502848148346,
          -0.09521875530481339,
          0.04302583634853363
        ],
        "camera_frame_conversion": "opencv_to_opengl",
        "center_strategy": "median",
        "extrinsics_source": "sensor_param.base_camera.cam2world_gl",
        "intrinsics_source": "provided"
      },
      "num_points": 57,
      "point_cloud_path": null,
      "segmentation_id": null,
      "world_xyz": [
        0.10938502848148346,
        -0.10604687035083771,
        0.003777444362640381
      ]
    }
  ]
}