{
  "min_xy_distance_from_pick": 0.05,
  "place_query": "green cube",
  "place_target_source": "predicted_place_object",
  "selected": {
    "metadata": {
      "num_candidates": 1,
      "num_close_to_pick_rejected": 0,
      "num_eligible_candidates": 1,
      "num_invalid_candidates": 0,
      "place_pick_xy_distance": 0.0794137567281723,
      "place_query": "green cube",
      "place_target_z": 0.02,
      "raw_semantic_world_xyz": [
        0.10938502848148346,
        -0.10604687035083771,
        0.003777444362640381
      ],
      "selected_candidate_index": 0,
      "selected_clip_score": 0.0,
      "selected_depth_valid_ratio": 0.7916666666666666,
      "selected_det_score": 0.6692694425582886,
      "selected_fused_2d_score": 0.6692694425582886,
      "selected_grasp_world_xyz": [
        0.10084427893161774,
        -0.09710937738418579,
        0.0036115050315856934
      ],
      "selected_num_points": 57,
      "selected_phrase": "green cube",
      "selected_world_xyz": [
        0.10084427893161774,
        -0.09710937738418579,
        0.019999999552965164
      ],
      "selection_reason": "first_ranked_candidate_far_from_pick"
    },
    "place_xyz": [
      0.10084427893161774,
      -0.09710937738418579,
      0.019999999552965164
    ],
    "source": "predicted_place_object"
  }
}