{
  "candidates_3d": [
    {
      "box_area": 64,
      "box_xyxy": [
        74.81016540527344,
        71.54423522949219,
        81.45664978027344,
        78.27786254882812
      ],
      "camera_xyz": [
        0.13658291101455688,
        0.10228098928928375,
        0.647911787033081
      ],
      "depth_valid_ratio": 1.0,
      "grasp_camera_xyz": [
        0.1355143040418625,
        0.1355143040418625,
        0.6671473383903503
      ],
      "grasp_metadata": {
        "applied": true,
        "component_count": 1,
        "component_fallback_reason": null,
        "component_radius": 0.03,
        "component_selection_strategy": "largest_component_then_low_spread",
        "component_sizes": [
          31
        ],
        "elevated_point_count": 31,
        "elevated_z_offset": 0.015,
        "fallback_reason": null,
        "local_support_point_count": 11,
        "local_support_radius": 0.04,
        "local_support_z_margin": 0.012,
        "min_elevated_points": 12,
        "min_points": 20,
        "num_workspace_points": 55,
        "reason": "component_elevated_xy_with_local_support_z",
        "selected_component_size": 31,
        "selected_component_spread": 0.037370841950178146,
        "selected_component_xy": [
          -0.018962711095809937,
          0.13880100846290588
        ],
        "strategy": "workspace_elevated_xy_low_z",
        "support_z": -0.005361628718674183,
        "support_z_percentile": 10.0,
        "workspace_bounds": {
          "abs_x_max": 0.2,
          "abs_y_max": 0.2,
          "z_max": 0.08,
          "z_min": -0.02
        }
      },
      "grasp_num_points": 31,
      "grasp_world_xyz": [
        -0.018962711095809937,
        0.13880100846290588,
        -0.00015306472778320312
      ],
      "metadata": {
        "box_bounds_xyxy_exclusive": [
          74,
          71,
          82,
          79
        ],
        "box_center_world_xyz": [
          0.005319267511367798,
          0.13142429292201996,
          0.06634937971830368
        ],
        "camera_frame_conversion": "opencv_to_opengl",
        "center_strategy": "median",
        "extrinsics_source": "sensor_param.base_camera.cam2world_gl",
        "intrinsics_source": "provided"
      },
      "num_points": 64,
      "point_cloud_path": null,
      "segmentation_id": null,
      "world_xyz": [
        -0.014398664236068726,
        0.13658291101455688,
        0.01720479130744934
      ]
    }
  ]
}