{
  "min_xy_distance_from_pick": 0.05,
  "place_query": "green cube",
  "place_target_source": "predicted_place_object",
  "selected": {
    "metadata": {
      "num_candidates": 1,
      "num_close_to_pick_rejected": 0,
      "num_eligible_candidates": 1,
      "num_invalid_candidates": 0,
      "place_pick_xy_distance": 0.17236585915088654,
      "place_query": "green cube",
      "place_target_z": 0.02,
      "raw_semantic_world_xyz": [
        -0.014398664236068726,
        0.13658291101455688,
        0.01720479130744934
      ],
      "selected_candidate_index": 0,
      "selected_clip_score": 0.0,
      "selected_depth_valid_ratio": 1.0,
      "selected_det_score": 0.6772449016571045,
      "selected_fused_2d_score": 0.6772449016571045,
      "selected_grasp_world_xyz": [
        -0.018962711095809937,
        0.13880100846290588,
        -0.00015306472778320312
      ],
      "selected_num_points": 64,
      "selected_phrase": "green cube",
      "selected_world_xyz": [
        -0.018962711095809937,
        0.13880100846290588,
        0.019999999552965164
      ],
      "selection_reason": "first_ranked_candidate_far_from_pick"
    },
    "place_xyz": [
      -0.018962711095809937,
      0.13880100846290588,
      0.019999999552965164
    ],
    "source": "predicted_place_object"
  }
}