{
  "candidates_3d": [
    {
      "box_area": 72,
      "box_xyxy": [
        59.569759368896484,
        79.58305358886719,
        66.3493881225586,
        87.05335998535156
      ],
      "camera_xyz": [
        -0.014040058478713036,
        0.17600011825561523,
        0.5984784364700317
      ],
      "depth_valid_ratio": 1.0,
      "grasp_camera_xyz": [
        -0.01872302033007145,
        0.2059532254934311,
        0.5991366505622864
      ],
      "grasp_metadata": {
        "applied": true,
        "component_count": 1,
        "component_fallback_reason": null,
        "component_radius": 0.03,
        "component_selection_strategy": "largest_component_then_low_spread",
        "component_sizes": [
          27
        ],
        "elevated_point_count": 27,
        "elevated_z_offset": 0.015,
        "fallback_reason": null,
        "local_support_point_count": 23,
        "local_support_radius": 0.04,
        "local_support_z_margin": 0.012,
        "min_elevated_points": 12,
        "min_points": 20,
        "num_workspace_points": 72,
        "reason": "component_elevated_xy_with_local_support_z",
        "selected_component_size": 27,
        "selected_component_spread": 0.028938479721546173,
        "selected_component_xy": [
          0.07323834300041199,
          -0.017864400520920753
        ],
        "strategy": "workspace_elevated_xy_low_z",
        "support_z": -0.0016112029552459717,
        "support_z_percentile": 10.0,
        "workspace_bounds": {
          "abs_x_max": 0.2,
          "abs_y_max": 0.2,
          "z_max": 0.08,
          "z_min": -0.02
        }
      },
      "grasp_num_points": 27,
      "grasp_world_xyz": [
        0.07323834300041199,
        -0.017864400520920753,
        0.0034949779510498047
      ],
      "metadata": {
        "box_bounds_xyxy_exclusive": [
          59,
          79,
          67,
          88
        ],
        "box_center_world_xyz": [
          0.07323834300041199,
          -0.009018528275191784,
          0.04225088655948639
        ],
        "camera_frame_conversion": "opencv_to_opengl",
        "center_strategy": "median",
        "extrinsics_source": "sensor_param.base_camera.cam2world_gl",
        "intrinsics_source": "provided"
      },
      "num_points": 72,
      "point_cloud_path": null,
      "segmentation_id": null,
      "world_xyz": [
        0.06687900424003601,
        -0.014040058478713036,
        0.005710393190383911
      ]
    }
  ]
}