{
  "candidates_3d": [
    {
      "box_area": 64,
      "box_xyxy": [
        75.56497192382812,
        76.40642547607422,
        82.40240478515625,
        83.3852310180664
      ],
      "camera_xyz": [
        0.13925212621688843,
        0.14841562509536743,
        0.6172009706497192
      ],
      "depth_valid_ratio": 1.0,
      "grasp_camera_xyz": [
        0.13576391339302063,
        0.17455360293388367,
        0.6206350326538086
      ],
      "grasp_metadata": {
        "applied": true,
        "component_count": 1,
        "component_fallback_reason": null,
        "component_radius": 0.03,
        "component_selection_strategy": "largest_component_then_low_spread",
        "component_sizes": [
          27
        ],
        "elevated_point_count": 27,
        "elevated_z_offset": 0.015,
        "fallback_reason": null,
        "local_support_point_count": 19,
        "local_support_radius": 0.04,
        "local_support_z_margin": 0.012,
        "min_elevated_points": 12,
        "min_points": 20,
        "num_workspace_points": 64,
        "reason": "component_elevated_xy_with_local_support_z",
        "selected_component_size": 27,
        "selected_component_spread": 0.024643000215291977,
        "selected_component_xy": [
          0.03586477041244507,
          0.14016221463680267
        ],
        "strategy": "workspace_elevated_xy_low_z",
        "support_z": 9.218454943038523e-05,
        "support_z_percentile": 10.0,
        "workspace_bounds": {
          "abs_x_max": 0.2,
          "abs_y_max": 0.2,
          "z_max": 0.08,
          "z_min": -0.02
        }
      },
      "grasp_num_points": 27,
      "grasp_world_xyz": [
        0.03586477041244507,
        0.14016221463680267,
        0.004432857036590576
      ],
      "metadata": {
        "box_bounds_xyxy_exclusive": [
          75,
          76,
          83,
          84
        ],
        "box_center_world_xyz": [
          0.046496644616127014,
          0.13834205269813538,
          0.04690183699131012
        ],
        "camera_frame_conversion": "opencv_to_opengl",
        "center_strategy": "median",
        "extrinsics_source": "sensor_param.base_camera.cam2world_gl",
        "intrinsics_source": "provided"
      },
      "num_points": 64,
      "point_cloud_path": null,
      "segmentation_id": null,
      "world_xyz": [
        0.033852577209472656,
        0.13925212621688843,
        0.010143011808395386
      ]
    }
  ]
}