{
  "min_xy_distance_from_pick": 0.05,
  "place_query": "green cube",
  "place_target_source": "predicted_place_object",
  "selected": {
    "metadata": {
      "num_candidates": 1,
      "num_close_to_pick_rejected": 0,
      "num_eligible_candidates": 1,
      "num_invalid_candidates": 0,
      "place_pick_xy_distance": 0.26687613129615784,
      "place_query": "green cube",
      "place_target_z": 0.02,
      "raw_semantic_world_xyz": [
        0.033852577209472656,
        0.13925212621688843,
        0.010143011808395386
      ],
      "selected_candidate_index": 0,
      "selected_clip_score": 0.0,
      "selected_depth_valid_ratio": 1.0,
      "selected_det_score": 0.6662924289703369,
      "selected_fused_2d_score": 0.6662924289703369,
      "selected_grasp_world_xyz": [
        0.03586477041244507,
        0.14016221463680267,
        0.004432857036590576
      ],
      "selected_num_points": 64,
      "selected_phrase": "green cube",
      "selected_world_xyz": [
        0.03586477041244507,
        0.14016221463680267,
        0.019999999552965164
      ],
      "selection_reason": "first_ranked_candidate_far_from_pick"
    },
    "place_xyz": [
      0.03586477041244507,
      0.14016221463680267,
      0.019999999552965164
    ],
    "source": "predicted_place_object"
  }
}