{
  "query": {
    "attributes": [
      "red"
    ],
    "normalized_prompt": "red cube",
    "raw_query": "red cube",
    "relations": [],
    "synonyms": [
      "cube",
      "block"
    ],
    "target_name": "cube"
  },
  "top_2d_candidate": {
    "box_xyxy": [
      45.552059173583984,
      72.58519744873047,
      52.20949935913086,
      80.17102813720703
    ],
    "clip_score": 0.0,
    "det_score": 0.5457122921943665,
    "fused_2d_score": 0.5457122921943665,
    "image_crop_path": null,
    "metadata": {
      "detector_metadata": {
        "model_id": "IDEA-Research/grounding-dino-tiny"
      },
      "detector_source": "transformers_groundingdino",
      "skip_clip": true
    },
    "phrase": "red cube",
    "rank": 0,
    "source": "detector_only"
  },
  "top_candidate_3d": {
    "box_area": 72,
    "box_xyxy": [
      45.552059173583984,
      72.58519744873047,
      52.20949935913086,
      80.17102813720703
    ],
    "camera_xyz": [
      -0.15537500381469727,
      0.11699999868869781,
      0.6430000066757202
    ],
    "depth_valid_ratio": 1.0,
    "grasp_camera_xyz": [
      -0.14218749105930328,
      0.14218749105930328,
      0.6499999761581421
    ],
    "grasp_metadata": {
      "applied": true,
      "component_count": 1,
      "component_fallback_reason": null,
      "component_radius": 0.03,
      "component_selection_strategy": "largest_component_then_low_spread",
      "component_sizes": [
        20
      ],
      "elevated_point_count": 20,
      "elevated_z_offset": 0.015,
      "fallback_reason": null,
      "local_support_point_count": 26,
      "local_support_radius": 0.04,
      "local_support_z_margin": 0.012,
      "min_elevated_points": 12,
      "min_points": 20,
      "num_workspace_points": 69,
      "reason": "component_elevated_xy_with_local_support_z",
      "selected_component_size": 20,
      "selected_component_spread": 0.021702302619814873,
      "selected_component_xy": [
        -0.0037091821432113647,
        -0.15537500381469727
      ],
      "strategy": "workspace_elevated_xy_low_z",
      "support_z": 0.003609549952670932,
      "support_z_percentile": 10.0,
      "workspace_bounds": {
        "abs_x_max": 0.2,
        "abs_y_max": 0.2,
        "z_max": 0.08,
        "z_min": -0.02
      }
    },
    "grasp_num_points": 20,
    "grasp_world_xyz": [
      -0.0037091821432113647,
      -0.15537500381469727,
      0.0037578940391540527
    ],
    "metadata": {
      "box_bounds_xyxy_exclusive": [
        45,
        72,
        53,
        81
      ],
      "box_center_world_xyz": [
        0.0034650564193725586,
        -0.14531250298023224,
        0.043240584433078766
      ],
      "camera_frame_conversion": "opencv_to_opengl",
      "center_strategy": "median",
      "extrinsics_source": "sensor_param.base_camera.cam2world_gl",
      "intrinsics_source": "provided"
    },
    "num_points": 72,
    "point_cloud_path": null,
    "segmentation_id": null,
    "world_xyz": [
      -0.006215274333953857,
      -0.15537500381469727,
      0.004041016101837158
    ]
  }
}