{
  "query": {
    "attributes": [
      "red"
    ],
    "normalized_prompt": "red cube",
    "raw_query": "red cube",
    "relations": [],
    "synonyms": [
      "cube",
      "block"
    ],
    "target_name": "cube"
  },
  "top_2d_candidate": {
    "box_xyxy": [
      66.76981353759766,
      88.44441223144531,
      73.4061050415039,
      96.16641235351562
    ],
    "clip_score": 0.0,
    "det_score": 0.5598386526107788,
    "fused_2d_score": 0.5598386526107788,
    "image_crop_path": null,
    "metadata": {
      "detector_metadata": {
        "model_id": "IDEA-Research/grounding-dino-tiny"
      },
      "detector_source": "transformers_groundingdino",
      "skip_clip": true
    },
    "phrase": "red cube",
    "rank": 0,
    "source": "detector_only"
  },
  "top_candidate_3d": {
    "box_area": 72,
    "box_xyxy": [
      66.76981353759766,
      88.44441223144531,
      73.4061050415039,
      96.16641235351562
    ],
    "camera_xyz": [
      0.04429687559604645,
      0.23661717772483826,
      0.5460000038146973
    ],
    "depth_valid_ratio": 0.9166666666666666,
    "grasp_camera_xyz": [
      0.06026562303304672,
      0.26689061522483826,
      0.5509999990463257
    ],
    "grasp_metadata": {
      "applied": true,
      "component_count": 1,
      "component_fallback_reason": null,
      "component_radius": 0.03,
      "component_selection_strategy": "largest_component_then_low_spread",
      "component_sizes": [
        28
      ],
      "elevated_point_count": 28,
      "elevated_z_offset": 0.015,
      "fallback_reason": null,
      "local_support_point_count": 24,
      "local_support_radius": 0.04,
      "local_support_z_margin": 0.012,
      "min_elevated_points": 12,
      "min_points": 20,
      "num_workspace_points": 66,
      "reason": "component_elevated_xy_with_local_support_z",
      "selected_component_size": 28,
      "selected_component_spread": 0.02443806082010269,
      "selected_component_xy": [
        0.15054170787334442,
        0.04898437485098839
      ],
      "strategy": "workspace_elevated_xy_low_z",
      "support_z": 0.003025829792022705,
      "support_z_percentile": 10.0,
      "workspace_bounds": {
        "abs_x_max": 0.2,
        "abs_y_max": 0.2,
        "z_max": 0.08,
        "z_min": -0.02
      }
    },
    "grasp_num_points": 28,
    "grasp_world_xyz": [
      0.15054170787334442,
      0.04898437485098839,
      0.003103911876678467
    ],
    "metadata": {
      "box_bounds_xyxy_exclusive": [
        66,
        88,
        74,
        97
      ],
      "box_center_world_xyz": [
        0.15054170787334442,
        0.0494999997317791,
        0.043396756052970886
      ],
      "camera_frame_conversion": "opencv_to_opengl",
      "center_strategy": "median",
      "extrinsics_source": "sensor_param.base_camera.cam2world_gl",
      "intrinsics_source": "provided"
    },
    "num_points": 66,
    "point_cloud_path": null,
    "segmentation_id": null,
    "world_xyz": [
      0.14533427357673645,
      0.04429687559604645,
      0.0035138726234436035
    ]
  }
}