{
  "candidates_3d": [
    {
      "box_area": 42,
      "box_xyxy": [
        61.527305603027344,
        68.50765228271484,
        66.42010498046875,
        74.31792449951172
      ],
      "camera_xyz": [
        -0.010250000283122063,
        0.08100000023841858,
        0.6710000038146973
      ],
      "depth_valid_ratio": 0.7380952380952381,
      "grasp_camera_xyz": [
        -0.010609375312924385,
        0.10609374940395355,
        0.6790000200271606
      ],
      "grasp_metadata": {
        "applied": true,
        "component_count": 1,
        "component_fallback_reason": null,
        "component_radius": 0.03,
        "component_selection_strategy": "largest_component_then_low_spread",
        "component_sizes": [
          13
        ],
        "elevated_point_count": 13,
        "elevated_z_offset": 0.015,
        "fallback_reason": null,
        "local_support_point_count": 10,
        "local_support_radius": 0.04,
        "local_support_z_margin": 0.012,
        "min_elevated_points": 12,
        "min_points": 20,
        "num_workspace_points": 28,
        "reason": "component_elevated_xy_with_local_support_z",
        "selected_component_size": 13,
        "selected_component_spread": 0.023927010595798492,
        "selected_component_xy": [
          -0.05323329567909241,
          -0.010234374552965164
        ],
        "strategy": "workspace_elevated_xy_low_z",
        "support_z": 0.0035138726234436035,
        "support_z_percentile": 10.0,
        "workspace_bounds": {
          "abs_x_max": 0.2,
          "abs_y_max": 0.2,
          "z_max": 0.08,
          "z_min": -0.02
        }
      },
      "grasp_num_points": 13,
      "grasp_world_xyz": [
        -0.05323329567909241,
        -0.010234374552965164,
        0.0036993324756622314
      ],
      "metadata": {
        "box_bounds_xyxy_exclusive": [
          61,
          68,
          67,
          75
        ],
        "box_center_world_xyz": [
          -0.05754763260483742,
          0.0,
          0.036983881145715714
        ],
        "camera_frame_conversion": "opencv_to_opengl",
        "center_strategy": "median",
        "extrinsics_source": "sensor_param.base_camera.cam2world_gl",
        "intrinsics_source": "provided"
      },
      "num_points": 31,
      "point_cloud_path": null,
      "segmentation_id": null,
      "world_xyz": [
        -0.053211361169815063,
        -0.010250000283122063,
        0.022303521633148193
      ]
    }
  ]
}