{
  "query": {
    "attributes": [
      "red"
    ],
    "normalized_prompt": "red cube",
    "raw_query": "red cube",
    "relations": [],
    "synonyms": [
      "cube",
      "block"
    ],
    "target_name": "cube"
  },
  "top_2d_candidate": {
    "box_xyxy": [
      67.70057678222656,
      70.57609558105469,
      74.33558654785156,
      77.22572326660156
    ],
    "clip_score": 0.0,
    "det_score": 0.7076609134674072,
    "fused_2d_score": 0.7076609134674072,
    "image_crop_path": null,
    "metadata": {
      "detector_metadata": {
        "model_id": "IDEA-Research/grounding-dino-tiny"
      },
      "detector_source": "transformers_groundingdino",
      "skip_clip": true
    },
    "phrase": "red cube",
    "rank": 0,
    "source": "detector_only"
  },
  "top_candidate_3d": {
    "box_area": 64,
    "box_xyxy": [
      67.70057678222656,
      70.57609558105469,
      74.33558654785156,
      77.22572326660156
    ],
    "camera_xyz": [
      0.06757031381130219,
      0.0976874977350235,
      0.6639999747276306
    ],
    "depth_valid_ratio": 0.96875,
    "grasp_camera_xyz": [
      0.08275000005960464,
      0.12412500381469727,
      0.6620000004768372
    ],
    "grasp_metadata": {
      "applied": true,
      "component_count": 1,
      "component_fallback_reason": null,
      "component_radius": 0.03,
      "component_selection_strategy": "largest_component_then_low_spread",
      "component_sizes": [
        21
      ],
      "elevated_point_count": 21,
      "elevated_z_offset": 0.015,
      "fallback_reason": null,
      "local_support_point_count": 18,
      "local_support_radius": 0.04,
      "local_support_z_margin": 0.012,
      "min_elevated_points": 12,
      "min_points": 20,
      "num_workspace_points": 62,
      "reason": "component_elevated_xy_with_local_support_z",
      "selected_component_size": 21,
      "selected_component_spread": 0.02537955529987812,
      "selected_component_xy": [
        -0.030041515827178955,
        0.06923437863588333
      ],
      "strategy": "workspace_elevated_xy_low_z",
      "support_z": 0.0036017298698425293,
      "support_z_percentile": 10.0,
      "workspace_bounds": {
        "abs_x_max": 0.2,
        "abs_y_max": 0.2,
        "z_max": 0.08,
        "z_min": -0.02
      }
    },
    "grasp_num_points": 21,
    "grasp_world_xyz": [
      -0.030041515827178955,
      0.06923437863588333,
      0.003728628158569336
    ],
    "metadata": {
      "box_bounds_xyxy_exclusive": [
        67,
        70,
        75,
        78
      ],
      "box_center_world_xyz": [
        -0.01819918304681778,
        0.06923437863588333,
        0.043923843652009964
      ],
      "camera_frame_conversion": "opencv_to_opengl",
      "center_strategy": "median",
      "extrinsics_source": "sensor_param.base_camera.cam2world_gl",
      "intrinsics_source": "provided"
    },
    "num_points": 62,
    "point_cloud_path": null,
    "segmentation_id": null,
    "world_xyz": [
      -0.030041515827178955,
      0.06757031381130219,
      0.004001975059509277
    ]
  }
}