{
  "candidates_3d": [
    {
      "box_area": 72,
      "box_xyxy": [
        73.57299041748047,
        77.57810974121094,
        80.06912994384766,
        85.21910095214844
      ],
      "camera_xyz": [
        0.1188613548874855,
        0.15806123614311218,
        0.6176073551177979
      ],
      "depth_valid_ratio": 1.0,
      "grasp_camera_xyz": [
        0.10693374276161194,
        0.19442498683929443,
        0.6221599578857422
      ],
      "grasp_metadata": {
        "applied": true,
        "component_count": 1,
        "component_fallback_reason": null,
        "component_radius": 0.03,
        "component_selection_strategy": "largest_component_then_low_spread",
        "component_sizes": [
          34
        ],
        "elevated_point_count": 34,
        "elevated_z_offset": 0.015,
        "fallback_reason": null,
        "local_support_point_count": 15,
        "local_support_radius": 0.04,
        "local_support_z_margin": 0.012,
        "min_elevated_points": 12,
        "min_points": 20,
        "num_workspace_points": 72,
        "reason": "component_elevated_xy_with_local_support_z",
        "selected_component_size": 34,
        "selected_component_spread": 0.0368272103369236,
        "selected_component_xy": [
          0.05484135448932648,
          0.11217498779296875
        ],
        "strategy": "workspace_elevated_xy_low_z",
        "support_z": -0.00727960467338562,
        "support_z_percentile": 10.0,
        "workspace_bounds": {
          "abs_x_max": 0.2,
          "abs_y_max": 0.2,
          "z_max": 0.08,
          "z_min": -0.02
        }
      },
      "grasp_num_points": 34,
      "grasp_world_xyz": [
        0.05484135448932648,
        0.11217498779296875,
        -0.002458512783050537
      ],
      "metadata": {
        "box_bounds_xyxy_exclusive": [
          73,
          77,
          81,
          86
        ],
        "box_center_world_xyz": [
          0.05889986455440521,
          0.11736445873975754,
          0.05294244736433029
        ],
        "camera_frame_conversion": "opencv_to_opengl",
        "center_strategy": "median",
        "extrinsics_source": "sensor_param.base_camera.cam2world_gl",
        "intrinsics_source": "provided"
      },
      "num_points": 72,
      "point_cloud_path": null,
      "segmentation_id": null,
      "world_xyz": [
        0.04968967288732529,
        0.1188613548874855,
        0.005875140428543091
      ]
    }
  ]
}