{
  "candidates_3d": [
    {
      "box_area": 81,
      "box_xyxy": [
        48.595096588134766,
        82.5335922241211,
        56.307804107666016,
        90.34029388427734
      ],
      "camera_xyz": [
        -0.10698346793651581,
        0.19824108481407166,
        0.5843676924705505
      ],
      "depth_valid_ratio": 1.0,
      "grasp_camera_xyz": [
        -0.1009180024266243,
        0.22935909032821655,
        0.587159276008606
      ],
      "grasp_metadata": {
        "applied": true,
        "component_count": 1,
        "component_fallback_reason": null,
        "component_radius": 0.03,
        "component_selection_strategy": "largest_component_then_low_spread",
        "component_sizes": [
          31
        ],
        "elevated_point_count": 31,
        "elevated_z_offset": 0.015,
        "fallback_reason": null,
        "local_support_point_count": 27,
        "local_support_radius": 0.04,
        "local_support_z_margin": 0.012,
        "min_elevated_points": 12,
        "min_points": 20,
        "num_workspace_points": 81,
        "reason": "component_elevated_xy_with_local_support_z",
        "selected_component_size": 31,
        "selected_component_spread": 0.026206083595752716,
        "selected_component_xy": [
          0.09825657308101654,
          -0.10697411745786667
        ],
        "strategy": "workspace_elevated_xy_low_z",
        "support_z": -0.0016137361526489258,
        "support_z_percentile": 10.0,
        "workspace_bounds": {
          "abs_x_max": 0.2,
          "abs_y_max": 0.2,
          "z_max": 0.08,
          "z_min": -0.02
        }
      },
      "grasp_num_points": 31,
      "grasp_world_xyz": [
        0.09825657308101654,
        -0.10697411745786667,
        0.0018196702003479004
      ],
      "metadata": {
        "box_bounds_xyxy_exclusive": [
          48,
          82,
          57,
          91
        ],
        "box_center_world_xyz": [
          0.09825658798217773,
          -0.10617437213659286,
          0.036223918199539185
        ],
        "camera_frame_conversion": "opencv_to_opengl",
        "center_strategy": "median",
        "extrinsics_source": "sensor_param.base_camera.cam2world_gl",
        "intrinsics_source": "provided"
      },
      "num_points": 81,
      "point_cloud_path": null,
      "segmentation_id": null,
      "world_xyz": [
        0.09575408697128296,
        -0.10698346793651581,
        0.007128238677978516
      ]
    }
  ]
}