{
  "candidates_3d": [
    {
      "box_area": 72,
      "box_xyxy": [
        42.77224349975586,
        74.62934112548828,
        49.31429672241211,
        82.28287506103516
      ],
      "camera_xyz": [
        -0.17838561534881592,
        0.1367947906255722,
        0.632732629776001
      ],
      "depth_valid_ratio": 1.0,
      "grasp_camera_xyz": [
        -0.17825475335121155,
        0.16835170984268188,
        0.6337946653366089
      ],
      "grasp_metadata": {
        "applied": true,
        "component_count": 1,
        "component_fallback_reason": null,
        "component_radius": 0.03,
        "component_selection_strategy": "largest_component_then_low_spread",
        "component_sizes": [
          28
        ],
        "elevated_point_count": 28,
        "elevated_z_offset": 0.015,
        "fallback_reason": null,
        "local_support_point_count": 13,
        "local_support_radius": 0.04,
        "local_support_z_margin": 0.012,
        "min_elevated_points": 12,
        "min_points": 20,
        "num_workspace_points": 52,
        "reason": "component_elevated_xy_with_local_support_z",
        "selected_component_size": 28,
        "selected_component_spread": 0.038073401898145676,
        "selected_component_xy": [
          0.025843873620033264,
          -0.1743251085281372
        ],
        "strategy": "workspace_elevated_xy_low_z",
        "support_z": -0.0028955102898180485,
        "support_z_percentile": 10.0,
        "workspace_bounds": {
          "abs_x_max": 0.2,
          "abs_y_max": 0.2,
          "z_max": 0.08,
          "z_min": -0.02
        }
      },
      "grasp_num_points": 28,
      "grasp_world_xyz": [
        0.025843873620033264,
        -0.1743251085281372,
        0.0003114938735961914
      ],
      "metadata": {
        "box_bounds_xyxy_exclusive": [
          42,
          74,
          50,
          83
        ],
        "box_center_world_xyz": [
          0.025750569999217987,
          -0.16994062066078186,
          0.04560336470603943
        ],
        "camera_frame_conversion": "opencv_to_opengl",
        "center_strategy": "median",
        "extrinsics_source": "sensor_param.base_camera.cam2world_gl",
        "intrinsics_source": "provided"
      },
      "num_points": 72,
      "point_cloud_path": null,
      "segmentation_id": null,
      "world_xyz": [
        0.0131969153881073,
        -0.17838561534881592,
        0.009315162897109985
      ]
    }
  ]
}