{
  "candidates_3d": [
    {
      "box_area": 49,
      "box_xyxy": [
        50.56991958618164,
        66.48077392578125,
        56.26958084106445,
        72.326171875
      ],
      "camera_xyz": [
        -0.11756250262260437,
        0.052421875298023224,
        0.6940000057220459
      ],
      "depth_valid_ratio": 0.9183673469387755,
      "grasp_camera_xyz": [
        -0.10843750089406967,
        0.08675000071525574,
        0.6940000057220459
      ],
      "grasp_metadata": {
        "applied": true,
        "component_count": 1,
        "component_fallback_reason": null,
        "component_radius": 0.03,
        "component_selection_strategy": "largest_component_then_low_spread",
        "component_sizes": [
          17
        ],
        "elevated_point_count": 17,
        "elevated_z_offset": 0.015,
        "fallback_reason": null,
        "local_support_point_count": 11,
        "local_support_radius": 0.04,
        "local_support_z_margin": 0.012,
        "min_elevated_points": 12,
        "min_points": 20,
        "num_workspace_points": 45,
        "reason": "component_elevated_xy_with_local_support_z",
        "selected_component_size": 17,
        "selected_component_spread": 0.027893001213669777,
        "selected_component_xy": [
          -0.07823577523231506,
          -0.11756250262260437
        ],
        "strategy": "workspace_elevated_xy_low_z",
        "support_z": 0.003709077835083008,
        "support_z_percentile": 10.0,
        "workspace_bounds": {
          "abs_x_max": 0.2,
          "abs_y_max": 0.2,
          "z_max": 0.08,
          "z_min": -0.02
        }
      },
      "grasp_num_points": 17,
      "grasp_world_xyz": [
        -0.07823577523231506,
        -0.11756250262260437,
        0.0038847923278808594
      ],
      "metadata": {
        "box_bounds_xyxy_exclusive": [
          50,
          66,
          57,
          73
        ],
        "box_center_world_xyz": [
          -0.07823576033115387,
          -0.11532812565565109,
          0.043289363384246826
        ],
        "camera_frame_conversion": "opencv_to_opengl",
        "center_strategy": "median",
        "extrinsics_source": "sensor_param.base_camera.cam2world_gl",
        "intrinsics_source": "provided"
      },
      "num_points": 45,
      "point_cloud_path": null,
      "segmentation_id": null,
      "world_xyz": [
        -0.09045392274856567,
        -0.11756250262260437,
        0.004001975059509277
      ]
    }
  ]
}