{
  "candidates_3d": [
    {
      "box_area": 64,
      "box_xyxy": [
        45.7455940246582,
        78.52936553955078,
        52.28181076049805,
        85.34569549560547
      ],
      "camera_xyz": [
        -0.148375004529953,
        0.16368749737739563,
        0.6050000190734863
      ],
      "depth_valid_ratio": 0.71875,
      "grasp_camera_xyz": [
        -0.14085938036441803,
        0.18781250715255737,
        0.6010000109672546
      ],
      "grasp_metadata": {
        "applied": true,
        "component_count": 1,
        "component_fallback_reason": null,
        "component_radius": 0.03,
        "component_selection_strategy": "largest_component_then_low_spread",
        "component_sizes": [
          16
        ],
        "elevated_point_count": 16,
        "elevated_z_offset": 0.015,
        "fallback_reason": null,
        "local_support_point_count": 17,
        "local_support_radius": 0.04,
        "local_support_z_margin": 0.012,
        "min_elevated_points": 12,
        "min_points": 20,
        "num_workspace_points": 46,
        "reason": "component_elevated_xy_with_local_support_z",
        "selected_component_size": 16,
        "selected_component_spread": 0.021891310811042786,
        "selected_component_xy": [
          0.05464126169681549,
          -0.14537499845027924
        ],
        "strategy": "workspace_elevated_xy_low_z",
        "support_z": 0.003538280725479126,
        "support_z_percentile": 10.0,
        "workspace_bounds": {
          "abs_x_max": 0.2,
          "abs_y_max": 0.2,
          "z_max": 0.08,
          "z_min": -0.02
        }
      },
      "grasp_num_points": 16,
      "grasp_world_xyz": [
        0.05464126169681549,
        -0.14537499845027924,
        0.0036115050315856934
      ],
      "metadata": {
        "box_bounds_xyxy_exclusive": [
          45,
          78,
          53,
          86
        ],
        "box_center_world_xyz": [
          0.06424592435359955,
          -0.13640625774860382,
          0.04327962547540665
        ],
        "camera_frame_conversion": "opencv_to_opengl",
        "center_strategy": "median",
        "extrinsics_source": "sensor_param.base_camera.cam2world_gl",
        "intrinsics_source": "provided"
      },
      "num_points": 46,
      "point_cloud_path": null,
      "segmentation_id": null,
      "world_xyz": [
        0.050937019288539886,
        -0.148375004529953,
        0.004041016101837158
      ]
    }
  ]
}