{
  "candidates_3d": [
    {
      "box_area": 63,
      "box_xyxy": [
        71.53577423095703,
        80.58479309082031,
        77.36528778076172,
        88.324462890625
      ],
      "camera_xyz": [
        0.09093750268220901,
        0.18317186832427979,
        0.5879999995231628
      ],
      "depth_valid_ratio": 1.0,
      "grasp_camera_xyz": [
        0.08339062333106995,
        0.21310937404632568,
        0.5929999947547913
      ],
      "grasp_metadata": {
        "applied": true,
        "component_count": 1,
        "component_fallback_reason": null,
        "component_radius": 0.03,
        "component_selection_strategy": "largest_component_then_low_spread",
        "component_sizes": [
          26
        ],
        "elevated_point_count": 26,
        "elevated_z_offset": 0.015,
        "fallback_reason": null,
        "local_support_point_count": 22,
        "local_support_radius": 0.04,
        "local_support_z_margin": 0.012,
        "min_elevated_points": 12,
        "min_points": 20,
        "num_workspace_points": 63,
        "reason": "component_elevated_xy_with_local_support_z",
        "selected_component_size": 26,
        "selected_component_spread": 0.02618703991174698,
        "selected_component_xy": [
          0.08301608264446259,
          0.08867187798023224
        ],
        "strategy": "workspace_elevated_xy_low_z",
        "support_z": 0.003103911876678467,
        "support_z_percentile": 10.0,
        "workspace_bounds": {
          "abs_x_max": 0.2,
          "abs_y_max": 0.2,
          "z_max": 0.08,
          "z_min": -0.02
        }
      },
      "grasp_num_points": 26,
      "grasp_world_xyz": [
        0.08301608264446259,
        0.08867187798023224,
        0.0036212801933288574
      ],
      "metadata": {
        "box_bounds_xyxy_exclusive": [
          71,
          80,
          78,
          89
        ],
        "box_center_world_xyz": [
          0.08301608264446259,
          0.08906249701976776,
          0.043631039559841156
        ],
        "camera_frame_conversion": "opencv_to_opengl",
        "center_strategy": "median",
        "extrinsics_source": "sensor_param.base_camera.cam2world_gl",
        "intrinsics_source": "provided"
      },
      "num_points": 63,
      "point_cloud_path": null,
      "segmentation_id": null,
      "world_xyz": [
        0.07707414031028748,
        0.09093750268220901,
        0.004041016101837158
      ]
    }
  ]
}