{
  "min_xy_distance_from_pick": 0.05,
  "place_query": "green cube",
  "place_target_source": "predicted_place_object",
  "selected": {
    "metadata": {
      "num_candidates": 1,
      "num_close_to_pick_rejected": 0,
      "num_eligible_candidates": 1,
      "num_invalid_candidates": 0,
      "place_pick_xy_distance": 0.20781287550926208,
      "place_query": "green cube",
      "place_target_z": 0.02,
      "raw_semantic_world_xyz": [
        -0.01788926124572754,
        0.08992968499660492,
        0.0038847923278808594
      ],
      "selected_candidate_index": 0,
      "selected_clip_score": 0.0,
      "selected_depth_valid_ratio": 0.8571428571428571,
      "selected_det_score": 0.6898719072341919,
      "selected_fused_2d_score": 0.6898719072341919,
      "selected_grasp_world_xyz": [
        -0.009004443883895874,
        0.08817186951637268,
        0.0036115050315856934
      ],
      "selected_num_points": 54,
      "selected_phrase": "green cube",
      "selected_world_xyz": [
        -0.009004443883895874,
        0.08817186951637268,
        0.019999999552965164
      ],
      "selection_reason": "first_ranked_candidate_far_from_pick"
    },
    "place_xyz": [
      -0.009004443883895874,
      0.08817186951637268,
      0.019999999552965164
    ],
    "source": "predicted_place_object"
  }
}