{
  "candidates_3d": [
    {
      "box_area": 72,
      "box_xyxy": [
        59.569759368896484,
        79.58305358886719,
        66.3493881225586,
        87.05335998535156
      ],
      "camera_xyz": [
        -0.014059203676879406,
        0.17584377527236938,
        0.5991247892379761
      ],
      "depth_valid_ratio": 1.0,
      "grasp_camera_xyz": [
        -0.018727293238043785,
        0.2060002237558365,
        0.5992733836174011
      ],
      "grasp_metadata": {
        "applied": true,
        "component_count": 1,
        "component_fallback_reason": null,
        "component_radius": 0.03,
        "component_selection_strategy": "largest_component_then_low_spread",
        "component_sizes": [
          36
        ],
        "elevated_point_count": 36,
        "elevated_z_offset": 0.015,
        "fallback_reason": null,
        "local_support_point_count": 17,
        "local_support_radius": 0.04,
        "local_support_z_margin": 0.012,
        "min_elevated_points": 12,
        "min_points": 20,
        "num_workspace_points": 71,
        "reason": "component_elevated_xy_with_local_support_z",
        "selected_component_size": 36,
        "selected_component_spread": 0.04638313502073288,
        "selected_component_xy": [
          0.07216445356607437,
          -0.013498349115252495
        ],
        "strategy": "workspace_elevated_xy_low_z",
        "support_z": -0.006892800331115723,
        "support_z_percentile": 10.0,
        "workspace_bounds": {
          "abs_x_max": 0.2,
          "abs_y_max": 0.2,
          "z_max": 0.08,
          "z_min": -0.02
        }
      },
      "grasp_num_points": 36,
      "grasp_world_xyz": [
        0.07216445356607437,
        -0.013498349115252495,
        0.0026360154151916504
      ],
      "metadata": {
        "box_bounds_xyxy_exclusive": [
          59,
          79,
          67,
          88
        ],
        "box_center_world_xyz": [
          0.07277244329452515,
          -0.009037056937813759,
          0.04110497981309891
        ],
        "camera_frame_conversion": "opencv_to_opengl",
        "center_strategy": "median",
        "extrinsics_source": "sensor_param.base_camera.cam2world_gl",
        "intrinsics_source": "provided"
      },
      "num_points": 72,
      "point_cloud_path": null,
      "segmentation_id": null,
      "world_xyz": [
        0.06661485135555267,
        -0.014059203676879406,
        0.007661879062652588
      ]
    }
  ]
}