{
  "candidates_3d": [
    {
      "box_area": 72,
      "box_xyxy": [
        49.571807861328125,
        83.46587371826172,
        56.380638122558594,
        91.17493438720703
      ],
      "camera_xyz": [
        -0.1025625690817833,
        0.20408058166503906,
        0.5737878084182739
      ],
      "depth_valid_ratio": 1.0,
      "grasp_camera_xyz": [
        -0.08179213851690292,
        0.22720037400722504,
        0.5816329717636108
      ],
      "grasp_metadata": {
        "applied": true,
        "component_count": 1,
        "component_fallback_reason": null,
        "component_radius": 0.03,
        "component_selection_strategy": "largest_component_then_low_spread",
        "component_sizes": [
          28
        ],
        "elevated_point_count": 28,
        "elevated_z_offset": 0.015,
        "fallback_reason": null,
        "local_support_point_count": 25,
        "local_support_radius": 0.04,
        "local_support_z_margin": 0.012,
        "min_elevated_points": 12,
        "min_points": 20,
        "num_workspace_points": 72,
        "reason": "component_elevated_xy_with_local_support_z",
        "selected_component_size": 28,
        "selected_component_spread": 0.02468259446322918,
        "selected_component_xy": [
          0.10131575167179108,
          -0.09825296700000763
        ],
        "strategy": "workspace_elevated_xy_low_z",
        "support_z": -0.0018085241317749023,
        "support_z_percentile": 10.0,
        "workspace_bounds": {
          "abs_x_max": 0.2,
          "abs_y_max": 0.2,
          "z_max": 0.08,
          "z_min": -0.02
        }
      },
      "grasp_num_points": 28,
      "grasp_world_xyz": [
        0.10131575167179108,
        -0.09825296700000763,
        0.003422677516937256
      ],
      "metadata": {
        "box_bounds_xyxy_exclusive": [
          49,
          83,
          57,
          92
        ],
        "box_center_world_xyz": [
          0.10814905166625977,
          -0.09583617001771927,
          0.039414286613464355
        ],
        "camera_frame_conversion": "opencv_to_opengl",
        "center_strategy": "median",
        "extrinsics_source": "sensor_param.base_camera.cam2world_gl",
        "intrinsics_source": "provided"
      },
      "num_points": 72,
      "point_cloud_path": null,
      "segmentation_id": null,
      "world_xyz": [
        0.10481148213148117,
        -0.1025625690817833,
        0.0069449543952941895
      ]
    }
  ]
}