{
  "candidates_3d": [
    {
      "box_area": 63,
      "box_xyxy": [
        58.48653793334961,
        80.63746643066406,
        64.42431640625,
        88.24421691894531
      ],
      "camera_xyz": [
        -0.027028556913137436,
        0.18151934444904327,
        0.589673638343811
      ],
      "depth_valid_ratio": 1.0,
      "grasp_camera_xyz": [
        -0.027876930311322212,
        0.21372313797473907,
        0.5947078466415405
      ],
      "grasp_metadata": {
        "applied": true,
        "component_count": 1,
        "component_fallback_reason": null,
        "component_radius": 0.03,
        "component_selection_strategy": "largest_component_then_low_spread",
        "component_sizes": [
          25
        ],
        "elevated_point_count": 25,
        "elevated_z_offset": 0.015,
        "fallback_reason": null,
        "local_support_point_count": 23,
        "local_support_radius": 0.04,
        "local_support_z_margin": 0.012,
        "min_elevated_points": 12,
        "min_points": 20,
        "num_workspace_points": 63,
        "reason": "component_elevated_xy_with_local_support_z",
        "selected_component_size": 25,
        "selected_component_spread": 0.022954190149903297,
        "selected_component_xy": [
          0.08231671154499054,
          -0.026688575744628906
        ],
        "strategy": "workspace_elevated_xy_low_z",
        "support_z": -0.0017076249932870269,
        "support_z_percentile": 10.0,
        "workspace_bounds": {
          "abs_x_max": 0.2,
          "abs_y_max": 0.2,
          "z_max": 0.08,
          "z_min": -0.02
        }
      },
      "grasp_num_points": 25,
      "grasp_world_xyz": [
        0.08231671154499054,
        -0.026688575744628906,
        0.004884958267211914
      ],
      "metadata": {
        "box_bounds_xyxy_exclusive": [
          58,
          80,
          65,
          89
        ],
        "box_center_world_xyz": [
          0.0861767828464508,
          -0.02632955089211464,
          0.05173540860414505
        ],
        "camera_frame_conversion": "opencv_to_opengl",
        "center_strategy": "median",
        "extrinsics_source": "sensor_param.base_camera.cam2world_gl",
        "intrinsics_source": "provided"
      },
      "num_points": 63,
      "point_cloud_path": null,
      "segmentation_id": null,
      "world_xyz": [
        0.07549743354320526,
        -0.027028556913137436,
        0.0074045658111572266
      ]
    }
  ]
}