{
  "candidates_3d": [
    {
      "box_area": 90,
      "box_xyxy": [
        56.676918029785156,
        81.5947036743164,
        64.26177215576172,
        90.24279022216797
      ],
      "camera_xyz": [
        -0.02826562523841858,
        0.19154688715934753,
        0.5820000171661377
      ],
      "depth_valid_ratio": 0.7555555555555555,
      "grasp_camera_xyz": [
        -0.01837499998509884,
        0.22049999237060547,
        0.5879999995231628
      ],
      "grasp_metadata": {
        "applied": true,
        "component_count": 1,
        "component_fallback_reason": null,
        "component_radius": 0.03,
        "component_selection_strategy": "largest_component_then_low_spread",
        "component_sizes": [
          21
        ],
        "elevated_point_count": 21,
        "elevated_z_offset": 0.015,
        "fallback_reason": null,
        "local_support_point_count": 23,
        "local_support_radius": 0.04,
        "local_support_z_margin": 0.012,
        "min_elevated_points": 12,
        "min_points": 20,
        "num_workspace_points": 68,
        "reason": "component_elevated_xy_with_local_support_z",
        "selected_component_size": 21,
        "selected_component_spread": 0.0269998237490654,
        "selected_component_xy": [
          0.09181305766105652,
          -0.026999998837709427
        ],
        "strategy": "workspace_elevated_xy_low_z",
        "support_z": 0.003103911876678467,
        "support_z_percentile": 10.0,
        "workspace_bounds": {
          "abs_x_max": 0.2,
          "abs_y_max": 0.2,
          "z_max": 0.08,
          "z_min": -0.02
        }
      },
      "grasp_num_points": 21,
      "grasp_world_xyz": [
        0.09181305766105652,
        -0.026999998837709427,
        0.0035138726234436035
      ],
      "metadata": {
        "box_bounds_xyxy_exclusive": [
          56,
          81,
          65,
          91
        ],
        "box_center_world_xyz": [
          0.09870664775371552,
          -0.03531249985098839,
          0.03748168796300888
        ],
        "camera_frame_conversion": "opencv_to_opengl",
        "center_strategy": "median",
        "extrinsics_source": "sensor_param.base_camera.cam2world_gl",
        "intrinsics_source": "provided"
      },
      "num_points": 68,
      "point_cloud_path": null,
      "segmentation_id": null,
      "world_xyz": [
        0.09181305766105652,
        -0.02826562523841858,
        0.0036212801933288574
      ]
    }
  ]
}