{
  "min_xy_distance_from_pick": 0.05,
  "place_query": "green cube",
  "place_target_source": "predicted_place_object",
  "selected": {
    "metadata": {
      "num_candidates": 1,
      "num_close_to_pick_rejected": 0,
      "num_eligible_candidates": 1,
      "num_invalid_candidates": 0,
      "place_pick_xy_distance": 0.09794624149799347,
      "place_query": "green cube",
      "place_target_z": 0.02,
      "raw_semantic_world_xyz": [
        0.09181305766105652,
        -0.02826562523841858,
        0.0036212801933288574
      ],
      "selected_candidate_index": 0,
      "selected_clip_score": 0.0,
      "selected_depth_valid_ratio": 0.7555555555555555,
      "selected_det_score": 0.7498497366905212,
      "selected_fused_2d_score": 0.7498497366905212,
      "selected_grasp_world_xyz": [
        0.09181305766105652,
        -0.026999998837709427,
        0.0035138726234436035
      ],
      "selected_num_points": 68,
      "selected_phrase": "green cube",
      "selected_world_xyz": [
        0.09181305766105652,
        -0.026999998837709427,
        0.019999999552965164
      ],
      "selection_reason": "first_ranked_candidate_far_from_pick"
    },
    "place_xyz": [
      0.09181305766105652,
      -0.026999998837709427,
      0.019999999552965164
    ],
    "source": "predicted_place_object"
  }
}