{
  "candidates_3d": [
    {
      "box_area": 64,
      "box_xyxy": [
        52.80318832397461,
        75.5416488647461,
        59.31999588012695,
        82.3471450805664
      ],
      "camera_xyz": [
        -0.08404888212680817,
        0.1405153125524521,
        0.6254982352256775
      ],
      "depth_valid_ratio": 1.0,
      "grasp_camera_xyz": [
        -0.07891829311847687,
        0.1677013784646988,
        0.6313463449478149
      ],
      "grasp_metadata": {
        "applied": true,
        "component_count": 1,
        "component_fallback_reason": null,
        "component_radius": 0.03,
        "component_selection_strategy": "largest_component_then_low_spread",
        "component_sizes": [
          31
        ],
        "elevated_point_count": 31,
        "elevated_z_offset": 0.015,
        "fallback_reason": null,
        "local_support_point_count": 15,
        "local_support_radius": 0.04,
        "local_support_z_margin": 0.012,
        "min_elevated_points": 12,
        "min_points": 20,
        "num_workspace_points": 58,
        "reason": "component_elevated_xy_with_local_support_z",
        "selected_component_size": 31,
        "selected_component_spread": 0.04366215318441391,
        "selected_component_xy": [
          0.02796304225921631,
          -0.08465930074453354
        ],
        "strategy": "workspace_elevated_xy_low_z",
        "support_z": -0.0050580441020429134,
        "support_z_percentile": 10.0,
        "workspace_bounds": {
          "abs_x_max": 0.2,
          "abs_y_max": 0.2,
          "z_max": 0.08,
          "z_min": -0.02
        }
      },
      "grasp_num_points": 31,
      "grasp_world_xyz": [
        0.02796304225921631,
        -0.08465930074453354,
        -0.0007675290107727051
      ],
      "metadata": {
        "box_bounds_xyxy_exclusive": [
          52,
          75,
          60,
          83
        ],
        "box_center_world_xyz": [
          0.041593052446842194,
          -0.07313200831413269,
          0.057488247752189636
        ],
        "camera_frame_conversion": "opencv_to_opengl",
        "center_strategy": "median",
        "extrinsics_source": "sensor_param.base_camera.cam2world_gl",
        "intrinsics_source": "provided"
      },
      "num_points": 64,
      "point_cloud_path": null,
      "segmentation_id": null,
      "world_xyz": [
        0.028364673256874084,
        -0.08404888212680817,
        0.014967560768127441
      ]
    }
  ]
}