{
  "candidates_3d": [
    {
      "box_area": 72,
      "box_xyxy": [
        45.56224060058594,
        77.5565185546875,
        52.31439208984375,
        85.31854248046875
      ],
      "camera_xyz": [
        -0.14625000953674316,
        0.1589999943971634,
        0.6110000014305115
      ],
      "depth_valid_ratio": 1.0,
      "grasp_camera_xyz": [
        -0.14320312440395355,
        0.19093750417232513,
        0.6110000014305115
      ],
      "grasp_metadata": {
        "applied": true,
        "component_count": 1,
        "component_fallback_reason": null,
        "component_radius": 0.03,
        "component_selection_strategy": "largest_component_then_low_spread",
        "component_sizes": [
          22
        ],
        "elevated_point_count": 22,
        "elevated_z_offset": 0.015,
        "fallback_reason": null,
        "local_support_point_count": 26,
        "local_support_radius": 0.04,
        "local_support_z_margin": 0.012,
        "min_elevated_points": 12,
        "min_points": 20,
        "num_workspace_points": 72,
        "reason": "component_elevated_xy_with_local_support_z",
        "selected_component_size": 22,
        "selected_component_spread": 0.025996461510658264,
        "selected_component_xy": [
          0.05443262308835983,
          -0.1414453089237213
        ],
        "strategy": "workspace_elevated_xy_low_z",
        "support_z": 0.0035626888275146484,
        "support_z_percentile": 10.0,
        "workspace_bounds": {
          "abs_x_max": 0.2,
          "abs_y_max": 0.2,
          "z_max": 0.08,
          "z_min": -0.02
        }
      },
      "grasp_num_points": 22,
      "grasp_world_xyz": [
        0.05443262308835983,
        -0.1414453089237213,
        0.0036115050315856934
      ],
      "metadata": {
        "box_bounds_xyxy_exclusive": [
          45,
          77,
          53,
          86
        ],
        "box_center_world_xyz": [
          0.05464126914739609,
          -0.13781249523162842,
          0.04327964037656784
        ],
        "camera_frame_conversion": "opencv_to_opengl",
        "center_strategy": "median",
        "extrinsics_source": "sensor_param.base_camera.cam2world_gl",
        "intrinsics_source": "provided"
      },
      "num_points": 72,
      "point_cloud_path": null,
      "segmentation_id": null,
      "world_xyz": [
        0.04723277688026428,
        -0.14625000953674316,
        0.003684699535369873
      ]
    }
  ]
}