{
  "candidates_3d": [
    {
      "box_area": 72,
      "box_xyxy": [
        63.50849533081055,
        76.75216674804688,
        70.36881256103516,
        84.37635803222656
      ],
      "camera_xyz": [
        0.019062500447034836,
        0.156187504529953,
        0.6110000014305115
      ],
      "depth_valid_ratio": 0.8888888888888888,
      "grasp_camera_xyz": [
        0.02864062413573265,
        0.18139062821865082,
        0.6110000014305115
      ],
      "grasp_metadata": {
        "applied": true,
        "component_count": 1,
        "component_fallback_reason": null,
        "component_radius": 0.03,
        "component_selection_strategy": "largest_component_then_low_spread",
        "component_sizes": [
          20
        ],
        "elevated_point_count": 20,
        "elevated_z_offset": 0.015,
        "fallback_reason": null,
        "local_support_point_count": 23,
        "local_support_radius": 0.04,
        "local_support_z_margin": 0.012,
        "min_elevated_points": 12,
        "min_points": 20,
        "num_workspace_points": 59,
        "reason": "component_elevated_xy_with_local_support_z",
        "selected_component_size": 20,
        "selected_component_spread": 0.024287905544042587,
        "selected_component_xy": [
          0.04489016532897949,
          0.02315624989569187
        ],
        "strategy": "workspace_elevated_xy_low_z",
        "support_z": 0.0036017298698425293,
        "support_z_percentile": 10.0,
        "workspace_bounds": {
          "abs_x_max": 0.2,
          "abs_y_max": 0.2,
          "z_max": 0.08,
          "z_min": -0.02
        }
      },
      "grasp_num_points": 20,
      "grasp_world_xyz": [
        0.04489016532897949,
        0.02315624989569187,
        0.0036115050315856934
      ],
      "metadata": {
        "box_bounds_xyxy_exclusive": [
          63,
          76,
          71,
          85
        ],
        "box_center_world_xyz": [
          0.042313285171985626,
          0.02812500111758709,
          0.03777449578046799
        ],
        "camera_frame_conversion": "opencv_to_opengl",
        "center_strategy": "median",
        "extrinsics_source": "sensor_param.base_camera.cam2world_gl",
        "intrinsics_source": "provided"
      },
      "num_points": 64,
      "point_cloud_path": null,
      "segmentation_id": null,
      "world_xyz": [
        0.04723277688026428,
        0.019062500447034836,
        0.003777444362640381
      ]
    }
  ]
}