{
  "query": {
    "attributes": [
      "red"
    ],
    "normalized_prompt": "red cube",
    "raw_query": "red cube",
    "relations": [],
    "synonyms": [
      "cube",
      "block"
    ],
    "target_name": "cube"
  },
  "top_2d_candidate": {
    "box_xyxy": [
      54.5460319519043,
      72.5327377319336,
      60.38502883911133,
      80.2043685913086
    ],
    "clip_score": 0.0,
    "det_score": 0.6490848660469055,
    "fused_2d_score": 0.6490848660469055,
    "image_crop_path": null,
    "metadata": {
      "detector_metadata": {
        "model_id": "IDEA-Research/grounding-dino-tiny"
      },
      "detector_source": "transformers_groundingdino",
      "skip_clip": true
    },
    "phrase": "red cube",
    "rank": 0,
    "source": "detector_only"
  },
  "top_candidate_3d": {
    "box_area": 63,
    "box_xyxy": [
      54.5460319519043,
      72.5327377319336,
      60.38502883911133,
      80.2043685913086
    ],
    "camera_xyz": [
      -0.07021874934434891,
      0.11737500131130219,
      0.640999972820282
    ],
    "depth_valid_ratio": 0.8571428571428571,
    "grasp_camera_xyz": [
      -0.08025000244379044,
      0.14043749868869781,
      0.6420000195503235
    ],
    "grasp_metadata": {
      "applied": true,
      "component_count": 1,
      "component_fallback_reason": null,
      "component_radius": 0.03,
      "component_selection_strategy": "largest_component_then_low_spread",
      "component_sizes": [
        20
      ],
      "elevated_point_count": 20,
      "elevated_z_offset": 0.015,
      "fallback_reason": null,
      "local_support_point_count": 20,
      "local_support_radius": 0.04,
      "local_support_z_margin": 0.012,
      "min_elevated_points": 12,
      "min_points": 20,
      "num_workspace_points": 54,
      "reason": "component_elevated_xy_with_local_support_z",
      "selected_component_size": 20,
      "selected_component_spread": 0.02356187254190445,
      "selected_component_xy": [
        -0.004903659224510193,
        -0.06868749856948853
      ],
      "strategy": "workspace_elevated_xy_low_z",
      "support_z": 0.0036115050315856934,
      "support_z_percentile": 10.0,
      "workspace_bounds": {
        "abs_x_max": 0.2,
        "abs_y_max": 0.2,
        "z_max": 0.08,
        "z_min": -0.02
      }
    },
    "grasp_num_points": 20,
    "grasp_world_xyz": [
      -0.004903659224510193,
      -0.06868749856948853,
      0.0037578940391540527
    ],
    "metadata": {
      "box_bounds_xyxy_exclusive": [
        54,
        72,
        61,
        81
      ],
      "box_center_world_xyz": [
        0.0034650564193725586,
        -0.06781250238418579,
        0.043240584433078766
      ],
      "camera_frame_conversion": "opencv_to_opengl",
      "center_strategy": "median",
      "extrinsics_source": "sensor_param.base_camera.cam2world_gl",
      "intrinsics_source": "provided"
    },
    "num_points": 54,
    "point_cloud_path": null,
    "segmentation_id": null,
    "world_xyz": [
      -0.001448303461074829,
      -0.07021874934434891,
      0.004041016101837158
    ]
  }
}