{
  "query": {
    "attributes": [
      "red"
    ],
    "normalized_prompt": "red cube",
    "raw_query": "red cube",
    "relations": [],
    "synonyms": [
      "cube",
      "block"
    ],
    "target_name": "cube"
  },
  "top_2d_candidate": {
    "box_xyxy": [
      74.00074005126953,
      65.51664733886719,
      79.35648345947266,
      70.99568176269531
    ],
    "clip_score": 0.0,
    "det_score": 0.5616315007209778,
    "fused_2d_score": 0.5616315007209778,
    "image_crop_path": null,
    "metadata": {
      "detector_metadata": {
        "model_id": "IDEA-Research/grounding-dino-tiny"
      },
      "detector_source": "transformers_groundingdino",
      "skip_clip": true
    },
    "phrase": "red cube",
    "rank": 0,
    "source": "detector_only"
  },
  "top_candidate_3d": {
    "box_area": 36,
    "box_xyxy": [
      74.00074005126953,
      65.51664733886719,
      79.35648345947266,
      70.99568176269531
    ],
    "camera_xyz": [
      0.1411718726158142,
      0.042374998331069946,
      0.6990000009536743
    ],
    "depth_valid_ratio": 0.8055555555555556,
    "grasp_camera_xyz": [
      0.14259375631809235,
      0.06581249833106995,
      0.7020000219345093
    ],
    "grasp_metadata": {
      "applied": true,
      "component_count": 1,
      "component_fallback_reason": null,
      "component_radius": 0.03,
      "component_selection_strategy": "largest_component_then_low_spread",
      "component_sizes": [
        13
      ],
      "elevated_point_count": 13,
      "elevated_z_offset": 0.015,
      "fallback_reason": null,
      "local_support_point_count": 9,
      "local_support_radius": 0.04,
      "local_support_z_margin": 0.012,
      "min_elevated_points": 12,
      "min_points": 20,
      "num_workspace_points": 29,
      "reason": "component_elevated_xy_with_local_support_z",
      "selected_component_size": 13,
      "selected_component_spread": 0.029388651251792908,
      "selected_component_xy": [
        -0.09045392274856567,
        0.13914062082767487
      ],
      "strategy": "workspace_elevated_xy_low_z",
      "support_z": 0.0038653016090393066,
      "support_z_percentile": 10.0,
      "workspace_bounds": {
        "abs_x_max": 0.2,
        "abs_y_max": 0.2,
        "z_max": 0.08,
        "z_min": -0.02
      }
    },
    "grasp_num_points": 13,
    "grasp_world_xyz": [
      -0.09045392274856567,
      0.13914062082767487,
      0.007359683513641357
    ],
    "metadata": {
      "box_bounds_xyxy_exclusive": [
        74,
        65,
        80,
        71
      ],
      "box_center_world_xyz": [
        -0.09045392274856567,
        0.13771873712539673,
        0.04409955441951752
      ],
      "camera_frame_conversion": "opencv_to_opengl",
      "center_strategy": "median",
      "extrinsics_source": "sensor_param.base_camera.cam2world_gl",
      "intrinsics_source": "provided"
    },
    "num_points": 29,
    "point_cloud_path": null,
    "segmentation_id": null,
    "world_xyz": [
      -0.10401907563209534,
      0.1411718726158142,
      0.013235688209533691
    ]
  }
}