{
  "candidates_3d": [
    {
      "box_area": 42,
      "box_xyxy": [
        61.527305603027344,
        68.50765228271484,
        66.42010498046875,
        74.31792449951172
      ],
      "camera_xyz": [
        -0.010242187418043613,
        0.07164062559604645,
        0.6679999828338623
      ],
      "depth_valid_ratio": 0.8571428571428571,
      "grasp_camera_xyz": [
        -0.010609375312924385,
        0.10609374940395355,
        0.6790000200271606
      ],
      "grasp_metadata": {
        "applied": true,
        "component_count": 1,
        "component_fallback_reason": null,
        "component_radius": 0.03,
        "component_selection_strategy": "largest_component_then_low_spread",
        "component_sizes": [
          14
        ],
        "elevated_point_count": 14,
        "elevated_z_offset": 0.015,
        "fallback_reason": null,
        "local_support_point_count": 10,
        "local_support_radius": 0.04,
        "local_support_z_margin": 0.012,
        "min_elevated_points": 12,
        "min_points": 20,
        "num_workspace_points": 31,
        "reason": "component_elevated_xy_with_local_support_z",
        "selected_component_size": 14,
        "selected_component_spread": 0.019902048632502556,
        "selected_component_xy": [
          -0.05323329567909241,
          -0.005117187276482582
        ],
        "strategy": "workspace_elevated_xy_low_z",
        "support_z": 0.0035138726234436035,
        "support_z_percentile": 10.0,
        "workspace_bounds": {
          "abs_x_max": 0.2,
          "abs_y_max": 0.2,
          "z_max": 0.08,
          "z_min": -0.02
        }
      },
      "grasp_num_points": 14,
      "grasp_world_xyz": [
        -0.05323329567909241,
        -0.005117187276482582,
        0.0036993324756622314
      ],
      "metadata": {
        "box_bounds_xyxy_exclusive": [
          61,
          68,
          67,
          75
        ],
        "box_center_world_xyz": [
          -0.0532333068549633,
          0.0,
          0.0437774732708931
        ],
        "camera_frame_conversion": "opencv_to_opengl",
        "center_strategy": "median",
        "extrinsics_source": "sensor_param.base_camera.cam2world_gl",
        "intrinsics_source": "provided"
      },
      "num_points": 36,
      "point_cloud_path": null,
      "segmentation_id": null,
      "world_xyz": [
        -0.053211361169815063,
        -0.010242187418043613,
        0.026407986879348755
      ]
    }
  ]
}