{
  "min_xy_distance_from_pick": 0.05,
  "place_query": "green cube",
  "place_target_source": "predicted_place_object",
  "selected": {
    "metadata": {
      "num_candidates": 1,
      "num_close_to_pick_rejected": 0,
      "num_eligible_candidates": 1,
      "num_invalid_candidates": 0,
      "place_pick_xy_distance": 0.06810005754232407,
      "place_query": "green cube",
      "place_target_z": 0.02,
      "raw_semantic_world_xyz": [
        -0.053211361169815063,
        -0.010242187418043613,
        0.026407986879348755
      ],
      "selected_candidate_index": 0,
      "selected_clip_score": 0.0,
      "selected_depth_valid_ratio": 0.8571428571428571,
      "selected_det_score": 0.5909396409988403,
      "selected_fused_2d_score": 0.5909396409988403,
      "selected_grasp_world_xyz": [
        -0.05323329567909241,
        -0.005117187276482582,
        0.0036993324756622314
      ],
      "selected_num_points": 36,
      "selected_phrase": "green cube",
      "selected_world_xyz": [
        -0.05323329567909241,
        -0.005117187276482582,
        0.019999999552965164
      ],
      "selection_reason": "first_ranked_candidate_far_from_pick"
    },
    "place_xyz": [
      -0.05323329567909241,
      -0.005117187276482582,
      0.019999999552965164
    ],
    "source": "predicted_place_object"
  }
}