{
  "query": {
    "attributes": [
      "red"
    ],
    "normalized_prompt": "red cube",
    "raw_query": "red cube",
    "relations": [],
    "synonyms": [
      "cube",
      "block"
    ],
    "target_name": "cube"
  },
  "top_2d_candidate": {
    "box_xyxy": [
      50.83422088623047,
      73.52104187011719,
      57.405487060546875,
      80.03822326660156
    ],
    "clip_score": 0.0,
    "det_score": 0.6404867768287659,
    "fused_2d_score": 0.6404867768287659,
    "image_crop_path": null,
    "metadata": {
      "detector_metadata": {
        "model_id": "IDEA-Research/grounding-dino-tiny"
      },
      "detector_source": "transformers_groundingdino",
      "skip_clip": true
    },
    "phrase": "red cube",
    "rank": 0,
    "source": "detector_only"
  },
  "top_candidate_3d": {
    "box_area": 64,
    "box_xyxy": [
      50.83422088623047,
      73.52104187011719,
      57.405487060546875,
      80.03822326660156
    ],
    "camera_xyz": [
      -0.09937499463558197,
      0.12593750655651093,
      0.6430000066757202
    ],
    "depth_valid_ratio": 0.734375,
    "grasp_camera_xyz": [
      -0.0904218778014183,
      0.15070313215255737,
      0.6430000066757202
    ],
    "grasp_metadata": {
      "applied": true,
      "component_count": 1,
      "component_fallback_reason": null,
      "component_radius": 0.03,
      "component_selection_strategy": "largest_component_then_low_spread",
      "component_sizes": [
        15
      ],
      "elevated_point_count": 15,
      "elevated_z_offset": 0.015,
      "fallback_reason": null,
      "local_support_point_count": 17,
      "local_support_radius": 0.04,
      "local_support_z_margin": 0.012,
      "min_elevated_points": 12,
      "min_points": 20,
      "num_workspace_points": 47,
      "reason": "component_elevated_xy_with_local_support_z",
      "selected_component_size": 15,
      "selected_component_spread": 0.023605674505233765,
      "selected_component_xy": [
        0.0034650564193725586,
        -0.0989062488079071
      ],
      "strategy": "workspace_elevated_xy_low_z",
      "support_z": 0.0036075948737561703,
      "support_z_percentile": 10.0,
      "workspace_bounds": {
        "abs_x_max": 0.2,
        "abs_y_max": 0.2,
        "z_max": 0.08,
        "z_min": -0.02
      }
    },
    "grasp_num_points": 15,
    "grasp_world_xyz": [
      0.0034650564193725586,
      -0.0989062488079071,
      0.0037578940391540527
    ],
    "metadata": {
      "box_bounds_xyxy_exclusive": [
        50,
        73,
        58,
        81
      ],
      "box_center_world_xyz": [
        0.007767185568809509,
        -0.09796874225139618,
        0.030834540724754333
      ],
      "camera_frame_conversion": "opencv_to_opengl",
      "center_strategy": "median",
      "extrinsics_source": "sensor_param.base_camera.cam2world_gl",
      "intrinsics_source": "provided"
    },
    "num_points": 47,
    "point_cloud_path": null,
    "segmentation_id": null,
    "world_xyz": [
      0.0034650564193725586,
      -0.09937499463558197,
      0.004060506820678711
    ]
  }
}