{
  "candidates_3d": [
    {
      "box_area": 64,
      "box_xyxy": [
        70.62287902832031,
        61.47886276245117,
        77.1162109375,
        68.25064086914062
      ],
      "camera_xyz": [
        0.1098065972328186,
        0.0034527317620813847,
        0.7341424822807312
      ],
      "depth_valid_ratio": 1.0,
      "grasp_camera_xyz": [
        0.10503878444433212,
        0.0233419518917799,
        0.7469424605369568
      ],
      "grasp_metadata": {
        "applied": true,
        "component_count": 2,
        "component_fallback_reason": null,
        "component_radius": 0.03,
        "component_selection_strategy": "largest_component_then_low_spread",
        "component_sizes": [
          22,
          1
        ],
        "elevated_point_count": 23,
        "elevated_z_offset": 0.015,
        "fallback_reason": null,
        "local_support_point_count": 13,
        "local_support_radius": 0.04,
        "local_support_z_margin": 0.012,
        "min_elevated_points": 12,
        "min_points": 20,
        "num_workspace_points": 45,
        "reason": "component_elevated_xy_with_local_support_z",
        "selected_component_size": 22,
        "selected_component_spread": 0.039785176515579224,
        "selected_component_xy": [
          -0.14614899456501007,
          0.11138017475605011
        ],
        "strategy": "workspace_elevated_xy_low_z",
        "support_z": -0.003266262821853161,
        "support_z_percentile": 10.0,
        "workspace_bounds": {
          "abs_x_max": 0.2,
          "abs_y_max": 0.2,
          "z_max": 0.08,
          "z_min": -0.02
        }
      },
      "grasp_num_points": 22,
      "grasp_world_xyz": [
        -0.14614899456501007,
        0.11138017475605011,
        0.002154409885406494
      ],
      "metadata": {
        "box_bounds_xyxy_exclusive": [
          70,
          61,
          78,
          69
        ],
        "box_center_world_xyz": [
          -0.1251995861530304,
          0.10847035050392151,
          0.05113685503602028
        ],
        "camera_frame_conversion": "opencv_to_opengl",
        "center_strategy": "median",
        "extrinsics_source": "sensor_param.base_camera.cam2world_gl",
        "intrinsics_source": "provided"
      },
      "num_points": 64,
      "point_cloud_path": null,
      "segmentation_id": null,
      "world_xyz": [
        -0.14737653732299805,
        0.1098065972328186,
        0.01131284236907959
      ]
    }
  ]
}