{
  "candidates_3d": [
    {
      "box_area": 56,
      "box_xyxy": [
        55.584625244140625,
        65.6930923461914,
        61.24864959716797,
        72.40491485595703
      ],
      "camera_xyz": [
        -0.0643094927072525,
        0.048919789493083954,
        0.6928753852844238
      ],
      "depth_valid_ratio": 1.0,
      "grasp_camera_xyz": [
        -0.054896093904972076,
        0.07685452699661255,
        0.7026699781417847
      ],
      "grasp_metadata": {
        "applied": true,
        "component_count": 2,
        "component_fallback_reason": null,
        "component_radius": 0.03,
        "component_selection_strategy": "largest_component_then_low_spread",
        "component_sizes": [
          22,
          1
        ],
        "elevated_point_count": 23,
        "elevated_z_offset": 0.015,
        "fallback_reason": null,
        "local_support_point_count": 14,
        "local_support_radius": 0.04,
        "local_support_z_margin": 0.012,
        "min_elevated_points": 12,
        "min_points": 20,
        "num_workspace_points": 49,
        "reason": "component_elevated_xy_with_local_support_z",
        "selected_component_size": 22,
        "selected_component_spread": 0.037757668644189835,
        "selected_component_xy": [
          -0.08316273987293243,
          -0.0643094927072525
        ],
        "strategy": "workspace_elevated_xy_low_z",
        "support_z": -0.002037513069808483,
        "support_z_percentile": 10.0,
        "workspace_bounds": {
          "abs_x_max": 0.2,
          "abs_y_max": 0.2,
          "z_max": 0.08,
          "z_min": -0.02
        }
      },
      "grasp_num_points": 22,
      "grasp_world_xyz": [
        -0.08316273987293243,
        -0.0643094927072525,
        3.844499588012695e-06
      ],
      "metadata": {
        "box_bounds_xyxy_exclusive": [
          55,
          65,
          62,
          73
        ],
        "box_center_world_xyz": [
          -0.08978386223316193,
          -0.06482686847448349,
          0.026292238384485245
        ],
        "camera_frame_conversion": "opencv_to_opengl",
        "center_strategy": "median",
        "extrinsics_source": "sensor_param.base_camera.cam2world_gl",
        "intrinsics_source": "provided"
      },
      "num_points": 56,
      "point_cloud_path": null,
      "segmentation_id": null,
      "world_xyz": [
        -0.08316273987293243,
        -0.0643094927072525,
        0.014630943536758423
      ]
    }
  ]
}