{
  "candidates_3d": [
    {
      "box_area": 56,
      "box_xyxy": [
        68.6139907836914,
        69.59122467041016,
        74.34270477294922,
        76.2999038696289
      ],
      "camera_xyz": [
        0.07226751744747162,
        0.08161446452140808,
        0.6614387631416321
      ],
      "depth_valid_ratio": 1.0,
      "grasp_camera_xyz": [
        0.07320832461118698,
        0.11504165828227997,
        0.669333279132843
      ],
      "grasp_metadata": {
        "applied": true,
        "component_count": 1,
        "component_fallback_reason": null,
        "component_radius": 0.03,
        "component_selection_strategy": "largest_component_then_low_spread",
        "component_sizes": [
          21
        ],
        "elevated_point_count": 21,
        "elevated_z_offset": 0.015,
        "fallback_reason": null,
        "local_support_point_count": 14,
        "local_support_radius": 0.04,
        "local_support_z_margin": 0.012,
        "min_elevated_points": 12,
        "min_points": 20,
        "num_workspace_points": 48,
        "reason": "component_elevated_xy_with_local_support_z",
        "selected_component_size": 21,
        "selected_component_spread": 0.023507896810770035,
        "selected_component_xy": [
          -0.042053669691085815,
          0.0711444541811943
        ],
        "strategy": "workspace_elevated_xy_low_z",
        "support_z": -0.0011753319995477796,
        "support_z_percentile": 10.0,
        "workspace_bounds": {
          "abs_x_max": 0.2,
          "abs_y_max": 0.2,
          "z_max": 0.08,
          "z_min": -0.02
        }
      },
      "grasp_num_points": 21,
      "grasp_world_xyz": [
        -0.042053669691085815,
        0.0711444541811943,
        0.0024489760398864746
      ],
      "metadata": {
        "box_bounds_xyxy_exclusive": [
          68,
          69,
          75,
          77
        ],
        "box_center_world_xyz": [
          -0.029972851276397705,
          0.07009478658437729,
          0.043268606066703796
        ],
        "camera_frame_conversion": "opencv_to_opengl",
        "center_strategy": "median",
        "extrinsics_source": "sensor_param.base_camera.cam2world_gl",
        "intrinsics_source": "provided"
      },
      "num_points": 56,
      "point_cloud_path": null,
      "segmentation_id": null,
      "world_xyz": [
        -0.031571224331855774,
        0.07226751744747162,
        0.018135517835617065
      ]
    }
  ]
}