{
  "candidates_3d": [
    {
      "box_area": 72,
      "box_xyxy": [
        76.54218292236328,
        71.53923034667969,
        83.3083724975586,
        79.3619384765625
      ],
      "camera_xyz": [
        0.15553170442581177,
        0.10989437997341156,
        0.6528854966163635
      ],
      "depth_valid_ratio": 1.0,
      "grasp_camera_xyz": [
        0.14505618810653687,
        0.13469503819942474,
        0.6631140112876892
      ],
      "grasp_metadata": {
        "applied": true,
        "component_count": 2,
        "component_fallback_reason": null,
        "component_radius": 0.03,
        "component_selection_strategy": "largest_component_then_low_spread",
        "component_sizes": [
          30,
          1
        ],
        "elevated_point_count": 31,
        "elevated_z_offset": 0.015,
        "fallback_reason": null,
        "local_support_point_count": 18,
        "local_support_radius": 0.04,
        "local_support_z_margin": 0.012,
        "min_elevated_points": 12,
        "min_points": 20,
        "num_workspace_points": 69,
        "reason": "component_elevated_xy_with_local_support_z",
        "selected_component_size": 30,
        "selected_component_spread": 0.049920957535505295,
        "selected_component_xy": [
          -0.01360785961151123,
          0.15420059859752655
        ],
        "strategy": "workspace_elevated_xy_low_z",
        "support_z": -0.004348826594650745,
        "support_z_percentile": 10.0,
        "workspace_bounds": {
          "abs_x_max": 0.2,
          "abs_y_max": 0.2,
          "z_max": 0.08,
          "z_min": -0.02
        }
      },
      "grasp_num_points": 30,
      "grasp_world_xyz": [
        -0.01360785961151123,
        0.15420059859752655,
        -0.00013044476509094238
      ],
      "metadata": {
        "box_bounds_xyxy_exclusive": [
          76,
          71,
          84,
          80
        ],
        "box_center_world_xyz": [
          -0.0050017982721328735,
          0.15545985102653503,
          0.04765850305557251
        ],
        "camera_frame_conversion": "opencv_to_opengl",
        "center_strategy": "median",
        "extrinsics_source": "sensor_param.base_camera.cam2world_gl",
        "intrinsics_source": "provided"
      },
      "num_points": 72,
      "point_cloud_path": null,
      "segmentation_id": null,
      "world_xyz": [
        -0.014931976795196533,
        0.15553170442581177,
        0.00849384069442749
      ]
    }
  ]
}