{
  "query": {
    "attributes": [
      "red"
    ],
    "normalized_prompt": "red cube",
    "raw_query": "red cube",
    "relations": [],
    "synonyms": [
      "cube",
      "block"
    ],
    "target_name": "cube"
  },
  "top_2d_candidate": {
    "box_xyxy": [
      52.449073791503906,
      74.5918960571289,
      59.287750244140625,
      82.3230972290039
    ],
    "clip_score": 0.0,
    "det_score": 0.6556414365768433,
    "fused_2d_score": 0.6556414365768433,
    "image_crop_path": null,
    "metadata": {
      "detector_metadata": {
        "model_id": "IDEA-Research/grounding-dino-tiny"
      },
      "detector_source": "transformers_groundingdino",
      "skip_clip": true
    },
    "phrase": "red cube",
    "rank": 0,
    "source": "detector_only"
  },
  "top_candidate_3d": {
    "box_area": 72,
    "box_xyxy": [
      52.449073791503906,
      74.5918960571289,
      59.287750244140625,
      82.3230972290039
    ],
    "camera_xyz": [
      -0.07862500101327896,
      0.1334531307220459,
      0.6299999952316284
    ],
    "depth_valid_ratio": 0.9305555555555556,
    "grasp_camera_xyz": [
      -0.07862500101327896,
      0.16707812249660492,
      0.6290000081062317
    ],
    "grasp_metadata": {
      "applied": true,
      "component_count": 1,
      "component_fallback_reason": null,
      "component_radius": 0.03,
      "component_selection_strategy": "largest_component_then_low_spread",
      "component_sizes": [
        20
      ],
      "elevated_point_count": 20,
      "elevated_z_offset": 0.015,
      "fallback_reason": null,
      "local_support_point_count": 21,
      "local_support_radius": 0.04,
      "local_support_z_margin": 0.012,
      "min_elevated_points": 12,
      "min_points": 20,
      "num_workspace_points": 67,
      "reason": "component_elevated_xy_with_local_support_z",
      "selected_component_size": 20,
      "selected_component_spread": 0.0260702446103096,
      "selected_component_xy": [
        0.024494856595993042,
        -0.08137500286102295
      ],
      "strategy": "workspace_elevated_xy_low_z",
      "support_z": 0.0033498883713036776,
      "support_z_percentile": 10.0,
      "workspace_bounds": {
        "abs_x_max": 0.2,
        "abs_y_max": 0.2,
        "z_max": 0.08,
        "z_min": -0.02
      }
    },
    "grasp_num_points": 20,
    "grasp_world_xyz": [
      0.024494856595993042,
      -0.08137500286102295,
      0.0036017298698425293
    ],
    "metadata": {
      "box_bounds_xyxy_exclusive": [
        52,
        74,
        60,
        83
      ],
      "box_center_world_xyz": [
        0.02449483424425125,
        -0.07587499916553497,
        0.043064892292022705
      ],
      "camera_frame_conversion": "opencv_to_opengl",
      "center_strategy": "median",
      "extrinsics_source": "sensor_param.base_camera.cam2world_gl",
      "intrinsics_source": "provided"
    },
    "num_points": 67,
    "point_cloud_path": null,
    "segmentation_id": null,
    "world_xyz": [
      0.014292299747467041,
      -0.07862500101327896,
      0.003992140293121338
    ]
  }
}