{
  "query": {
    "attributes": [
      "red"
    ],
    "normalized_prompt": "red cube",
    "raw_query": "red cube",
    "relations": [],
    "synonyms": [
      "cube",
      "block"
    ],
    "target_name": "cube"
  },
  "top_2d_candidate": {
    "box_xyxy": [
      61.61762237548828,
      79.39244079589844,
      68.35907745361328,
      86.16558837890625
    ],
    "clip_score": 0.0,
    "det_score": 0.7255927324295044,
    "fused_2d_score": 0.7255927324295044,
    "image_crop_path": null,
    "metadata": {
      "detector_metadata": {
        "model_id": "IDEA-Research/grounding-dino-tiny"
      },
      "detector_source": "transformers_groundingdino",
      "skip_clip": true
    },
    "phrase": "red cube",
    "rank": 0,
    "source": "detector_only"
  },
  "top_candidate_3d": {
    "box_area": 64,
    "box_xyxy": [
      61.61762237548828,
      79.39244079589844,
      68.35907745361328,
      86.16558837890625
    ],
    "camera_xyz": [
      0.004463697783648968,
      0.17192015051841736,
      0.6025965213775635
    ],
    "depth_valid_ratio": 1.0,
    "grasp_camera_xyz": [
      0.028288207948207855,
      0.18858805298805237,
      0.6034817695617676
    ],
    "grasp_metadata": {
      "applied": true,
      "component_count": 1,
      "component_fallback_reason": null,
      "component_radius": 0.03,
      "component_selection_strategy": "largest_component_then_low_spread",
      "component_sizes": [
        27
      ],
      "elevated_point_count": 27,
      "elevated_z_offset": 0.015,
      "fallback_reason": null,
      "local_support_point_count": 19,
      "local_support_radius": 0.04,
      "local_support_z_margin": 0.012,
      "min_elevated_points": 12,
      "min_points": 20,
      "num_workspace_points": 64,
      "reason": "component_elevated_xy_with_local_support_z",
      "selected_component_size": 27,
      "selected_component_spread": 0.024399666115641594,
      "selected_component_xy": [
        0.06646665930747986,
        0.008927395567297935
      ],
      "strategy": "workspace_elevated_xy_low_z",
      "support_z": -0.00036148427170701325,
      "support_z_percentile": 10.0,
      "workspace_bounds": {
        "abs_x_max": 0.2,
        "abs_y_max": 0.2,
        "z_max": 0.08,
        "z_min": -0.02
      }
    },
    "grasp_num_points": 27,
    "grasp_world_xyz": [
      0.06646665930747986,
      0.008927395567297935,
      0.004735410213470459
    ],
    "metadata": {
      "box_bounds_xyxy_exclusive": [
        61,
        79,
        69,
        87
      ],
      "box_center_world_xyz": [
        0.0736301839351654,
        0.009002944454550743,
        0.043214648962020874
      ],
      "camera_frame_conversion": "opencv_to_opengl",
      "center_strategy": "median",
      "extrinsics_source": "sensor_param.base_camera.cam2world_gl",
      "intrinsics_source": "provided"
    },
    "num_points": 64,
    "point_cloud_path": null,
    "segmentation_id": null,
    "world_xyz": [
      0.06320950388908386,
      0.004463697783648968,
      0.008969783782958984
    ]
  }
}