{
  "candidates_3d": [
    {
      "box_area": 56,
      "box_xyxy": [
        67.51039123535156,
        75.46255493164062,
        73.40594482421875,
        82.19100952148438
      ],
      "camera_xyz": [
        0.05788532271981239,
        0.13996511697769165,
        0.6290783882141113
      ],
      "depth_valid_ratio": 1.0,
      "grasp_camera_xyz": [
        0.049113281071186066,
        0.1669851541519165,
        0.6286500096321106
      ],
      "grasp_metadata": {
        "applied": true,
        "component_count": 1,
        "component_fallback_reason": null,
        "component_radius": 0.03,
        "component_selection_strategy": "largest_component_then_low_spread",
        "component_sizes": [
          33
        ],
        "elevated_point_count": 33,
        "elevated_z_offset": 0.015,
        "fallback_reason": null,
        "local_support_point_count": 8,
        "local_support_radius": 0.04,
        "local_support_z_margin": 0.012,
        "min_elevated_points": 12,
        "min_points": 20,
        "num_workspace_points": 56,
        "reason": "component_elevated_xy_with_local_support_z",
        "selected_component_size": 33,
        "selected_component_spread": 0.036880891770124435,
        "selected_component_xy": [
          0.02397879958152771,
          0.05712909623980522
        ],
        "strategy": "workspace_elevated_xy_low_z",
        "support_z": -0.010126322507858276,
        "support_z_percentile": 10.0,
        "workspace_bounds": {
          "abs_x_max": 0.2,
          "abs_y_max": 0.2,
          "z_max": 0.08,
          "z_min": -0.02
        }
      },
      "grasp_num_points": 33,
      "grasp_world_xyz": [
        0.02397879958152771,
        0.05712909623980522,
        -0.004367560148239136
      ],
      "metadata": {
        "box_bounds_xyxy_exclusive": [
          67,
          75,
          74,
          83
        ],
        "box_center_world_xyz": [
          0.03570792078971863,
          0.056098178029060364,
          0.04513269662857056
        ],
        "camera_frame_conversion": "opencv_to_opengl",
        "center_strategy": "median",
        "extrinsics_source": "sensor_param.base_camera.cam2world_gl",
        "intrinsics_source": "provided"
      },
      "num_points": 56,
      "point_cloud_path": null,
      "segmentation_id": null,
      "world_xyz": [
        0.022925332188606262,
        0.05788532271981239,
        0.010535329580307007
      ]
    }
  ]
}