{
  "query": {
    "attributes": [
      "red"
    ],
    "normalized_prompt": "red cube",
    "raw_query": "red cube",
    "relations": [],
    "synonyms": [
      "cube",
      "block"
    ],
    "target_name": "cube"
  },
  "top_2d_candidate": {
    "box_xyxy": [
      63.53232192993164,
      72.49559020996094,
      69.3655776977539,
      80.17135620117188
    ],
    "clip_score": 0.0,
    "det_score": 0.587628960609436,
    "fused_2d_score": 0.587628960609436,
    "image_crop_path": null,
    "metadata": {
      "detector_metadata": {
        "model_id": "IDEA-Research/grounding-dino-tiny"
      },
      "detector_source": "transformers_groundingdino",
      "skip_clip": true
    },
    "phrase": "red cube",
    "rank": 0,
    "source": "detector_only"
  },
  "top_candidate_3d": {
    "box_area": 63,
    "box_xyxy": [
      63.53232192993164,
      72.49559020996094,
      69.3655776977539,
      80.17135620117188
    ],
    "camera_xyz": [
      0.019843749701976776,
      0.12103123962879181,
      0.6430000066757202
    ],
    "depth_valid_ratio": 0.9523809523809523,
    "grasp_camera_xyz": [
      0.03023437410593033,
      0.14109374582767487,
      0.6449999809265137
    ],
    "grasp_metadata": {
      "applied": true,
      "component_count": 1,
      "component_fallback_reason": null,
      "component_radius": 0.03,
      "component_selection_strategy": "largest_component_then_low_spread",
      "component_sizes": [
        19
      ],
      "elevated_point_count": 19,
      "elevated_z_offset": 0.015,
      "fallback_reason": null,
      "local_support_point_count": 22,
      "local_support_radius": 0.04,
      "local_support_z_margin": 0.012,
      "min_elevated_points": 12,
      "min_points": 20,
      "num_workspace_points": 60,
      "reason": "component_elevated_xy_with_local_support_z",
      "selected_component_size": 19,
      "selected_component_spread": 0.027489669620990753,
      "selected_component_xy": [
        0.00011709332466125488,
        0.019593749195337296
      ],
      "strategy": "workspace_elevated_xy_low_z",
      "support_z": 0.0036115050315856934,
      "support_z_percentile": 10.0,
      "workspace_bounds": {
        "abs_x_max": 0.2,
        "abs_y_max": 0.2,
        "z_max": 0.08,
        "z_min": -0.02
      }
    },
    "grasp_num_points": 19,
    "grasp_world_xyz": [
      0.00011709332466125488,
      0.019593749195337296,
      0.0037578940391540527
    ],
    "metadata": {
      "box_bounds_xyxy_exclusive": [
        63,
        72,
        70,
        81
      ],
      "box_center_world_xyz": [
        0.0034650564193725586,
        0.019375000149011612,
        0.043240584433078766
      ],
      "camera_frame_conversion": "opencv_to_opengl",
      "center_strategy": "median",
      "extrinsics_source": "sensor_param.base_camera.cam2world_gl",
      "intrinsics_source": "provided"
    },
    "num_points": 60,
    "point_cloud_path": null,
    "segmentation_id": null,
    "world_xyz": [
      0.00021347403526306152,
      0.019843749701976776,
      0.004041016101837158
    ]
  }
}