{
  "candidates_3d": [
    {
      "box_area": 64,
      "box_xyxy": [
        78.90953826904297,
        67.46168518066406,
        85.16072845458984,
        74.3033447265625
      ],
      "camera_xyz": [
        0.18481029570102692,
        0.06933122128248215,
        0.6829948425292969
      ],
      "depth_valid_ratio": 1.0,
      "grasp_camera_xyz": [
        0.1725335270166397,
        0.09705010801553726,
        0.6901341080665588
      ],
      "grasp_metadata": {
        "applied": true,
        "component_count": 1,
        "component_fallback_reason": null,
        "component_radius": 0.03,
        "component_selection_strategy": "largest_component_then_low_spread",
        "component_sizes": [
          23
        ],
        "elevated_point_count": 23,
        "elevated_z_offset": 0.015,
        "fallback_reason": null,
        "local_support_point_count": 15,
        "local_support_radius": 0.04,
        "local_support_z_margin": 0.012,
        "min_elevated_points": 12,
        "min_points": 20,
        "num_workspace_points": 44,
        "reason": "component_elevated_xy_with_local_support_z",
        "selected_component_size": 23,
        "selected_component_spread": 0.035209015011787415,
        "selected_component_xy": [
          -0.06565213203430176,
          0.18035408854484558
        ],
        "strategy": "workspace_elevated_xy_low_z",
        "support_z": 0.00146561861038208,
        "support_z_percentile": 10.0,
        "workspace_bounds": {
          "abs_x_max": 0.2,
          "abs_y_max": 0.2,
          "z_max": 0.08,
          "z_min": -0.02
        }
      },
      "grasp_num_points": 23,
      "grasp_world_xyz": [
        -0.06565213203430176,
        0.18035408854484558,
        0.002952396869659424
      ],
      "metadata": {
        "box_bounds_xyxy_exclusive": [
          78,
          67,
          86,
          75
        ],
        "box_center_world_xyz": [
          -0.0539446584880352,
          0.18458972871303558,
          0.04265732318162918
        ],
        "camera_frame_conversion": "opencv_to_opengl",
        "center_strategy": "median",
        "extrinsics_source": "sensor_param.base_camera.cam2world_gl",
        "intrinsics_source": "provided"
      },
      "num_points": 64,
      "point_cloud_path": null,
      "segmentation_id": null,
      "world_xyz": [
        -0.06799905002117157,
        0.18481029570102692,
        0.008068323135375977
      ]
    }
  ]
}