{
  "candidates_3d": [
    {
      "box_area": 72,
      "box_xyxy": [
        68.52751159667969,
        75.5061264038086,
        75.38058471679688,
        83.26490020751953
      ],
      "camera_xyz": [
        0.0742499977350235,
        0.148499995470047,
        0.6240000128746033
      ],
      "depth_valid_ratio": 0.7361111111111112,
      "grasp_camera_xyz": [
        0.0885937511920929,
        0.16734375059604645,
        0.6299999952316284
      ],
      "grasp_metadata": {
        "applied": true,
        "component_count": 1,
        "component_fallback_reason": null,
        "component_radius": 0.03,
        "component_selection_strategy": "largest_component_then_low_spread",
        "component_sizes": [
          14
        ],
        "elevated_point_count": 14,
        "elevated_z_offset": 0.015,
        "fallback_reason": null,
        "local_support_point_count": 22,
        "local_support_radius": 0.04,
        "local_support_z_margin": 0.012,
        "min_elevated_points": 12,
        "min_points": 20,
        "num_workspace_points": 53,
        "reason": "component_elevated_xy_with_local_support_z",
        "selected_component_size": 14,
        "selected_component_spread": 0.02260880544781685,
        "selected_component_xy": [
          0.029250800609588623,
          0.07462500035762787
        ],
        "strategy": "workspace_elevated_xy_low_z",
        "support_z": 0.0031859041191637516,
        "support_z_percentile": 10.0,
        "workspace_bounds": {
          "abs_x_max": 0.2,
          "abs_y_max": 0.2,
          "z_max": 0.08,
          "z_min": -0.02
        }
      },
      "grasp_num_points": 14,
      "grasp_world_xyz": [
        0.029250800609588623,
        0.07462500035762787,
        0.003767669200897217
      ],
      "metadata": {
        "box_bounds_xyxy_exclusive": [
          68,
          75,
          76,
          84
        ],
        "box_center_world_xyz": [
          0.03499263525009155,
          0.07500000298023224,
          0.043631017208099365
        ],
        "camera_frame_conversion": "opencv_to_opengl",
        "center_strategy": "median",
        "extrinsics_source": "sensor_param.base_camera.cam2world_gl",
        "intrinsics_source": "provided"
      },
      "num_points": 53,
      "point_cloud_path": null,
      "segmentation_id": null,
      "world_xyz": [
        0.032864779233932495,
        0.0742499977350235,
        0.003777444362640381
      ]
    }
  ]
}