{
  "candidates_3d": [
    {
      "box_area": 56,
      "box_xyxy": [
        68.58660888671875,
        68.5158920288086,
        74.15255737304688,
        75.45796966552734
      ],
      "camera_xyz": [
        0.07207812368869781,
        0.06804686784744263,
        0.6649999618530273
      ],
      "depth_valid_ratio": 0.9285714285714286,
      "grasp_camera_xyz": [
        0.07349999994039536,
        0.10499999672174454,
        0.671999990940094
      ],
      "grasp_metadata": {
        "applied": true,
        "component_count": 1,
        "component_fallback_reason": null,
        "component_radius": 0.03,
        "component_selection_strategy": "largest_component_then_low_spread",
        "component_sizes": [
          13
        ],
        "elevated_point_count": 13,
        "elevated_z_offset": 0.015,
        "fallback_reason": null,
        "local_support_point_count": 15,
        "local_support_radius": 0.04,
        "local_support_z_margin": 0.012,
        "min_elevated_points": 12,
        "min_points": 20,
        "num_workspace_points": 37,
        "reason": "component_elevated_xy_with_local_support_z",
        "selected_component_size": 13,
        "selected_component_spread": 0.024388905614614487,
        "selected_component_xy": [
          -0.05323329567909241,
          0.07251562178134918
        ],
        "strategy": "workspace_elevated_xy_low_z",
        "support_z": 0.003876972245052457,
        "support_z_percentile": 10.0,
        "workspace_bounds": {
          "abs_x_max": 0.2,
          "abs_y_max": 0.2,
          "z_max": 0.08,
          "z_min": -0.02
        }
      },
      "grasp_num_points": 13,
      "grasp_world_xyz": [
        -0.05323329567909241,
        0.07251562178134918,
        0.003992140293121338
      ],
      "metadata": {
        "box_bounds_xyxy_exclusive": [
          68,
          68,
          75,
          76
        ],
        "box_center_world_xyz": [
          -0.04155202955007553,
          0.07087500393390656,
          0.043396759778261185
        ],
        "camera_frame_conversion": "opencv_to_opengl",
        "center_strategy": "median",
        "extrinsics_source": "sensor_param.base_camera.cam2world_gl",
        "intrinsics_source": "provided"
      },
      "num_points": 52,
      "point_cloud_path": null,
      "segmentation_id": null,
      "world_xyz": [
        -0.03931067883968353,
        0.07207812368869781,
        0.03316250443458557
      ]
    }
  ]
}