{
  "candidates_3d": [
    {
      "box_area": 90,
      "box_xyxy": [
        75.66998291015625,
        86.46125793457031,
        83.31539916992188,
        95.20530700683594
      ],
      "camera_xyz": [
        0.1303125023841858,
        0.22485937178134918,
        0.5559999942779541
      ],
      "depth_valid_ratio": 0.8333333333333334,
      "grasp_camera_xyz": [
        0.1139531210064888,
        0.25420311093330383,
        0.5609999895095825
      ],
      "grasp_metadata": {
        "applied": true,
        "component_count": 1,
        "component_fallback_reason": null,
        "component_radius": 0.03,
        "component_selection_strategy": "largest_component_then_low_spread",
        "component_sizes": [
          25
        ],
        "elevated_point_count": 25,
        "elevated_z_offset": 0.015,
        "fallback_reason": null,
        "local_support_point_count": 29,
        "local_support_radius": 0.04,
        "local_support_z_margin": 0.012,
        "min_elevated_points": 12,
        "min_points": 20,
        "num_workspace_points": 75,
        "reason": "component_elevated_xy_with_local_support_z",
        "selected_component_size": 25,
        "selected_component_spread": 0.02438819408416748,
        "selected_component_xy": [
          0.13458271324634552,
          0.12984375655651093
        ],
        "strategy": "workspace_elevated_xy_low_z",
        "support_z": 0.0030161142349243164,
        "support_z_percentile": 10.0,
        "workspace_bounds": {
          "abs_x_max": 0.2,
          "abs_y_max": 0.2,
          "z_max": 0.08,
          "z_min": -0.02
        }
      },
      "grasp_num_points": 25,
      "grasp_world_xyz": [
        0.13458271324634552,
        0.12984375655651093,
        0.003133237361907959
      ],
      "metadata": {
        "box_bounds_xyxy_exclusive": [
          75,
          86,
          84,
          96
        ],
        "box_center_world_xyz": [
          0.14114686846733093,
          0.12609374523162842,
          0.038106366991996765
        ],
        "camera_frame_conversion": "opencv_to_opengl",
        "center_strategy": "median",
        "extrinsics_source": "sensor_param.base_camera.cam2world_gl",
        "intrinsics_source": "provided"
      },
      "num_points": 75,
      "point_cloud_path": null,
      "segmentation_id": null,
      "world_xyz": [
        0.1314031034708023,
        0.1303125023841858,
        0.0036310553550720215
      ]
    }
  ]
}