{
  "query": {
    "attributes": [
      "red"
    ],
    "normalized_prompt": "red cube",
    "raw_query": "red cube",
    "relations": [],
    "synonyms": [
      "cube",
      "block"
    ],
    "target_name": "cube"
  },
  "top_2d_candidate": {
    "box_xyxy": [
      40.55567169189453,
      76.55322265625,
      47.06736755371094,
      84.02241516113281
    ],
    "clip_score": 0.0,
    "det_score": 0.595881462097168,
    "fused_2d_score": 0.595881462097168,
    "image_crop_path": null,
    "metadata": {
      "detector_metadata": {
        "model_id": "IDEA-Research/grounding-dino-tiny"
      },
      "detector_source": "transformers_groundingdino",
      "skip_clip": true
    },
    "phrase": "red cube",
    "rank": 0,
    "source": "detector_only"
  },
  "top_candidate_3d": {
    "box_area": 72,
    "box_xyxy": [
      40.55567169189453,
      76.55322265625,
      47.06736755371094,
      84.02241516113281
    ],
    "camera_xyz": [
      -0.19563281536102295,
      0.1508515626192093,
      0.6169999837875366
    ],
    "depth_valid_ratio": 0.9166666666666666,
    "grasp_camera_xyz": [
      -0.1771875023841858,
      0.16734375059604645,
      0.6299999952316284
    ],
    "grasp_metadata": {
      "applied": true,
      "component_count": 1,
      "component_fallback_reason": null,
      "component_radius": 0.03,
      "component_selection_strategy": "largest_component_then_low_spread",
      "component_sizes": [
        15
      ],
      "elevated_point_count": 15,
      "elevated_z_offset": 0.015,
      "fallback_reason": null,
      "local_support_point_count": 16,
      "local_support_radius": 0.04,
      "local_support_z_margin": 0.012,
      "min_elevated_points": 12,
      "min_points": 20,
      "num_workspace_points": 37,
      "reason": "component_elevated_xy_with_local_support_z",
      "selected_component_size": 15,
      "selected_component_spread": 0.02011548914015293,
      "selected_component_xy": [
        0.04059538245201111,
        -0.18562498688697815
      ],
      "strategy": "workspace_elevated_xy_low_z",
      "support_z": 0.0035665868781507015,
      "support_z_percentile": 10.0,
      "workspace_bounds": {
        "abs_x_max": 0.2,
        "abs_y_max": 0.2,
        "z_max": 0.08,
        "z_min": -0.02
      }
    },
    "grasp_num_points": 15,
    "grasp_world_xyz": [
      0.04059538245201111,
      -0.18562498688697815,
      0.0036115050315856934
    ],
    "metadata": {
      "box_bounds_xyxy_exclusive": [
        40,
        76,
        48,
        85
      ],
      "box_center_world_xyz": [
        0.044890157878398895,
        -0.18562498688697815,
        0.04339676350355148
      ],
      "camera_frame_conversion": "opencv_to_opengl",
      "center_strategy": "median",
      "extrinsics_source": "sensor_param.base_camera.cam2world_gl",
      "intrinsics_source": "provided"
    },
    "num_points": 66,
    "point_cloud_path": null,
    "segmentation_id": null,
    "world_xyz": [
      0.036054134368896484,
      -0.19563281536102295,
      0.003767669200897217
    ]
  }
}