{
  "query": {
    "attributes": [
      "red"
    ],
    "normalized_prompt": "red cube",
    "raw_query": "red cube",
    "relations": [],
    "synonyms": [
      "cube",
      "block"
    ],
    "target_name": "cube"
  },
  "top_2d_candidate": {
    "box_xyxy": [
      55.54051208496094,
      80.4676742553711,
      62.403724670410156,
      88.24214935302734
    ],
    "clip_score": 0.0,
    "det_score": 0.6526439189910889,
    "fused_2d_score": 0.6526439189910889,
    "image_crop_path": null,
    "metadata": {
      "detector_metadata": {
        "model_id": "IDEA-Research/grounding-dino-tiny"
      },
      "detector_source": "transformers_groundingdino",
      "skip_clip": true
    },
    "phrase": "red cube",
    "rank": 0,
    "source": "detector_only"
  },
  "top_candidate_3d": {
    "box_area": 72,
    "box_xyxy": [
      55.54051208496094,
      80.4676742553711,
      62.403724670410156,
      88.24214935302734
    ],
    "camera_xyz": [
      -0.052921876311302185,
      0.18317186832427979,
      0.5929999947547913
    ],
    "depth_valid_ratio": 0.9722222222222222,
    "grasp_camera_xyz": [
      -0.03737499937415123,
      0.2055625021457672,
      0.5979999899864197
    ],
    "grasp_metadata": {
      "applied": true,
      "component_count": 1,
      "component_fallback_reason": null,
      "component_radius": 0.03,
      "component_selection_strategy": "largest_component_then_low_spread",
      "component_sizes": [
        24
      ],
      "elevated_point_count": 24,
      "elevated_z_offset": 0.015,
      "fallback_reason": null,
      "local_support_point_count": 28,
      "local_support_radius": 0.04,
      "local_support_z_margin": 0.012,
      "min_elevated_points": 12,
      "min_points": 20,
      "num_workspace_points": 70,
      "reason": "component_elevated_xy_with_local_support_z",
      "selected_component_size": 24,
      "selected_component_spread": 0.02257930301129818,
      "selected_component_xy": [
        0.0741727352142334,
        -0.049406252801418304
      ],
      "strategy": "workspace_elevated_xy_low_z",
      "support_z": 0.003103911876678467,
      "support_z_percentile": 10.0,
      "workspace_bounds": {
        "abs_x_max": 0.2,
        "abs_y_max": 0.2,
        "z_max": 0.08,
        "z_min": -0.02
      }
    },
    "grasp_num_points": 24,
    "grasp_world_xyz": [
      0.0741727352142334,
      -0.049406252801418304,
      0.0036310553550720215
    ],
    "metadata": {
      "box_bounds_xyxy_exclusive": [
        55,
        80,
        63,
        89
      ],
      "box_center_world_xyz": [
        0.08301608264446259,
        -0.04453124850988388,
        0.043631039559841156
      ],
      "camera_frame_conversion": "opencv_to_opengl",
      "center_strategy": "median",
      "extrinsics_source": "sensor_param.base_camera.cam2world_gl",
      "intrinsics_source": "provided"
    },
    "num_points": 70,
    "point_cloud_path": null,
    "segmentation_id": null,
    "world_xyz": [
      0.07707414031028748,
      -0.052921876311302185,
      0.0038164854049682617
    ]
  }
}