{
  "query": {
    "attributes": [
      "red"
    ],
    "normalized_prompt": "red cube",
    "raw_query": "red cube",
    "relations": [],
    "synonyms": [
      "cube",
      "block"
    ],
    "target_name": "cube"
  },
  "top_2d_candidate": {
    "box_xyxy": [
      57.73193359375,
      73.48469543457031,
      63.37114715576172,
      80.07966613769531
    ],
    "clip_score": 0.0,
    "det_score": 0.7318399548530579,
    "fused_2d_score": 0.7318399548530579,
    "image_crop_path": null,
    "metadata": {
      "detector_metadata": {
        "model_id": "IDEA-Research/grounding-dino-tiny"
      },
      "detector_source": "transformers_groundingdino",
      "skip_clip": true
    },
    "phrase": "red cube",
    "rank": 0,
    "source": "detector_only"
  },
  "top_candidate_3d": {
    "box_area": 56,
    "box_xyxy": [
      57.73193359375,
      73.48469543457031,
      63.37114715576172,
      80.07966613769531
    ],
    "camera_xyz": [
      -0.038999997079372406,
      0.12450780719518661,
      0.6359999775886536
    ],
    "depth_valid_ratio": 0.9642857142857143,
    "grasp_camera_xyz": [
      -0.03993749991059303,
      0.14976562559604645,
      0.6389999985694885
    ],
    "grasp_metadata": {
      "applied": true,
      "component_count": 1,
      "component_fallback_reason": null,
      "component_radius": 0.03,
      "component_selection_strategy": "largest_component_then_low_spread",
      "component_sizes": [
        21
      ],
      "elevated_point_count": 21,
      "elevated_z_offset": 0.015,
      "fallback_reason": null,
      "local_support_point_count": 21,
      "local_support_radius": 0.04,
      "local_support_z_margin": 0.012,
      "min_elevated_points": 12,
      "min_points": 20,
      "num_workspace_points": 54,
      "reason": "component_elevated_xy_with_local_support_z",
      "selected_component_size": 21,
      "selected_component_spread": 0.023489385843276978,
      "selected_component_xy": [
        0.0034650564193725586,
        -0.038750000298023224
      ],
      "strategy": "workspace_elevated_xy_low_z",
      "support_z": 0.0036115050315856934,
      "support_z_percentile": 10.0,
      "workspace_bounds": {
        "abs_x_max": 0.2,
        "abs_y_max": 0.2,
        "z_max": 0.08,
        "z_min": -0.02
      }
    },
    "grasp_num_points": 21,
    "grasp_world_xyz": [
      0.0034650564193725586,
      -0.038750000298023224,
      0.0037578940391540527
    ],
    "metadata": {
      "box_bounds_xyxy_exclusive": [
        57,
        73,
        64,
        81
      ],
      "box_center_world_xyz": [
        0.014292314648628235,
        -0.03831249848008156,
        0.043543197214603424
      ],
      "camera_frame_conversion": "opencv_to_opengl",
      "center_strategy": "median",
      "extrinsics_source": "sensor_param.base_camera.cam2world_gl",
      "intrinsics_source": "provided"
    },
    "num_points": 54,
    "point_cloud_path": null,
    "segmentation_id": null,
    "world_xyz": [
      0.0034650564193725586,
      -0.038999997079372406,
      0.004060506820678711
    ]
  }
}