{
  "query": {
    "attributes": [
      "red"
    ],
    "normalized_prompt": "red cube",
    "raw_query": "red cube",
    "relations": [],
    "synonyms": [
      "cube",
      "block"
    ],
    "target_name": "cube"
  },
  "top_2d_candidate": {
    "box_xyxy": [
      47.639102935791016,
      80.56342315673828,
      53.34554672241211,
      87.15129852294922
    ],
    "clip_score": 0.0,
    "det_score": 0.6939700245857239,
    "fused_2d_score": 0.6939700245857239,
    "image_crop_path": null,
    "metadata": {
      "detector_metadata": {
        "model_id": "IDEA-Research/grounding-dino-tiny"
      },
      "detector_source": "transformers_groundingdino",
      "skip_clip": true
    },
    "phrase": "red cube",
    "rank": 0,
    "source": "detector_only"
  },
  "top_candidate_3d": {
    "box_area": 56,
    "box_xyxy": [
      47.639102935791016,
      80.56342315673828,
      53.34554672241211,
      87.15129852294922
    ],
    "camera_xyz": [
      -0.12731251120567322,
      0.17812499403953552,
      0.5879999995231628
    ],
    "depth_valid_ratio": 0.8392857142857143,
    "grasp_camera_xyz": [
      -0.10501562803983688,
      0.19093750417232513,
      0.6110000014305115
    ],
    "grasp_metadata": {
      "applied": true,
      "component_count": 1,
      "component_fallback_reason": null,
      "component_radius": 0.03,
      "component_selection_strategy": "largest_component_then_low_spread",
      "component_sizes": [
        22
      ],
      "elevated_point_count": 22,
      "elevated_z_offset": 0.015,
      "fallback_reason": null,
      "local_support_point_count": 13,
      "local_support_radius": 0.04,
      "local_support_z_margin": 0.012,
      "min_elevated_points": 12,
      "min_points": 20,
      "num_workspace_points": 47,
      "reason": "component_elevated_xy_with_local_support_z",
      "selected_component_size": 22,
      "selected_component_spread": 0.023574164137244225,
      "selected_component_xy": [
        0.07370421290397644,
        -0.12414062023162842
      ],
      "strategy": "workspace_elevated_xy_low_z",
      "support_z": 0.0035626888275146484,
      "support_z_percentile": 10.0,
      "workspace_bounds": {
        "abs_x_max": 0.2,
        "abs_y_max": 0.2,
        "z_max": 0.08,
        "z_min": -0.02
      }
    },
    "grasp_num_points": 22,
    "grasp_world_xyz": [
      0.07370421290397644,
      -0.12414062023162842,
      0.0036310553550720215
    ],
    "metadata": {
      "box_bounds_xyxy_exclusive": [
        47,
        80,
        54,
        88
      ],
      "box_center_world_xyz": [
        0.08301608264446259,
        -0.12468750029802322,
        0.043631039559841156
      ],
      "camera_frame_conversion": "opencv_to_opengl",
      "center_strategy": "median",
      "extrinsics_source": "sensor_param.base_camera.cam2world_gl",
      "intrinsics_source": "provided"
    },
    "num_points": 47,
    "point_cloud_path": null,
    "segmentation_id": null,
    "world_xyz": [
      0.07370421290397644,
      -0.12731251120567322,
      0.017569541931152344
    ]
  }
}