{
  "query": {
    "attributes": [
      "red"
    ],
    "normalized_prompt": "red cube",
    "raw_query": "red cube",
    "relations": [],
    "synonyms": [
      "cube",
      "block"
    ],
    "target_name": "cube"
  },
  "top_2d_candidate": {
    "box_xyxy": [
      64.58694458007812,
      78.4715347290039,
      70.29644775390625,
      85.19591522216797
    ],
    "clip_score": 0.0,
    "det_score": 0.7471643686294556,
    "fused_2d_score": 0.7471643686294556,
    "image_crop_path": null,
    "metadata": {
      "detector_metadata": {
        "model_id": "IDEA-Research/grounding-dino-tiny"
      },
      "detector_source": "transformers_groundingdino",
      "skip_clip": true
    },
    "phrase": "red cube",
    "rank": 0,
    "source": "detector_only"
  },
  "top_candidate_3d": {
    "box_area": 56,
    "box_xyxy": [
      64.58694458007812,
      78.4715347290039,
      70.29644775390625,
      85.19591522216797
    ],
    "camera_xyz": [
      0.028029460459947586,
      0.16343945264816284,
      0.6053584218025208
    ],
    "depth_valid_ratio": 1.0,
    "grasp_camera_xyz": [
      0.028340483084321022,
      0.18893656134605408,
      0.6045969724655151
    ],
    "grasp_metadata": {
      "applied": true,
      "component_count": 1,
      "component_fallback_reason": null,
      "component_radius": 0.03,
      "component_selection_strategy": "largest_component_then_low_spread",
      "component_sizes": [
        24
      ],
      "elevated_point_count": 24,
      "elevated_z_offset": 0.015,
      "fallback_reason": null,
      "local_support_point_count": 19,
      "local_support_radius": 0.04,
      "local_support_z_margin": 0.012,
      "min_elevated_points": 12,
      "min_points": 20,
      "num_workspace_points": 56,
      "reason": "component_elevated_xy_with_local_support_z",
      "selected_component_size": 24,
      "selected_component_spread": 0.021312342956662178,
      "selected_component_xy": [
        0.05545757710933685,
        0.027602683752775192
      ],
      "strategy": "workspace_elevated_xy_low_z",
      "support_z": -0.000871509313583374,
      "support_z_percentile": 10.0,
      "workspace_bounds": {
        "abs_x_max": 0.2,
        "abs_y_max": 0.2,
        "z_max": 0.08,
        "z_min": -0.02
      }
    },
    "grasp_num_points": 24,
    "grasp_world_xyz": [
      0.05545757710933685,
      0.027602683752775192,
      0.004594624042510986
    ],
    "metadata": {
      "box_bounds_xyxy_exclusive": [
        64,
        78,
        71,
        86
      ],
      "box_center_world_xyz": [
        0.06413495540618896,
        0.0272940956056118,
        0.04301749914884567
      ],
      "camera_frame_conversion": "opencv_to_opengl",
      "center_strategy": "median",
      "extrinsics_source": "sensor_param.base_camera.cam2world_gl",
      "intrinsics_source": "provided"
    },
    "num_points": 56,
    "point_cloud_path": null,
    "segmentation_id": null,
    "world_xyz": [
      0.054923683404922485,
      0.028029460459947586,
      0.010030776262283325
    ]
  }
}