{
  "query": {
    "attributes": [
      "red"
    ],
    "normalized_prompt": "red cube",
    "raw_query": "red cube",
    "relations": [],
    "synonyms": [
      "cube",
      "block"
    ],
    "target_name": "cube"
  },
  "top_2d_candidate": {
    "box_xyxy": [
      46.66163635253906,
      73.5484390258789,
      53.40509033203125,
      80.09613800048828
    ],
    "clip_score": 0.0,
    "det_score": 0.5254905223846436,
    "fused_2d_score": 0.5254905223846436,
    "image_crop_path": null,
    "metadata": {
      "detector_metadata": {
        "model_id": "IDEA-Research/grounding-dino-tiny"
      },
      "detector_source": "transformers_groundingdino",
      "skip_clip": true
    },
    "phrase": "red cube",
    "rank": 0,
    "source": "detector_only"
  },
  "top_candidate_3d": {
    "box_area": 64,
    "box_xyxy": [
      46.66163635253906,
      73.5484390258789,
      53.40509033203125,
      80.09613800048828
    ],
    "camera_xyz": [
      -0.1450781226158142,
      0.11699999868869781,
      0.6375000476837158
    ],
    "depth_valid_ratio": 0.84375,
    "grasp_camera_xyz": [
      -0.12168750166893005,
      0.1419687420129776,
      0.6489999890327454
    ],
    "grasp_metadata": {
      "applied": true,
      "component_count": 1,
      "component_fallback_reason": null,
      "component_radius": 0.03,
      "component_selection_strategy": "largest_component_then_low_spread",
      "component_sizes": [
        22
      ],
      "elevated_point_count": 22,
      "elevated_z_offset": 0.015,
      "fallback_reason": null,
      "local_support_point_count": 13,
      "local_support_radius": 0.04,
      "local_support_z_margin": 0.012,
      "min_elevated_points": 12,
      "min_points": 20,
      "num_workspace_points": 54,
      "reason": "component_elevated_xy_with_local_support_z",
      "selected_component_size": 22,
      "selected_component_spread": 0.023990007117390633,
      "selected_component_xy": [
        0.0034650564193725586,
        -0.13781249523162842
      ],
      "strategy": "workspace_elevated_xy_low_z",
      "support_z": 0.0035402297507971525,
      "support_z_percentile": 10.0,
      "workspace_bounds": {
        "abs_x_max": 0.2,
        "abs_y_max": 0.2,
        "z_max": 0.08,
        "z_min": -0.02
      }
    },
    "grasp_num_points": 22,
    "grasp_world_xyz": [
      0.0034650564193725586,
      -0.13781249523162842,
      0.004041016101837158
    ],
    "metadata": {
      "box_bounds_xyxy_exclusive": [
        46,
        73,
        54,
        81
      ],
      "box_center_world_xyz": [
        0.014292314648628235,
        -0.1340937465429306,
        0.043543197214603424
      ],
      "camera_frame_conversion": "opencv_to_opengl",
      "center_strategy": "median",
      "extrinsics_source": "sensor_param.base_camera.cam2world_gl",
      "intrinsics_source": "provided"
    },
    "num_points": 54,
    "point_cloud_path": null,
    "segmentation_id": null,
    "world_xyz": [
      0.0011395364999771118,
      -0.1450781226158142,
      0.004060506820678711
    ]
  }
}