{
  "candidates_3d": [
    {
      "box_area": 28,
      "box_xyxy": [
        67.45564270019531,
        69.49129486083984,
        70.38069152832031,
        75.41004180908203
      ],
      "camera_xyz": [
        0.046281248331069946,
        0.07421094179153442,
        0.6625000238418579
      ],
      "depth_valid_ratio": 1.0,
      "grasp_camera_xyz": [
        0.05179687589406967,
        0.08675000071525574,
        0.6710000038146973
      ],
      "grasp_metadata": {
        "applied": true,
        "component_count": 1,
        "component_fallback_reason": "too_few_elevated_points",
        "component_radius": 0.03,
        "component_selection_strategy": "largest_workspace_component_then_low_spread",
        "component_sizes": [
          21
        ],
        "elevated_point_count": 8,
        "elevated_z_offset": 0.015,
        "fallback_reason": "too_few_elevated_points",
        "local_support_point_count": 0,
        "local_support_radius": 0.04,
        "local_support_z_margin": 0.012,
        "min_elevated_points": 12,
        "min_points": 20,
        "num_workspace_points": 21,
        "reason": "workspace_filter_passed",
        "selected_component_size": 21,
        "selected_component_spread": 0.052139367908239365,
        "selected_component_xy": [
          -0.04155200719833374,
          0.05179687589406967
        ],
        "strategy": "workspace_elevated_xy_low_z",
        "support_z": 0.0038847923278808594,
        "support_z_percentile": 10.0,
        "workspace_bounds": {
          "abs_x_max": 0.2,
          "abs_y_max": 0.2,
          "z_max": 0.08,
          "z_min": -0.02
        }
      },
      "grasp_num_points": 21,
      "grasp_world_xyz": [
        -0.04155200719833374,
        0.05179687589406967,
        0.004294753074645996
      ],
      "metadata": {
        "box_bounds_xyxy_exclusive": [
          67,
          69,
          71,
          76
        ],
        "box_center_world_xyz": [
          -0.04155202955007553,
          0.05062500014901161,
          0.043396759778261185
        ],
        "camera_frame_conversion": "opencv_to_opengl",
        "center_strategy": "median",
        "extrinsics_source": "sensor_param.base_camera.cam2world_gl",
        "intrinsics_source": "provided"
      },
      "num_points": 28,
      "point_cloud_path": null,
      "segmentation_id": null,
      "world_xyz": [
        -0.03473161160945892,
        0.046281248331069946,
        0.03707170486450195
      ]
    }
  ]
}