{
  "candidates_3d": [
    {
      "box_area": 56,
      "box_xyxy": [
        41.63493347167969,
        73.62245178222656,
        47.298851013183594,
        80.35722351074219
      ],
      "camera_xyz": [
        -0.1965782642364502,
        0.12247155606746674,
        0.6365417838096619
      ],
      "depth_valid_ratio": 1.0,
      "grasp_camera_xyz": [
        -0.1794641762971878,
        0.14955347776412964,
        0.6380948424339294
      ],
      "grasp_metadata": {
        "applied": true,
        "component_count": 1,
        "component_fallback_reason": null,
        "component_radius": 0.03,
        "component_selection_strategy": "largest_component_then_low_spread",
        "component_sizes": [
          16
        ],
        "elevated_point_count": 16,
        "elevated_z_offset": 0.015,
        "fallback_reason": null,
        "local_support_point_count": 8,
        "local_support_radius": 0.04,
        "local_support_z_margin": 0.012,
        "min_elevated_points": 12,
        "min_points": 20,
        "num_workspace_points": 28,
        "reason": "component_elevated_xy_with_local_support_z",
        "selected_component_size": 16,
        "selected_component_spread": 0.02071082592010498,
        "selected_component_xy": [
          0.009221285581588745,
          -0.18265771865844727
        ],
        "strategy": "workspace_elevated_xy_low_z",
        "support_z": 0.001239103265106678,
        "support_z_percentile": 10.0,
        "workspace_bounds": {
          "abs_x_max": 0.2,
          "abs_y_max": 0.2,
          "z_max": 0.08,
          "z_min": -0.02
        }
      },
      "grasp_num_points": 16,
      "grasp_world_xyz": [
        0.009221285581588745,
        -0.18265771865844727,
        0.00892263650894165
      ],
      "metadata": {
        "box_bounds_xyxy_exclusive": [
          41,
          73,
          48,
          81
        ],
        "box_center_world_xyz": [
          0.019908688962459564,
          -0.18779680132865906,
          0.05448190122842789
        ],
        "camera_frame_conversion": "opencv_to_opengl",
        "center_strategy": "median",
        "extrinsics_source": "sensor_param.base_camera.cam2world_gl",
        "intrinsics_source": "provided"
      },
      "num_points": 56,
      "point_cloud_path": null,
      "segmentation_id": null,
      "world_xyz": [
        0.004748538136482239,
        -0.1965782642364502,
        0.014003068208694458
      ]
    }
  ]
}