{
  "query": {
    "attributes": [
      "red"
    ],
    "normalized_prompt": "red cube",
    "raw_query": "red cube",
    "relations": [],
    "synonyms": [
      "cube",
      "block"
    ],
    "target_name": "cube"
  },
  "top_2d_candidate": {
    "box_xyxy": [
      55.529930114746094,
      72.53385162353516,
      62.048133850097656,
      79.20865631103516
    ],
    "clip_score": 0.0,
    "det_score": 0.6490142345428467,
    "fused_2d_score": 0.6490142345428467,
    "image_crop_path": null,
    "metadata": {
      "detector_metadata": {
        "model_id": "IDEA-Research/grounding-dino-tiny"
      },
      "detector_source": "transformers_groundingdino",
      "skip_clip": true
    },
    "phrase": "red cube",
    "rank": 0,
    "source": "detector_only"
  },
  "top_candidate_3d": {
    "box_area": 64,
    "box_xyxy": [
      55.529930114746094,
      72.53385162353516,
      62.048133850097656,
      79.20865631103516
    ],
    "camera_xyz": [
      -0.05570173263549805,
      0.11481744050979614,
      0.6530004143714905
    ],
    "depth_valid_ratio": 1.0,
    "grasp_camera_xyz": [
      -0.0716722309589386,
      0.1433444619178772,
      0.6552889943122864
    ],
    "grasp_metadata": {
      "applied": true,
      "component_count": 1,
      "component_fallback_reason": null,
      "component_radius": 0.03,
      "component_selection_strategy": "largest_component_then_low_spread",
      "component_sizes": [
        22
      ],
      "elevated_point_count": 22,
      "elevated_z_offset": 0.015,
      "fallback_reason": null,
      "local_support_point_count": 17,
      "local_support_radius": 0.04,
      "local_support_z_margin": 0.012,
      "min_elevated_points": 12,
      "min_points": 20,
      "num_workspace_points": 64,
      "reason": "component_elevated_xy_with_local_support_z",
      "selected_component_size": 22,
      "selected_component_spread": 0.023104432970285416,
      "selected_component_xy": [
        -0.0055971890687942505,
        -0.05826146900653839
      ],
      "strategy": "workspace_elevated_xy_low_z",
      "support_z": -0.0018893182277679443,
      "support_z_percentile": 10.0,
      "workspace_bounds": {
        "abs_x_max": 0.2,
        "abs_y_max": 0.2,
        "z_max": 0.08,
        "z_min": -0.02
      }
    },
    "grasp_num_points": 22,
    "grasp_world_xyz": [
      -0.0055971890687942505,
      -0.05826146900653839,
      0.0021341443061828613
    ],
    "metadata": {
      "box_bounds_xyxy_exclusive": [
        55,
        72,
        63,
        80
      ],
      "box_center_world_xyz": [
        0.0034491494297981262,
        -0.04844009876251221,
        0.043210700154304504
      ],
      "camera_frame_conversion": "opencv_to_opengl",
      "center_strategy": "median",
      "extrinsics_source": "sensor_param.base_camera.cam2world_gl",
      "intrinsics_source": "provided"
    },
    "num_points": 64,
    "point_cloud_path": null,
    "segmentation_id": null,
    "world_xyz": [
      -0.0100117027759552,
      -0.05570173263549805,
      0.0066654980182647705
    ]
  }
}