{
  "candidates_3d": [
    {
      "box_area": 42,
      "box_xyxy": [
        70.48856353759766,
        70.43830871582031,
        75.37435150146484,
        76.36058044433594
      ],
      "camera_xyz": [
        0.08937594294548035,
        0.09104876220226288,
        0.6574098467826843
      ],
      "depth_valid_ratio": 1.0,
      "grasp_camera_xyz": [
        0.09299741685390472,
        0.1239965558052063,
        0.6613149642944336
      ],
      "grasp_metadata": {
        "applied": true,
        "component_count": 1,
        "component_fallback_reason": null,
        "component_radius": 0.03,
        "component_selection_strategy": "largest_component_then_low_spread",
        "component_sizes": [
          20
        ],
        "elevated_point_count": 20,
        "elevated_z_offset": 0.015,
        "fallback_reason": null,
        "local_support_point_count": 13,
        "local_support_radius": 0.04,
        "local_support_z_margin": 0.012,
        "min_elevated_points": 12,
        "min_points": 20,
        "num_workspace_points": 42,
        "reason": "component_elevated_xy_with_local_support_z",
        "selected_component_size": 20,
        "selected_component_spread": 0.021883422508835793,
        "selected_component_xy": [
          -0.030641838908195496,
          0.08552152663469315
        ],
        "strategy": "workspace_elevated_xy_low_z",
        "support_z": 0.0010937451152130961,
        "support_z_percentile": 10.0,
        "workspace_bounds": {
          "abs_x_max": 0.2,
          "abs_y_max": 0.2,
          "z_max": 0.08,
          "z_min": -0.02
        }
      },
      "grasp_num_points": 20,
      "grasp_world_xyz": [
        -0.030641838908195496,
        0.08552152663469315,
        0.007077038288116455
      ],
      "metadata": {
        "box_bounds_xyxy_exclusive": [
          70,
          70,
          76,
          77
        ],
        "box_center_world_xyz": [
          -0.029812157154083252,
          0.09007798135280609,
          0.04353968799114227
        ],
        "camera_frame_conversion": "opencv_to_opengl",
        "center_strategy": "median",
        "extrinsics_source": "sensor_param.base_camera.cam2world_gl",
        "intrinsics_source": "provided"
      },
      "num_points": 42,
      "point_cloud_path": null,
      "segmentation_id": null,
      "world_xyz": [
        -0.03976255655288696,
        0.08937594294548035,
        0.011323243379592896
      ]
    }
  ]
}