{
  "query": {
    "attributes": [
      "red"
    ],
    "normalized_prompt": "red cube",
    "raw_query": "red cube",
    "relations": [],
    "synonyms": [
      "cube",
      "block"
    ],
    "target_name": "cube"
  },
  "top_2d_candidate": {
    "box_xyxy": [
      53.68282699584961,
      66.62322235107422,
      59.26558303833008,
      71.15198516845703
    ],
    "clip_score": 0.0,
    "det_score": 0.5744291543960571,
    "fused_2d_score": 0.5744291543960571,
    "image_crop_path": null,
    "metadata": {
      "detector_metadata": {
        "model_id": "IDEA-Research/grounding-dino-tiny"
      },
      "detector_source": "transformers_groundingdino",
      "skip_clip": true
    },
    "phrase": "red cube",
    "rank": 0,
    "source": "detector_only"
  },
  "top_candidate_3d": {
    "box_area": 42,
    "box_xyxy": [
      53.68282699584961,
      66.62322235107422,
      59.26558303833008,
      71.15198516845703
    ],
    "camera_xyz": [
      -0.08481249958276749,
      0.04912500083446503,
      0.6929999589920044
    ],
    "depth_valid_ratio": 0.8095238095238095,
    "grasp_camera_xyz": [
      -0.08775000274181366,
      0.0767812505364418,
      0.7020000219345093
    ],
    "grasp_metadata": {
      "applied": true,
      "component_count": 1,
      "component_fallback_reason": null,
      "component_radius": 0.03,
      "component_selection_strategy": "largest_component_then_low_spread",
      "component_sizes": [
        13
      ],
      "elevated_point_count": 13,
      "elevated_z_offset": 0.015,
      "fallback_reason": null,
      "local_support_point_count": 10,
      "local_support_radius": 0.04,
      "local_support_z_margin": 0.012,
      "min_elevated_points": 12,
      "min_points": 20,
      "num_workspace_points": 29,
      "reason": "component_elevated_xy_with_local_support_z",
      "selected_component_size": 13,
      "selected_component_spread": 0.022465866059064865,
      "selected_component_xy": [
        -0.09045392274856567,
        -0.08474999666213989
      ],
      "strategy": "workspace_elevated_xy_low_z",
      "support_z": 0.0038379193283617496,
      "support_z_percentile": 10.0,
      "workspace_bounds": {
        "abs_x_max": 0.2,
        "abs_y_max": 0.2,
        "z_max": 0.08,
        "z_min": -0.02
      }
    },
    "grasp_num_points": 13,
    "grasp_world_xyz": [
      -0.09045392274856567,
      -0.08474999666213989,
      0.0038945376873016357
    ],
    "metadata": {
      "box_bounds_xyxy_exclusive": [
        53,
        66,
        60,
        72
      ],
      "box_center_world_xyz": [
        -0.08274529874324799,
        -0.08487500250339508,
        0.03665200248360634
      ],
      "camera_frame_conversion": "opencv_to_opengl",
      "center_strategy": "median",
      "extrinsics_source": "sensor_param.base_camera.cam2world_gl",
      "intrinsics_source": "provided"
    },
    "num_points": 34,
    "point_cloud_path": null,
    "segmentation_id": null,
    "world_xyz": [
      -0.09045392274856567,
      -0.08481249958276749,
      0.019590020179748535
    ]
  }
}