{
  "candidates_3d": [
    {
      "box_area": 56,
      "box_xyxy": [
        56.559913635253906,
        76.47227478027344,
        62.31084442138672,
        83.11460876464844
      ],
      "camera_xyz": [
        -0.04708351567387581,
        0.14720988273620605,
        0.6191418170928955
      ],
      "depth_valid_ratio": 1.0,
      "grasp_camera_xyz": [
        -0.04006477817893028,
        0.18029150366783142,
        0.6410364508628845
      ],
      "grasp_metadata": {
        "applied": true,
        "component_count": 1,
        "component_fallback_reason": null,
        "component_radius": 0.03,
        "component_selection_strategy": "largest_component_then_low_spread",
        "component_sizes": [
          27
        ],
        "elevated_point_count": 27,
        "elevated_z_offset": 0.015,
        "fallback_reason": null,
        "local_support_point_count": 16,
        "local_support_radius": 0.04,
        "local_support_z_margin": 0.012,
        "min_elevated_points": 12,
        "min_points": 20,
        "num_workspace_points": 56,
        "reason": "component_elevated_xy_with_local_support_z",
        "selected_component_size": 27,
        "selected_component_spread": 0.03202740475535393,
        "selected_component_xy": [
          0.03848537802696228,
          -0.04674588143825531
        ],
        "strategy": "workspace_elevated_xy_low_z",
        "support_z": -0.002566993236541748,
        "support_z_percentile": 10.0,
        "workspace_bounds": {
          "abs_x_max": 0.2,
          "abs_y_max": 0.2,
          "z_max": 0.08,
          "z_min": -0.02
        }
      },
      "grasp_num_points": 27,
      "grasp_world_xyz": [
        0.03848537802696228,
        -0.04674588143825531,
        0.0017684996128082275
      ],
      "metadata": {
        "box_bounds_xyxy_exclusive": [
          56,
          76,
          63,
          84
        ],
        "box_center_world_xyz": [
          0.049156516790390015,
          -0.04563016816973686,
          0.05270520597696304
        ],
        "camera_frame_conversion": "opencv_to_opengl",
        "center_strategy": "median",
        "extrinsics_source": "sensor_param.base_camera.cam2world_gl",
        "intrinsics_source": "provided"
      },
      "num_points": 56,
      "point_cloud_path": null,
      "segmentation_id": null,
      "world_xyz": [
        0.03693439066410065,
        -0.04708351567387581,
        0.01071968674659729
      ]
    },
    {
      "box_area": 56,
      "box_xyxy": [
        48.603755950927734,
        75.44593811035156,
        54.250736236572266,
        82.12184143066406
      ],
      "camera_xyz": [
        -0.12494488060474396,
        0.1394938975572586,
        0.6208430528640747
      ],
      "depth_valid_ratio": 1.0,
      "grasp_camera_xyz": [
        -0.12051166594028473,
        0.17072485387325287,
        0.642728865146637
      ],
      "grasp_metadata": {
        "applied": true,
        "component_count": 1,
        "component_fallback_reason": null,
        "component_radius": 0.03,
        "component_selection_strategy": "largest_component_then_low_spread",
        "component_sizes": [
          36
        ],
        "elevated_point_count": 36,
        "elevated_z_offset": 0.015,
        "fallback_reason": null,
        "local_support_point_count": 9,
        "local_support_radius": 0.04,
        "local_support_z_margin": 0.012,
        "min_elevated_points": 12,
        "min_points": 20,
        "num_workspace_points": 56,
        "reason": "component_elevated_xy_with_local_support_z",
        "selected_component_size": 36,
        "selected_component_spread": 0.03696684539318085,
        "selected_component_xy": [
          0.02841944992542267,
          -0.12438851594924927
        ],
        "strategy": "workspace_elevated_xy_low_z",
        "support_z": -0.005424767732620239,
        "support_z_percentile": 10.0,
        "workspace_bounds": {
          "abs_x_max": 0.2,
          "abs_y_max": 0.2,
          "z_max": 0.08,
          "z_min": -0.02
        }
      },
      "grasp_num_points": 36,
      "grasp_world_xyz": [
        0.02841944992542267,
        -0.12438851594924927,
        -0.005336582660675049
      ],
      "metadata": {
        "box_bounds_xyxy_exclusive": [
          48,
          75,
          55,
          83
        ],
        "box_center_world_xyz": [
          0.03279666602611542,
          -0.12288491427898407,
          0.039020687341690063
        ],
        "camera_frame_conversion": "opencv_to_opengl",
        "center_strategy": "median",
        "extrinsics_source": "sensor_param.base_camera.cam2world_gl",
        "intrinsics_source": "provided"
      },
      "num_points": 56,
      "point_cloud_path": null,
      "segmentation_id": null,
      "world_xyz": [
        0.028154700994491577,
        -0.12494488060474396,
        0.021680057048797607
      ]
    }
  ]
}