{
  "query": {
    "attributes": [
      "red"
    ],
    "normalized_prompt": "red cube",
    "raw_query": "red cube",
    "relations": [],
    "synonyms": [
      "cube",
      "block"
    ],
    "target_name": "cube"
  },
  "top_2d_candidate": {
    "box_xyxy": [
      63.60789489746094,
      74.56975555419922,
      70.32247924804688,
      81.23307037353516
    ],
    "clip_score": 0.0,
    "det_score": 0.6545496582984924,
    "fused_2d_score": 0.6545496582984924,
    "image_crop_path": null,
    "metadata": {
      "detector_metadata": {
        "model_id": "IDEA-Research/grounding-dino-tiny"
      },
      "detector_source": "transformers_groundingdino",
      "skip_clip": true
    },
    "phrase": "red cube",
    "rank": 0,
    "source": "detector_only"
  },
  "top_candidate_3d": {
    "box_area": 64,
    "box_xyxy": [
      63.60789489746094,
      74.56975555419922,
      70.32247924804688,
      81.23307037353516
    ],
    "camera_xyz": [
      0.024835936725139618,
      0.1327812522649765,
      0.6330000162124634
    ],
    "depth_valid_ratio": 1.0,
    "grasp_camera_xyz": [
      0.009937499649822712,
      0.1589999943971634,
      0.6359999775886536
    ],
    "grasp_metadata": {
      "applied": true,
      "component_count": 1,
      "component_fallback_reason": null,
      "component_radius": 0.03,
      "component_selection_strategy": "largest_component_then_low_spread",
      "component_sizes": [
        23
      ],
      "elevated_point_count": 23,
      "elevated_z_offset": 0.015,
      "fallback_reason": null,
      "local_support_point_count": 19,
      "local_support_radius": 0.04,
      "local_support_z_margin": 0.012,
      "min_elevated_points": 12,
      "min_points": 20,
      "num_workspace_points": 64,
      "reason": "component_elevated_xy_with_local_support_z",
      "selected_component_size": 23,
      "selected_component_spread": 0.023615848273038864,
      "selected_component_xy": [
        0.014292299747467041,
        0.019593749195337296
      ],
      "strategy": "workspace_elevated_xy_low_z",
      "support_z": 0.0035138726234436035,
      "support_z_percentile": 10.0,
      "workspace_bounds": {
        "abs_x_max": 0.2,
        "abs_y_max": 0.2,
        "z_max": 0.08,
        "z_min": -0.02
      }
    },
    "grasp_num_points": 23,
    "grasp_world_xyz": [
      0.014292299747467041,
      0.019593749195337296,
      0.0037578940391540527
    ],
    "metadata": {
      "box_bounds_xyxy_exclusive": [
        63,
        74,
        71,
        82
      ],
      "box_center_world_xyz": [
        0.02449483424425125,
        0.028453124687075615,
        0.043064892292022705
      ],
      "camera_frame_conversion": "opencv_to_opengl",
      "center_strategy": "median",
      "extrinsics_source": "sensor_param.base_camera.cam2world_gl",
      "intrinsics_source": "provided"
    },
    "num_points": 64,
    "point_cloud_path": null,
    "segmentation_id": null,
    "world_xyz": [
      0.014292299747467041,
      0.024835936725139618,
      0.004016578197479248
    ]
  }
}