{
  "candidates_3d": [
    {
      "box_area": 2730,
      "box_xyxy": [
        51.59483337402344,
        0.0,
        85.06022644042969,
        77.39871215820312
      ],
      "camera_xyz": [
        0.02315624989569187,
        -0.15193749964237213,
        0.6570000052452087
      ],
      "depth_valid_ratio": 0.9036630036630037,
      "grasp_camera_xyz": [
        0.11328125,
        0.03398437798023224,
        0.7250000238418579
      ],
      "grasp_metadata": {
        "applied": true,
        "component_count": 1,
        "component_fallback_reason": null,
        "component_radius": 0.03,
        "component_selection_strategy": "largest_component_then_low_spread",
        "component_sizes": [
          13
        ],
        "elevated_point_count": 13,
        "elevated_z_offset": 0.015,
        "fallback_reason": null,
        "local_support_point_count": 19,
        "local_support_radius": 0.04,
        "local_support_z_margin": 0.012,
        "min_elevated_points": 12,
        "min_points": 20,
        "num_workspace_points": 306,
        "reason": "component_elevated_xy_with_local_support_z",
        "selected_component_size": 13,
        "selected_component_spread": 0.023996751755475998,
        "selected_component_xy": [
          -0.130583256483078,
          0.12082812935113907
        ],
        "strategy": "workspace_elevated_xy_low_z",
        "support_z": 0.0036017298698425293,
        "support_z_percentile": 10.0,
        "workspace_bounds": {
          "abs_x_max": 0.2,
          "abs_y_max": 0.2,
          "z_max": 0.08,
          "z_min": -0.02
        }
      },
      "grasp_num_points": 13,
      "grasp_world_xyz": [
        -0.130583256483078,
        0.12082812935113907,
        0.00392383337020874
      ],
      "metadata": {
        "box_bounds_xyxy_exclusive": [
          51,
          0,
          86,
          78
        ],
        "box_center_world_xyz": [
          0.03781841695308685,
          0.017625000327825546,
          0.4486090838909149
        ],
        "camera_frame_conversion": "opencv_to_opengl",
        "center_strategy": "median",
        "extrinsics_source": "sensor_param.base_camera.cam2world_gl",
        "intrinsics_source": "provided"
      },
      "num_points": 2467,
      "point_cloud_path": null,
      "segmentation_id": null,
      "world_xyz": [
        -0.1378062665462494,
        0.02315624989569187,
        0.3385651707649231
      ]
    }
  ]
}