{
  "candidates_3d": [
    {
      "box_area": 56,
      "box_xyxy": [
        41.63755416870117,
        71.54145050048828,
        47.267879486083984,
        78.19889068603516
      ],
      "camera_xyz": [
        -0.20281249284744263,
        0.10692968964576721,
        0.6499999761581421
      ],
      "depth_valid_ratio": 1.0,
      "grasp_camera_xyz": [
        -0.17637498676776886,
        0.12449999153614044,
        0.6639999747276306
      ],
      "grasp_metadata": {
        "applied": true,
        "component_count": 1,
        "component_fallback_reason": null,
        "component_radius": 0.03,
        "component_selection_strategy": "largest_component_then_low_spread",
        "component_sizes": [
          12
        ],
        "elevated_point_count": 12,
        "elevated_z_offset": 0.015,
        "fallback_reason": null,
        "local_support_point_count": 11,
        "local_support_radius": 0.04,
        "local_support_z_margin": 0.012,
        "min_elevated_points": 12,
        "min_points": 20,
        "num_workspace_points": 26,
        "reason": "component_elevated_xy_with_local_support_z",
        "selected_component_size": 12,
        "selected_component_spread": 0.022662140429019928,
        "selected_component_xy": [
          -0.01899711787700653,
          -0.187624990940094
        ],
        "strategy": "workspace_elevated_xy_low_z",
        "support_z": 0.0036115050315856934,
        "support_z_percentile": 10.0,
        "workspace_bounds": {
          "abs_x_max": 0.2,
          "abs_y_max": 0.2,
          "z_max": 0.08,
          "z_min": -0.02
        }
      },
      "grasp_num_points": 12,
      "grasp_world_xyz": [
        -0.01899711787700653,
        -0.187624990940094,
        0.003728628158569336
      ],
      "metadata": {
        "box_bounds_xyxy_exclusive": [
          41,
          71,
          48,
          79
        ],
        "box_center_world_xyz": [
          -0.007532969117164612,
          -0.19593748450279236,
          0.04307466000318527
        ],
        "camera_frame_conversion": "opencv_to_opengl",
        "center_strategy": "median",
        "extrinsics_source": "sensor_param.base_camera.cam2world_gl",
        "intrinsics_source": "provided"
      },
      "num_points": 56,
      "point_cloud_path": null,
      "segmentation_id": null,
      "world_xyz": [
        -0.018199175596237183,
        -0.20281249284744263,
        0.00428500771522522
      ]
    }
  ]
}