{
  "candidates_3d": [
    {
      "box_area": 2541,
      "box_xyxy": [
        51.98655700683594,
        0.0,
        83.33816528320312,
        76.44297790527344
      ],
      "camera_xyz": [
        0.02096875011920929,
        -0.16818749904632568,
        0.6710000038146973
      ],
      "depth_valid_ratio": 1.0,
      "grasp_camera_xyz": [
        0.09801562875509262,
        0.0762343779206276,
        0.6970000267028809
      ],
      "grasp_metadata": {
        "applied": true,
        "component_count": 1,
        "component_fallback_reason": null,
        "component_radius": 0.03,
        "component_selection_strategy": "largest_component_then_low_spread",
        "component_sizes": [
          18
        ],
        "elevated_point_count": 18,
        "elevated_z_offset": 0.015,
        "fallback_reason": null,
        "local_support_point_count": 22,
        "local_support_radius": 0.04,
        "local_support_z_margin": 0.012,
        "min_elevated_points": 12,
        "min_points": 20,
        "num_workspace_points": 315,
        "reason": "component_elevated_xy_with_local_support_z",
        "selected_component_size": 18,
        "selected_component_spread": 0.021986933425068855,
        "selected_component_xy": [
          -0.08941805362701416,
          0.10632812976837158
        ],
        "strategy": "workspace_elevated_xy_low_z",
        "support_z": 0.003709077835083008,
        "support_z_percentile": 10.0,
        "workspace_bounds": {
          "abs_x_max": 0.2,
          "abs_y_max": 0.2,
          "z_max": 0.08,
          "z_min": -0.02
        }
      },
      "grasp_num_points": 18,
      "grasp_world_xyz": [
        -0.08941805362701416,
        0.10632812976837158,
        0.0039043128490448
      ],
      "metadata": {
        "box_bounds_xyxy_exclusive": [
          51,
          0,
          84,
          77
        ],
        "box_center_world_xyz": [
          0.019306950271129608,
          0.013968750834465027,
          0.4429282546043396
        ],
        "camera_frame_conversion": "opencv_to_opengl",
        "center_strategy": "median",
        "extrinsics_source": "sensor_param.base_camera.cam2world_gl",
        "intrinsics_source": "provided"
      },
      "num_points": 2541,
      "point_cloud_path": null,
      "segmentation_id": null,
      "world_xyz": [
        -0.17609566450119019,
        0.02096875011920929,
        0.30383604764938354
      ]
    }
  ]
}