{
  "candidates_3d": [
    {
      "box_area": 72,
      "box_xyxy": [
        52.80072784423828,
        73.62539672851562,
        59.41041564941406,
        81.25581359863281
      ],
      "camera_xyz": [
        -0.08224219083786011,
        0.12449999153614044,
        0.6359999775886536
      ],
      "depth_valid_ratio": 0.75,
      "grasp_camera_xyz": [
        -0.059812501072883606,
        0.13956250250339508,
        0.6380000114440918
      ],
      "grasp_metadata": {
        "applied": true,
        "component_count": 1,
        "component_fallback_reason": null,
        "component_radius": 0.03,
        "component_selection_strategy": "largest_component_then_low_spread",
        "component_sizes": [
          15
        ],
        "elevated_point_count": 15,
        "elevated_z_offset": 0.015,
        "fallback_reason": null,
        "local_support_point_count": 16,
        "local_support_radius": 0.04,
        "local_support_z_margin": 0.012,
        "min_elevated_points": 12,
        "min_points": 20,
        "num_workspace_points": 54,
        "reason": "component_elevated_xy_with_local_support_z",
        "selected_component_size": 15,
        "selected_component_spread": 0.023395894095301628,
        "selected_component_xy": [
          0.0034650564193725586,
          -0.07750000059604645
        ],
        "strategy": "workspace_elevated_xy_low_z",
        "support_z": 0.0035138726234436035,
        "support_z_percentile": 10.0,
        "workspace_bounds": {
          "abs_x_max": 0.2,
          "abs_y_max": 0.2,
          "z_max": 0.08,
          "z_min": -0.02
        }
      },
      "grasp_num_points": 15,
      "grasp_world_xyz": [
        0.0034650564193725586,
        -0.07750000059604645,
        0.004016578197479248
      ],
      "metadata": {
        "box_bounds_xyxy_exclusive": [
          52,
          73,
          60,
          82
        ],
        "box_center_world_xyz": [
          0.011029727756977081,
          -0.07750000059604645,
          0.037188850343227386
        ],
        "camera_frame_conversion": "opencv_to_opengl",
        "center_strategy": "median",
        "extrinsics_source": "sensor_param.base_camera.cam2world_gl",
        "intrinsics_source": "provided"
      },
      "num_points": 54,
      "point_cloud_path": null,
      "segmentation_id": null,
      "world_xyz": [
        0.0034650564193725586,
        -0.08224219083786011,
        0.004041016101837158
      ]
    }
  ]
}