{
  "query": {
    "attributes": [
      "red"
    ],
    "normalized_prompt": "red cube",
    "raw_query": "red cube",
    "relations": [],
    "synonyms": [
      "cube",
      "block"
    ],
    "target_name": "cube"
  },
  "top_2d_candidate": {
    "box_xyxy": [
      71.5792236328125,
      78.54174041748047,
      77.31161499023438,
      85.1269302368164
    ],
    "clip_score": 0.0,
    "det_score": 0.7684982419013977,
    "fused_2d_score": 0.7684982419013977,
    "image_crop_path": null,
    "metadata": {
      "detector_metadata": {
        "model_id": "IDEA-Research/grounding-dino-tiny"
      },
      "detector_source": "transformers_groundingdino",
      "skip_clip": true
    },
    "phrase": "red cube",
    "rank": 0,
    "source": "detector_only"
  },
  "top_candidate_3d": {
    "box_area": 56,
    "box_xyxy": [
      71.5792236328125,
      78.54174041748047,
      77.31161499023438,
      85.1269302368164
    ],
    "camera_xyz": [
      0.09951562434434891,
      0.16368749737739563,
      0.6050000190734863
    ],
    "depth_valid_ratio": 0.8214285714285714,
    "grasp_camera_xyz": [
      0.09453125298023224,
      0.1985156238079071,
      0.6050000190734863
    ],
    "grasp_metadata": {
      "applied": true,
      "component_count": 1,
      "component_fallback_reason": null,
      "component_radius": 0.03,
      "component_selection_strategy": "largest_component_then_low_spread",
      "component_sizes": [
        22
      ],
      "elevated_point_count": 22,
      "elevated_z_offset": 0.015,
      "fallback_reason": null,
      "local_support_point_count": 14,
      "local_support_radius": 0.04,
      "local_support_z_margin": 0.012,
      "min_elevated_points": 12,
      "min_points": 20,
      "num_workspace_points": 46,
      "reason": "component_elevated_xy_with_local_support_z",
      "selected_component_size": 22,
      "selected_component_spread": 0.024689825251698494,
      "selected_component_xy": [
        0.05944359302520752,
        0.09187500178813934
      ],
      "strategy": "workspace_elevated_xy_low_z",
      "support_z": 0.0035626888275146484,
      "support_z_percentile": 10.0,
      "workspace_bounds": {
        "abs_x_max": 0.2,
        "abs_y_max": 0.2,
        "z_max": 0.08,
        "z_min": -0.02
      }
    },
    "grasp_num_points": 22,
    "grasp_world_xyz": [
      0.05944359302520752,
      0.09187500178813934,
      0.0035626888275146484
    ],
    "metadata": {
      "box_bounds_xyxy_exclusive": [
        71,
        78,
        78,
        86
      ],
      "box_center_world_xyz": [
        0.06424592435359955,
        0.09093750268220901,
        0.04327962547540665
      ],
      "camera_frame_conversion": "opencv_to_opengl",
      "center_strategy": "median",
      "extrinsics_source": "sensor_param.base_camera.cam2world_gl",
      "intrinsics_source": "provided"
    },
    "num_points": 46,
    "point_cloud_path": null,
    "segmentation_id": null,
    "world_xyz": [
      0.05464126169681549,
      0.09951562434434891,
      0.009194731712341309
    ]
  }
}