{
  "query": {
    "attributes": [
      "red"
    ],
    "normalized_prompt": "red cube",
    "raw_query": "red cube",
    "relations": [],
    "synonyms": [
      "cube",
      "block"
    ],
    "target_name": "cube"
  },
  "top_2d_candidate": {
    "box_xyxy": [
      58.59228515625,
      69.56787872314453,
      64.16598510742188,
      75.17658233642578
    ],
    "clip_score": 0.0,
    "det_score": 0.7075911164283752,
    "fused_2d_score": 0.7075911164283752,
    "image_crop_path": null,
    "metadata": {
      "detector_metadata": {
        "model_id": "IDEA-Research/grounding-dino-tiny"
      },
      "detector_source": "transformers_groundingdino",
      "skip_clip": true
    },
    "phrase": "red cube",
    "rank": 0,
    "source": "detector_only"
  },
  "top_candidate_3d": {
    "box_area": 49,
    "box_xyxy": [
      58.59228515625,
      69.56787872314453,
      64.16598510742188,
      75.17658233642578
    ],
    "camera_xyz": [
      -0.030890624970197678,
      0.08100000023841858,
      0.6710000038146973
    ],
    "depth_valid_ratio": 0.8979591836734694,
    "grasp_camera_xyz": [
      -0.010718749836087227,
      0.09646874666213989,
      0.6859999895095825
    ],
    "grasp_metadata": {
      "applied": true,
      "component_count": 1,
      "component_fallback_reason": null,
      "component_radius": 0.03,
      "component_selection_strategy": "largest_component_then_low_spread",
      "component_sizes": [
        17
      ],
      "elevated_point_count": 17,
      "elevated_z_offset": 0.015,
      "fallback_reason": null,
      "local_support_point_count": 15,
      "local_support_radius": 0.04,
      "local_support_z_margin": 0.012,
      "min_elevated_points": 12,
      "min_points": 20,
      "num_workspace_points": 44,
      "reason": "component_elevated_xy_with_local_support_z",
      "selected_component_size": 17,
      "selected_component_spread": 0.025555241852998734,
      "selected_component_xy": [
        -0.05323329567909241,
        -0.030703123658895493
      ],
      "strategy": "workspace_elevated_xy_low_z",
      "support_z": 0.0038847923278808594,
      "support_z_percentile": 10.0,
      "workspace_bounds": {
        "abs_x_max": 0.2,
        "abs_y_max": 0.2,
        "z_max": 0.08,
        "z_min": -0.02
      }
    },
    "grasp_num_points": 17,
    "grasp_world_xyz": [
      -0.05323329567909241,
      -0.030703123658895493,
      0.003992140293121338
    ],
    "metadata": {
      "box_bounds_xyxy_exclusive": [
        58,
        69,
        65,
        76
      ],
      "box_center_world_xyz": [
        -0.04155202955007553,
        -0.030375000089406967,
        0.043396759778261185
      ],
      "camera_frame_conversion": "opencv_to_opengl",
      "center_strategy": "median",
      "extrinsics_source": "sensor_param.base_camera.cam2world_gl",
      "intrinsics_source": "provided"
    },
    "num_points": 44,
    "point_cloud_path": null,
    "segmentation_id": null,
    "world_xyz": [
      -0.053222328424453735,
      -0.030890624970197678,
      0.004294753074645996
    ]
  }
}