{
  "candidates_3d": [
    {
      "box_area": 54,
      "box_xyxy": [
        72.66597747802734,
        69.31575775146484,
        77.34395599365234,
        77.2442398071289
      ],
      "camera_xyz": [
        0.10918557643890381,
        0.08149208128452301,
        0.6539558172225952
      ],
      "depth_valid_ratio": 1.0,
      "grasp_camera_xyz": [
        0.10528495907783508,
        0.12634193897247314,
        0.6738237142562866
      ],
      "grasp_metadata": {
        "applied": true,
        "component_count": 2,
        "component_fallback_reason": null,
        "component_radius": 0.03,
        "component_selection_strategy": "largest_component_then_low_spread",
        "component_sizes": [
          19,
          1
        ],
        "elevated_point_count": 20,
        "elevated_z_offset": 0.015,
        "fallback_reason": null,
        "local_support_point_count": 11,
        "local_support_radius": 0.04,
        "local_support_z_margin": 0.012,
        "min_elevated_points": 12,
        "min_points": 20,
        "num_workspace_points": 41,
        "reason": "component_elevated_xy_with_local_support_z",
        "selected_component_size": 19,
        "selected_component_spread": 0.03277083486318588,
        "selected_component_xy": [
          -0.03286585211753845,
          0.1090003028512001
        ],
        "strategy": "workspace_elevated_xy_low_z",
        "support_z": -0.0019855499267578125,
        "support_z_percentile": 10.0,
        "workspace_bounds": {
          "abs_x_max": 0.2,
          "abs_y_max": 0.2,
          "z_max": 0.08,
          "z_min": -0.02
        }
      },
      "grasp_num_points": 19,
      "grasp_world_xyz": [
        -0.03286585211753845,
        0.1090003028512001,
        0.005140542984008789
      ],
      "metadata": {
        "box_bounds_xyxy_exclusive": [
          72,
          69,
          78,
          78
        ],
        "box_center_world_xyz": [
          -0.03447362035512924,
          0.11165136843919754,
          0.03567483648657799
        ],
        "camera_frame_conversion": "opencv_to_opengl",
        "center_strategy": "median",
        "extrinsics_source": "sensor_param.base_camera.cam2world_gl",
        "intrinsics_source": "provided"
      },
      "num_points": 54,
      "point_cloud_path": null,
      "segmentation_id": null,
      "world_xyz": [
        -0.021235302090644836,
        0.10918557643890381,
        0.02472597360610962
      ]
    }
  ]
}