{
  "candidates_3d": [
    {
      "box_area": 42,
      "box_xyxy": [
        74.93352508544922,
        58.6231689453125,
        79.38469696044922,
        64.43745422363281
      ],
      "camera_xyz": [
        0.15214063227176666,
        -0.037171874195337296,
        0.7730000019073486
      ],
      "depth_valid_ratio": 0.9285714285714286,
      "grasp_camera_xyz": null,
      "grasp_metadata": {
        "applied": false,
        "component_radius": 0.03,
        "elevated_z_offset": 0.015,
        "local_support_radius": 0.04,
        "local_support_z_margin": 0.012,
        "min_elevated_points": 12,
        "min_points": 20,
        "num_workspace_points": 14,
        "reason": "too_few_workspace_points",
        "strategy": "workspace_elevated_xy_low_z",
        "support_z_percentile": 10.0,
        "workspace_bounds": {
          "abs_x_max": 0.2,
          "abs_y_max": 0.2,
          "z_max": 0.08,
          "z_min": -0.02
        }
      },
      "grasp_num_points": 14,
      "grasp_world_xyz": null,
      "metadata": {
        "box_bounds_xyxy_exclusive": [
          74,
          58,
          80,
          65
        ],
        "box_center_world_xyz": [
          -0.18936072289943695,
          0.15031249821186066,
          0.04382624477148056
        ],
        "camera_frame_conversion": "opencv_to_opengl",
        "center_strategy": "median",
        "extrinsics_source": "sensor_param.base_camera.cam2world_gl",
        "intrinsics_source": "provided"
      },
      "num_points": 39,
      "point_cloud_path": null,
      "segmentation_id": null,
      "world_xyz": [
        -0.20824307203292847,
        0.15214063227176666,
        0.004197120666503906
      ]
    }
  ]
}