{
  "query": {
    "attributes": [
      "red"
    ],
    "normalized_prompt": "red cube",
    "raw_query": "red cube",
    "relations": [],
    "synonyms": [
      "cube",
      "block"
    ],
    "target_name": "cube"
  },
  "top_2d_candidate": {
    "box_xyxy": [
      38.575557708740234,
      83.43502807617188,
      46.15884780883789,
      91.17762756347656
    ],
    "clip_score": 0.0,
    "det_score": 0.6322631239891052,
    "fused_2d_score": 0.6322631239891052,
    "image_crop_path": null,
    "metadata": {
      "detector_metadata": {
        "model_id": "IDEA-Research/grounding-dino-tiny"
      },
      "detector_source": "transformers_groundingdino",
      "skip_clip": true
    },
    "phrase": "red cube",
    "rank": 0,
    "source": "detector_only"
  },
  "top_candidate_3d": {
    "box_area": 81,
    "box_xyxy": [
      38.575557708740234,
      83.43502807617188,
      46.15884780883789,
      91.17762756347656
    ],
    "camera_xyz": [
      -0.19467967748641968,
      0.20589062571525574,
      0.5770000219345093
    ],
    "depth_valid_ratio": 0.8148148148148148,
    "grasp_camera_xyz": [
      -0.189328134059906,
      0.2344062626361847,
      0.5770000219345093
    ],
    "grasp_metadata": {
      "applied": true,
      "component_count": 1,
      "component_fallback_reason": null,
      "component_radius": 0.03,
      "component_selection_strategy": "largest_component_then_low_spread",
      "component_sizes": [
        14
      ],
      "elevated_point_count": 14,
      "elevated_z_offset": 0.015,
      "fallback_reason": null,
      "local_support_point_count": 18,
      "local_support_radius": 0.04,
      "local_support_z_margin": 0.012,
      "min_elevated_points": 12,
      "min_points": 20,
      "num_workspace_points": 38,
      "reason": "component_elevated_xy_with_local_support_z",
      "selected_component_size": 14,
      "selected_component_spread": 0.018332045525312424,
      "selected_component_xy": [
        0.10938502848148346,
        -0.19078126549720764
      ],
      "strategy": "workspace_elevated_xy_low_z",
      "support_z": 0.00339088449254632,
      "support_z_percentile": 10.0,
      "workspace_bounds": {
        "abs_x_max": 0.2,
        "abs_y_max": 0.2,
        "z_max": 0.08,
        "z_min": -0.02
      }
    },
    "grasp_num_points": 14,
    "grasp_world_xyz": [
      0.10938502848148346,
      -0.19078126549720764,
      0.0036310553550720215
    ],
    "metadata": {
      "box_bounds_xyxy_exclusive": [
        38,
        83,
        47,
        92
      ],
      "box_center_world_xyz": [
        0.10938502848148346,
        -0.19043751060962677,
        0.04302583634853363
      ],
      "camera_frame_conversion": "opencv_to_opengl",
      "center_strategy": "median",
      "extrinsics_source": "sensor_param.base_camera.cam2world_gl",
      "intrinsics_source": "provided"
    },
    "num_points": 66,
    "point_cloud_path": null,
    "segmentation_id": null,
    "world_xyz": [
      0.10486087203025818,
      -0.19467967748641968,
      0.00364077091217041
    ]
  }
}