{
  "candidates_3d": [
    {
      "box_area": 56,
      "box_xyxy": [
        56.559913635253906,
        76.47227478027344,
        62.31084442138672,
        83.11460876464844
      ],
      "camera_xyz": [
        -0.04761718586087227,
        0.148499995470047,
        0.6169999837875366
      ],
      "depth_valid_ratio": 1.0,
      "grasp_camera_xyz": [
        -0.039000000804662704,
        0.17550000548362732,
        0.6240000128746033
      ],
      "grasp_metadata": {
        "applied": true,
        "component_count": 1,
        "component_fallback_reason": null,
        "component_radius": 0.03,
        "component_selection_strategy": "largest_component_then_low_spread",
        "component_sizes": [
          21
        ],
        "elevated_point_count": 21,
        "elevated_z_offset": 0.015,
        "fallback_reason": null,
        "local_support_point_count": 22,
        "local_support_radius": 0.04,
        "local_support_z_margin": 0.012,
        "min_elevated_points": 12,
        "min_points": 20,
        "num_workspace_points": 56,
        "reason": "component_elevated_xy_with_local_support_z",
        "selected_component_size": 21,
        "selected_component_spread": 0.022616025060415268,
        "selected_component_xy": [
          0.03499263525009155,
          -0.04742187261581421
        ],
        "strategy": "workspace_elevated_xy_low_z",
        "support_z": 0.0035138726234436035,
        "support_z_percentile": 10.0,
        "workspace_bounds": {
          "abs_x_max": 0.2,
          "abs_y_max": 0.2,
          "z_max": 0.08,
          "z_min": -0.02
        }
      },
      "grasp_num_points": 21,
      "grasp_world_xyz": [
        0.03499263525009155,
        -0.04742187261581421,
        0.003767669200897217
      ],
      "metadata": {
        "box_bounds_xyxy_exclusive": [
          56,
          76,
          63,
          84
        ],
        "box_center_world_xyz": [
          0.044890157878398895,
          -0.04640624672174454,
          0.04339676350355148
        ],
        "camera_frame_conversion": "opencv_to_opengl",
        "center_strategy": "median",
        "extrinsics_source": "sensor_param.base_camera.cam2world_gl",
        "intrinsics_source": "provided"
      },
      "num_points": 56,
      "point_cloud_path": null,
      "segmentation_id": null,
      "world_xyz": [
        0.03499263525009155,
        -0.04761718586087227,
        0.003777444362640381
      ]
    },
    {
      "box_area": 56,
      "box_xyxy": [
        48.603755950927734,
        75.44593811035156,
        54.250736236572266,
        82.12184143066406
      ],
      "camera_xyz": [
        -0.12587499618530273,
        0.140625,
        0.6240000128746033
      ],
      "depth_valid_ratio": 1.0,
      "grasp_camera_xyz": [
        -0.11812499910593033,
        0.16734375059604645,
        0.6299999952316284
      ],
      "grasp_metadata": {
        "applied": true,
        "component_count": 1,
        "component_fallback_reason": null,
        "component_radius": 0.03,
        "component_selection_strategy": "largest_component_then_low_spread",
        "component_sizes": [
          25
        ],
        "elevated_point_count": 25,
        "elevated_z_offset": 0.015,
        "fallback_reason": null,
        "local_support_point_count": 20,
        "local_support_radius": 0.04,
        "local_support_z_margin": 0.012,
        "min_elevated_points": 12,
        "min_points": 20,
        "num_workspace_points": 56,
        "reason": "component_elevated_xy_with_local_support_z",
        "selected_component_size": 25,
        "selected_component_spread": 0.02395811304450035,
        "selected_component_xy": [
          0.024494856595993042,
          -0.12390625476837158
        ],
        "strategy": "workspace_elevated_xy_low_z",
        "support_z": 0.003103911876678467,
        "support_z_percentile": 10.0,
        "workspace_bounds": {
          "abs_x_max": 0.2,
          "abs_y_max": 0.2,
          "z_max": 0.08,
          "z_min": -0.02
        }
      },
      "grasp_num_points": 25,
      "grasp_world_xyz": [
        0.024494856595993042,
        -0.12390625476837158,
        0.0035138726234436035
      ],
      "metadata": {
        "box_bounds_xyxy_exclusive": [
          48,
          75,
          55,
          83
        ],
        "box_center_world_xyz": [
          0.03499263525009155,
          -0.12187500298023224,
          0.043631017208099365
        ],
        "camera_frame_conversion": "opencv_to_opengl",
        "center_strategy": "median",
        "extrinsics_source": "sensor_param.base_camera.cam2world_gl",
        "intrinsics_source": "provided"
      },
      "num_points": 56,
      "point_cloud_path": null,
      "segmentation_id": null,
      "world_xyz": [
        0.024494856595993042,
        -0.12587499618530273,
        0.004041016101837158
      ]
    }
  ]
}