{
  "candidates_3d": [
    {
      "box_area": 56,
      "box_xyxy": [
        61.61758041381836,
        74.59271240234375,
        68.17864227294922,
        80.33094787597656
      ],
      "camera_xyz": [
        0.0029976656660437584,
        0.12767314910888672,
        0.6320326328277588
      ],
      "depth_valid_ratio": 1.0,
      "grasp_camera_xyz": [
        0.010040818713605404,
        0.15061227977275848,
        0.6426123976707458
      ],
      "grasp_metadata": {
        "applied": true,
        "component_count": 1,
        "component_fallback_reason": null,
        "component_radius": 0.03,
        "component_selection_strategy": "largest_component_then_low_spread",
        "component_sizes": [
          12
        ],
        "elevated_point_count": 12,
        "elevated_z_offset": 0.015,
        "fallback_reason": null,
        "local_support_point_count": 22,
        "local_support_radius": 0.04,
        "local_support_z_margin": 0.012,
        "min_elevated_points": 12,
        "min_points": 20,
        "num_workspace_points": 40,
        "reason": "component_elevated_xy_with_local_support_z",
        "selected_component_size": 12,
        "selected_component_spread": 0.025575989857316017,
        "selected_component_xy": [
          0.013265252113342285,
          0.004764987621456385
        ],
        "strategy": "workspace_elevated_xy_low_z",
        "support_z": 0.00020459899678826332,
        "support_z_percentile": 10.0,
        "workspace_bounds": {
          "abs_x_max": 0.2,
          "abs_y_max": 0.2,
          "z_max": 0.08,
          "z_min": -0.02
        }
      },
      "grasp_num_points": 12,
      "grasp_world_xyz": [
        0.013265252113342285,
        0.004764987621456385,
        0.002604842185974121
      ],
      "metadata": {
        "box_bounds_xyxy_exclusive": [
          61,
          74,
          69,
          81
        ],
        "box_center_world_xyz": [
          0.015728555619716644,
          0.00952997524291277,
          0.046340517699718475
        ],
        "camera_frame_conversion": "opencv_to_opengl",
        "center_strategy": "median",
        "extrinsics_source": "sensor_param.base_camera.cam2world_gl",
        "intrinsics_source": "provided"
      },
      "num_points": 56,
      "point_cloud_path": null,
      "segmentation_id": null,
      "world_xyz": [
        0.019298970699310303,
        0.0029976656660437584,
        0.01659652590751648
      ]
    },
    {
      "box_area": 56,
      "box_xyxy": [
        62.60325622558594,
        84.63420104980469,
        68.35736083984375,
        91.15536499023438
      ],
      "camera_xyz": [
        0.008751800283789635,
        0.2055150866508484,
        0.5694388747215271
      ],
      "depth_valid_ratio": 1.0,
      "grasp_camera_xyz": [
        0.008972066454589367,
        0.2332737296819687,
        0.5742122530937195
      ],
      "grasp_metadata": {
        "applied": true,
        "component_count": 1,
        "component_fallback_reason": null,
        "component_radius": 0.03,
        "component_selection_strategy": "largest_component_then_low_spread",
        "component_sizes": [
          27
        ],
        "elevated_point_count": 27,
        "elevated_z_offset": 0.015,
        "fallback_reason": null,
        "local_support_point_count": 19,
        "local_support_radius": 0.04,
        "local_support_z_margin": 0.012,
        "min_elevated_points": 12,
        "min_points": 20,
        "num_workspace_points": 56,
        "reason": "component_elevated_xy_with_local_support_z",
        "selected_component_size": 27,
        "selected_component_spread": 0.023302406072616577,
        "selected_component_xy": [
          0.10970371961593628,
          0.0086511904373765
        ],
        "strategy": "workspace_elevated_xy_low_z",
        "support_z": -0.001191258430480957,
        "support_z_percentile": 10.0,
        "workspace_bounds": {
          "abs_x_max": 0.2,
          "abs_y_max": 0.2,
          "z_max": 0.08,
          "z_min": -0.02
        }
      },
      "grasp_num_points": 27,
      "grasp_world_xyz": [
        0.10970371961593628,
        0.0086511904373765,
        0.002894103527069092
      ],
      "metadata": {
        "box_bounds_xyxy_exclusive": [
          62,
          84,
          69,
          92
        ],
        "box_center_world_xyz": [
          0.11625190079212189,
          0.0086511904373765,
          0.037947043776512146
        ],
        "camera_frame_conversion": "opencv_to_opengl",
        "center_strategy": "median",
        "extrinsics_source": "sensor_param.base_camera.cam2world_gl",
        "intrinsics_source": "provided"
      },
      "num_points": 56,
      "point_cloud_path": null,
      "segmentation_id": null,
      "world_xyz": [
        0.10932562500238419,
        0.008751800283789635,
        0.010484009981155396
      ]
    }
  ]
}