{
  "min_xy_distance_from_pick": 0.05,
  "place_query": "green cube",
  "place_target_source": "predicted_place_object",
  "selected": {
    "metadata": {
      "num_candidates": 2,
      "num_close_to_pick_rejected": 1,
      "num_eligible_candidates": 1,
      "num_invalid_candidates": 0,
      "place_pick_xy_distance": 0.09651673585176468,
      "place_query": "green cube",
      "place_target_z": 0.02,
      "raw_semantic_world_xyz": [
        0.019298970699310303,
        0.0029976656660437584,
        0.01659652590751648
      ],
      "selected_candidate_index": 0,
      "selected_clip_score": 0.0,
      "selected_depth_valid_ratio": 1.0,
      "selected_det_score": 0.43255874514579773,
      "selected_fused_2d_score": 0.43255874514579773,
      "selected_grasp_world_xyz": [
        0.013265252113342285,
        0.004764987621456385,
        0.002604842185974121
      ],
      "selected_num_points": 56,
      "selected_phrase": "green cube",
      "selected_world_xyz": [
        0.013265252113342285,
        0.004764987621456385,
        0.019999999552965164
      ],
      "selection_reason": "first_ranked_candidate_far_from_pick"
    },
    "place_xyz": [
      0.013265252113342285,
      0.004764987621456385,
      0.019999999552965164
    ],
    "source": "predicted_place_object"
  }
}