{
  "candidates_3d": [
    {
      "box_area": 64,
      "box_xyxy": [
        78.90953826904297,
        67.46168518066406,
        85.16072845458984,
        74.3033447265625
      ],
      "camera_xyz": [
        0.18525096774101257,
        0.06956088542938232,
        0.684436559677124
      ],
      "depth_valid_ratio": 1.0,
      "grasp_camera_xyz": [
        0.17431704699993134,
        0.09805333614349365,
        0.6972681879997253
      ],
      "grasp_metadata": {
        "applied": true,
        "component_count": 1,
        "component_fallback_reason": null,
        "component_radius": 0.03,
        "component_selection_strategy": "largest_component_then_low_spread",
        "component_sizes": [
          28
        ],
        "elevated_point_count": 28,
        "elevated_z_offset": 0.015,
        "fallback_reason": null,
        "local_support_point_count": 12,
        "local_support_radius": 0.04,
        "local_support_z_margin": 0.012,
        "min_elevated_points": 12,
        "min_points": 20,
        "num_workspace_points": 45,
        "reason": "component_elevated_xy_with_local_support_z",
        "selected_component_size": 28,
        "selected_component_spread": 0.03532153367996216,
        "selected_component_xy": [
          -0.06702254712581635,
          0.17830435931682587
        ],
        "strategy": "workspace_elevated_xy_low_z",
        "support_z": -0.0022288202308118343,
        "support_z_percentile": 10.0,
        "workspace_bounds": {
          "abs_x_max": 0.2,
          "abs_y_max": 0.2,
          "z_max": 0.08,
          "z_min": -0.02
        }
      },
      "grasp_num_points": 28,
      "grasp_world_xyz": [
        -0.06702254712581635,
        0.17830435931682587,
        0.00012427568435668945
      ],
      "metadata": {
        "box_bounds_xyxy_exclusive": [
          78,
          67,
          86,
          75
        ],
        "box_center_world_xyz": [
          -0.0546560063958168,
          0.18496070802211761,
          0.04153722897171974
        ],
        "camera_frame_conversion": "opencv_to_opengl",
        "center_strategy": "median",
        "extrinsics_source": "sensor_param.base_camera.cam2world_gl",
        "intrinsics_source": "provided"
      },
      "num_points": 64,
      "point_cloud_path": null,
      "segmentation_id": null,
      "world_xyz": [
        -0.06785713136196136,
        0.18525096774101257,
        0.01262277364730835
      ]
    }
  ]
}