{
  "candidates_3d": [
    {
      "box_area": 72,
      "box_xyxy": [
        78.5926284790039,
        82.52154541015625,
        85.42212677001953,
        90.29093933105469
      ],
      "camera_xyz": [
        0.1559162437915802,
        0.1972724199295044,
        0.5794973373413086
      ],
      "depth_valid_ratio": 1.0,
      "grasp_camera_xyz": [
        0.1470641791820526,
        0.22059626877307892,
        0.5882567167282104
      ],
      "grasp_metadata": {
        "applied": true,
        "component_count": 1,
        "component_fallback_reason": null,
        "component_radius": 0.03,
        "component_selection_strategy": "largest_component_then_low_spread",
        "component_sizes": [
          39
        ],
        "elevated_point_count": 39,
        "elevated_z_offset": 0.015,
        "fallback_reason": null,
        "local_support_point_count": 18,
        "local_support_radius": 0.04,
        "local_support_z_margin": 0.012,
        "min_elevated_points": 12,
        "min_points": 20,
        "num_workspace_points": 67,
        "reason": "component_elevated_xy_with_local_support_z",
        "selected_component_size": 39,
        "selected_component_spread": 0.0368587002158165,
        "selected_component_xy": [
          0.0965014100074768,
          0.15803174674510956
        ],
        "strategy": "workspace_elevated_xy_low_z",
        "support_z": -0.004430938046425581,
        "support_z_percentile": 10.0,
        "workspace_bounds": {
          "abs_x_max": 0.2,
          "abs_y_max": 0.2,
          "z_max": 0.08,
          "z_min": -0.02
        }
      },
      "grasp_num_points": 39,
      "grasp_world_xyz": [
        0.0965014100074768,
        0.15803174674510956,
        0.0026564300060272217
      ],
      "metadata": {
        "box_bounds_xyxy_exclusive": [
          78,
          82,
          86,
          91
        ],
        "box_center_world_xyz": [
          0.0976712703704834,
          0.15972362458705902,
          0.034588225185871124
        ],
        "camera_frame_conversion": "opencv_to_opengl",
        "center_strategy": "median",
        "extrinsics_source": "sensor_param.base_camera.cam2world_gl",
        "intrinsics_source": "provided"
      },
      "num_points": 72,
      "point_cloud_path": null,
      "segmentation_id": null,
      "world_xyz": [
        0.09629616886377335,
        0.1559162437915802,
        0.016836315393447876
      ]
    }
  ]
}