{
  "min_xy_distance_from_pick": 0.05,
  "place_query": "green cube",
  "place_target_source": "predicted_place_object",
  "selected": {
    "metadata": {
      "num_candidates": 1,
      "num_close_to_pick_rejected": 0,
      "num_eligible_candidates": 1,
      "num_invalid_candidates": 0,
      "place_pick_xy_distance": 0.14356420934200287,
      "place_query": "green cube",
      "place_target_z": 0.02,
      "raw_semantic_world_xyz": [
        0.09629616886377335,
        0.1559162437915802,
        0.016836315393447876
      ],
      "selected_candidate_index": 0,
      "selected_clip_score": 0.0,
      "selected_depth_valid_ratio": 1.0,
      "selected_det_score": 0.7723333835601807,
      "selected_fused_2d_score": 0.7723333835601807,
      "selected_grasp_world_xyz": [
        0.0965014100074768,
        0.15803174674510956,
        0.0026564300060272217
      ],
      "selected_num_points": 72,
      "selected_phrase": "green cube",
      "selected_world_xyz": [
        0.0965014100074768,
        0.15803174674510956,
        0.019999999552965164
      ],
      "selection_reason": "first_ranked_candidate_far_from_pick"
    },
    "place_xyz": [
      0.0965014100074768,
      0.15803174674510956,
      0.019999999552965164
    ],
    "source": "predicted_place_object"
  }
}