{
  "candidates_3d": [
    {
      "box_area": 64,
      "box_xyxy": [
        78.90953826904297,
        67.46168518066406,
        85.16072845458984,
        74.3033447265625
      ],
      "camera_xyz": [
        0.18534374237060547,
        0.06910155713558197,
        0.6835000514984131
      ],
      "depth_valid_ratio": 1.0,
      "grasp_camera_xyz": [
        0.1626562476158142,
        0.08675000071525574,
        0.6940000057220459
      ],
      "grasp_metadata": {
        "applied": true,
        "component_count": 1,
        "component_fallback_reason": null,
        "component_radius": 0.03,
        "component_selection_strategy": "largest_component_then_low_spread",
        "component_sizes": [
          22
        ],
        "elevated_point_count": 22,
        "elevated_z_offset": 0.015,
        "fallback_reason": null,
        "local_support_point_count": 17,
        "local_support_radius": 0.04,
        "local_support_z_margin": 0.012,
        "min_elevated_points": 12,
        "min_points": 20,
        "num_workspace_points": 43,
        "reason": "component_elevated_xy_with_local_support_z",
        "selected_component_size": 22,
        "selected_component_spread": 0.03403107821941376,
        "selected_component_xy": [
          -0.06618842482566833,
          0.1777031123638153
        ],
        "strategy": "workspace_elevated_xy_low_z",
        "support_z": 0.0035568238236010075,
        "support_z_percentile": 10.0,
        "workspace_bounds": {
          "abs_x_max": 0.2,
          "abs_y_max": 0.2,
          "z_max": 0.08,
          "z_min": -0.02
        }
      },
      "grasp_num_points": 22,
      "grasp_world_xyz": [
        -0.06618842482566833,
        0.1777031123638153,
        0.0038847923278808594
      ],
      "metadata": {
        "box_bounds_xyxy_exclusive": [
          78,
          67,
          86,
          75
        ],
        "box_center_world_xyz": [
          -0.0532333068549633,
          0.18421873450279236,
          0.0437774732708931
        ],
        "camera_frame_conversion": "opencv_to_opengl",
        "center_strategy": "median",
        "extrinsics_source": "sensor_param.base_camera.cam2world_gl",
        "intrinsics_source": "provided"
      },
      "num_points": 64,
      "point_cloud_path": null,
      "segmentation_id": null,
      "world_xyz": [
        -0.06626895070075989,
        0.18534374237060547,
        0.004294753074645996
      ]
    }
  ]
}