{
  "query": {
    "attributes": [
      "red"
    ],
    "normalized_prompt": "red cube",
    "raw_query": "red cube",
    "relations": [],
    "synonyms": [
      "cube",
      "block"
    ],
    "target_name": "cube"
  },
  "top_2d_candidate": {
    "box_xyxy": [
      68.4482421875,
      70.45731353759766,
      74.30502319335938,
      78.2255630493164
    ],
    "clip_score": 0.0,
    "det_score": 0.5154558420181274,
    "fused_2d_score": 0.5154558420181274,
    "image_crop_path": null,
    "metadata": {
      "detector_metadata": {
        "model_id": "IDEA-Research/grounding-dino-tiny"
      },
      "detector_source": "transformers_groundingdino",
      "skip_clip": true
    },
    "phrase": "red cube",
    "rank": 0,
    "source": "detector_only"
  },
  "top_candidate_3d": {
    "box_area": 63,
    "box_xyxy": [
      68.4482421875,
      70.45731353759766,
      74.30502319335938,
      78.2255630493164
    ],
    "camera_xyz": [
      0.07164062559604645,
      0.10609374940395355,
      0.6570000052452087
    ],
    "depth_valid_ratio": 0.8095238095238095,
    "grasp_camera_xyz": [
      0.051874998956918716,
      0.12449999153614044,
      0.6639999747276306
    ],
    "grasp_metadata": {
      "applied": true,
      "component_count": 1,
      "component_fallback_reason": null,
      "component_radius": 0.03,
      "component_selection_strategy": "largest_component_then_low_spread",
      "component_sizes": [
        18
      ],
      "elevated_point_count": 18,
      "elevated_z_offset": 0.015,
      "fallback_reason": null,
      "local_support_point_count": 19,
      "local_support_radius": 0.04,
      "local_support_z_margin": 0.012,
      "min_elevated_points": 12,
      "min_points": 20,
      "num_workspace_points": 51,
      "reason": "component_elevated_xy_with_local_support_z",
      "selected_component_size": 18,
      "selected_component_spread": 0.023060714825987816,
      "selected_component_xy": [
        -0.030041515827178955,
        0.07016406208276749
      ],
      "strategy": "workspace_elevated_xy_low_z",
      "support_z": 0.0036017298698425293,
      "support_z_percentile": 10.0,
      "workspace_bounds": {
        "abs_x_max": 0.2,
        "abs_y_max": 0.2,
        "z_max": 0.08,
        "z_min": -0.02
      }
    },
    "grasp_num_points": 18,
    "grasp_world_xyz": [
      -0.030041515827178955,
      0.07016406208276749,
      0.0036115050315856934
    ],
    "metadata": {
      "box_bounds_xyxy_exclusive": [
        68,
        70,
        75,
        79
      ],
      "box_center_world_xyz": [
        -0.01819918304681778,
        0.06923437863588333,
        0.043923843652009964
      ],
      "camera_frame_conversion": "opencv_to_opengl",
      "center_strategy": "median",
      "extrinsics_source": "sensor_param.base_camera.cam2world_gl",
      "intrinsics_source": "provided"
    },
    "num_points": 51,
    "point_cloud_path": null,
    "segmentation_id": null,
    "world_xyz": [
      -0.029114246368408203,
      0.07164062559604645,
      0.004001975059509277
    ]
  }
}