{
  "candidates_3d": [
    {
      "box_area": 64,
      "box_xyxy": [
        40.640411376953125,
        71.53681945800781,
        47.253204345703125,
        78.24618530273438
      ],
      "camera_xyz": [
        -0.20596179366111755,
        0.1072084978222847,
        0.6543681025505066
      ],
      "depth_valid_ratio": 1.0,
      "grasp_camera_xyz": [
        -0.18882186710834503,
        0.11539114266633987,
        0.6713666319847107
      ],
      "grasp_metadata": {
        "applied": true,
        "component_count": 1,
        "component_fallback_reason": null,
        "component_radius": 0.03,
        "component_selection_strategy": "largest_component_then_low_spread",
        "component_sizes": [
          14
        ],
        "elevated_point_count": 14,
        "elevated_z_offset": 0.015,
        "fallback_reason": null,
        "local_support_point_count": 9,
        "local_support_radius": 0.04,
        "local_support_z_margin": 0.012,
        "min_elevated_points": 12,
        "min_points": 20,
        "num_workspace_points": 27,
        "reason": "component_elevated_xy_with_local_support_z",
        "selected_component_size": 14,
        "selected_component_spread": 0.03212834522128105,
        "selected_component_xy": [
          -0.026315689086914062,
          -0.19221290946006775
        ],
        "strategy": "workspace_elevated_xy_low_z",
        "support_z": -0.006261289119720459,
        "support_z_percentile": 10.0,
        "workspace_bounds": {
          "abs_x_max": 0.2,
          "abs_y_max": 0.2,
          "z_max": 0.08,
          "z_min": -0.02
        }
      },
      "grasp_num_points": 14,
      "grasp_world_xyz": [
        -0.026315689086914062,
        -0.19221290946006775,
        0.0018966197967529297
      ],
      "metadata": {
        "box_bounds_xyxy_exclusive": [
          40,
          71,
          48,
          79
        ],
        "box_center_world_xyz": [
          -0.009290218353271484,
          -0.1970570981502533,
          0.03989238291978836
        ],
        "camera_frame_conversion": "opencv_to_opengl",
        "center_strategy": "median",
        "extrinsics_source": "sensor_param.base_camera.cam2world_gl",
        "intrinsics_source": "provided"
      },
      "num_points": 64,
      "point_cloud_path": null,
      "segmentation_id": null,
      "world_xyz": [
        -0.024463847279548645,
        -0.20596179366111755,
        0.008239299058914185
      ]
    }
  ]
}