{
  "candidates_3d": [
    {
      "box_area": 64,
      "box_xyxy": [
        70.62287902832031,
        61.47886276245117,
        77.1162109375,
        68.25064086914062
      ],
      "camera_xyz": [
        0.11031249165534973,
        0.011031249538064003,
        0.7360000014305115
      ],
      "depth_valid_ratio": 0.828125,
      "grasp_camera_xyz": [
        0.09262499958276749,
        0.02315624989569187,
        0.7409999966621399
      ],
      "grasp_metadata": {
        "applied": true,
        "component_count": 1,
        "component_fallback_reason": null,
        "component_radius": 0.03,
        "component_selection_strategy": "largest_component_then_low_spread",
        "component_sizes": [
          12
        ],
        "elevated_point_count": 12,
        "elevated_z_offset": 0.015,
        "fallback_reason": null,
        "local_support_point_count": 14,
        "local_support_radius": 0.04,
        "local_support_z_margin": 0.012,
        "min_elevated_points": 12,
        "min_points": 20,
        "num_workspace_points": 36,
        "reason": "component_elevated_xy_with_local_support_z",
        "selected_component_size": 12,
        "selected_component_spread": 0.02770705707371235,
        "selected_component_xy": [
          -0.1475195735692978,
          0.10592187196016312
        ],
        "strategy": "workspace_elevated_xy_low_z",
        "support_z": 0.003728628158569336,
        "support_z_percentile": 10.0,
        "workspace_bounds": {
          "abs_x_max": 0.2,
          "abs_y_max": 0.2,
          "z_max": 0.08,
          "z_min": -0.02
        }
      },
      "grasp_num_points": 12,
      "grasp_world_xyz": [
        -0.1475195735692978,
        0.10592187196016312,
        0.00392383337020874
      ],
      "metadata": {
        "box_bounds_xyxy_exclusive": [
          70,
          61,
          78,
          69
        ],
        "box_center_world_xyz": [
          -0.13242073357105255,
          0.11031249165534973,
          0.04181554168462753
        ],
        "camera_frame_conversion": "opencv_to_opengl",
        "center_strategy": "median",
        "extrinsics_source": "sensor_param.base_camera.cam2world_gl",
        "intrinsics_source": "provided"
      },
      "num_points": 53,
      "point_cloud_path": null,
      "segmentation_id": null,
      "world_xyz": [
        -0.1448170244693756,
        0.11031249165534973,
        0.003992199897766113
      ]
    }
  ]
}