{
  "min_xy_distance_from_pick": 0.05,
  "place_query": "green cube",
  "place_target_source": "predicted_place_object",
  "selected": {
    "metadata": {
      "num_candidates": 1,
      "num_close_to_pick_rejected": 0,
      "num_eligible_candidates": 1,
      "num_invalid_candidates": 0,
      "place_pick_xy_distance": 0.18348835408687592,
      "place_query": "green cube",
      "place_target_z": 0.02,
      "raw_semantic_world_xyz": [
        -0.1448170244693756,
        0.11031249165534973,
        0.003992199897766113
      ],
      "selected_candidate_index": 0,
      "selected_clip_score": 0.0,
      "selected_depth_valid_ratio": 0.828125,
      "selected_det_score": 0.6578919291496277,
      "selected_fused_2d_score": 0.6578919291496277,
      "selected_grasp_world_xyz": [
        -0.1475195735692978,
        0.10592187196016312,
        0.00392383337020874
      ],
      "selected_num_points": 53,
      "selected_phrase": "green cube",
      "selected_world_xyz": [
        -0.1475195735692978,
        0.10592187196016312,
        0.019999999552965164
      ],
      "selection_reason": "first_ranked_candidate_far_from_pick"
    },
    "place_xyz": [
      -0.1475195735692978,
      0.10592187196016312,
      0.019999999552965164
    ],
    "source": "predicted_place_object"
  }
}