{
  "query": {
    "attributes": [
      "red"
    ],
    "normalized_prompt": "red cube",
    "raw_query": "red cube",
    "relations": [],
    "synonyms": [
      "cube",
      "block"
    ],
    "target_name": "cube"
  },
  "top_2d_candidate": {
    "box_xyxy": [
      65.54825592041016,
      78.4900131225586,
      71.1672592163086,
      85.18704986572266
    ],
    "clip_score": 0.0,
    "det_score": 0.7420566082000732,
    "fused_2d_score": 0.7420566082000732,
    "image_crop_path": null,
    "metadata": {
      "detector_metadata": {
        "model_id": "IDEA-Research/grounding-dino-tiny"
      },
      "detector_source": "transformers_groundingdino",
      "skip_clip": true
    },
    "phrase": "red cube",
    "rank": 0,
    "source": "detector_only"
  },
  "top_candidate_3d": {
    "box_area": 56,
    "box_xyxy": [
      65.54825592041016,
      78.4900131225586,
      71.1672592163086,
      85.18704986572266
    ],
    "camera_xyz": [
      0.03750000149011612,
      0.16368749737739563,
      0.6050000190734863
    ],
    "depth_valid_ratio": 0.8035714285714286,
    "grasp_camera_xyz": [
      0.028171874582767487,
      0.18781250715255737,
      0.6010000109672546
    ],
    "grasp_metadata": {
      "applied": true,
      "component_count": 1,
      "component_fallback_reason": null,
      "component_radius": 0.03,
      "component_selection_strategy": "largest_component_then_low_spread",
      "component_sizes": [
        18
      ],
      "elevated_point_count": 18,
      "elevated_z_offset": 0.015,
      "fallback_reason": null,
      "local_support_point_count": 17,
      "local_support_radius": 0.04,
      "local_support_z_margin": 0.012,
      "min_elevated_points": 12,
      "min_points": 20,
      "num_workspace_points": 45,
      "reason": "component_elevated_xy_with_local_support_z",
      "selected_component_size": 18,
      "selected_component_spread": 0.023543858900666237,
      "selected_component_xy": [
        0.05944359302520752,
        0.03656250238418579
      ],
      "strategy": "workspace_elevated_xy_low_z",
      "support_z": 0.0035626888275146484,
      "support_z_percentile": 10.0,
      "workspace_bounds": {
        "abs_x_max": 0.2,
        "abs_y_max": 0.2,
        "z_max": 0.08,
        "z_min": -0.02
      }
    },
    "grasp_num_points": 18,
    "grasp_world_xyz": [
      0.05944359302520752,
      0.03656250238418579,
      0.0036115050315856934
    ],
    "metadata": {
      "box_bounds_xyxy_exclusive": [
        65,
        78,
        72,
        86
      ],
      "box_center_world_xyz": [
        0.06424592435359955,
        0.036375001072883606,
        0.04327962547540665
      ],
      "camera_frame_conversion": "opencv_to_opengl",
      "center_strategy": "median",
      "extrinsics_source": "sensor_param.base_camera.cam2world_gl",
      "intrinsics_source": "provided"
    },
    "num_points": 45,
    "point_cloud_path": null,
    "segmentation_id": null,
    "world_xyz": [
      0.05464126169681549,
      0.03750000149011612,
      0.004041016101837158
    ]
  }
}