{
  "candidates_3d": [
    {
      "box_area": 56,
      "box_xyxy": [
        41.63755416870117,
        71.54145050048828,
        47.267879486083984,
        78.19889068603516
      ],
      "camera_xyz": [
        -0.20288538932800293,
        0.10578343272209167,
        0.6479560136795044
      ],
      "depth_valid_ratio": 1.0,
      "grasp_camera_xyz": [
        -0.18204855918884277,
        0.12136571109294891,
        0.6472837924957275
      ],
      "grasp_metadata": {
        "applied": true,
        "component_count": 1,
        "component_fallback_reason": null,
        "component_radius": 0.03,
        "component_selection_strategy": "largest_component_then_low_spread",
        "component_sizes": [
          14
        ],
        "elevated_point_count": 14,
        "elevated_z_offset": 0.015,
        "fallback_reason": null,
        "local_support_point_count": 7,
        "local_support_radius": 0.04,
        "local_support_z_margin": 0.012,
        "min_elevated_points": 12,
        "min_points": 20,
        "num_workspace_points": 26,
        "reason": "component_elevated_xy_with_local_support_z",
        "selected_component_size": 14,
        "selected_component_spread": 0.021073902025818825,
        "selected_component_xy": [
          -0.015886351466178894,
          -0.1861458569765091
        ],
        "strategy": "workspace_elevated_xy_low_z",
        "support_z": 0.002558201551437378,
        "support_z_percentile": 10.0,
        "workspace_bounds": {
          "abs_x_max": 0.2,
          "abs_y_max": 0.2,
          "z_max": 0.08,
          "z_min": -0.02
        }
      },
      "grasp_num_points": 14,
      "grasp_world_xyz": [
        -0.015886351466178894,
        -0.1861458569765091,
        0.007648169994354248
      ],
      "metadata": {
        "box_bounds_xyxy_exclusive": [
          41,
          71,
          48,
          79
        ],
        "box_center_world_xyz": [
          -0.009964808821678162,
          -0.19748687744140625,
          0.03867076337337494
        ],
        "camera_frame_conversion": "opencv_to_opengl",
        "center_strategy": "median",
        "extrinsics_source": "sensor_param.base_camera.cam2world_gl",
        "intrinsics_source": "provided"
      },
      "num_points": 56,
      "point_cloud_path": null,
      "segmentation_id": null,
      "world_xyz": [
        -0.02047722041606903,
        -0.20288538932800293,
        0.016189515590667725
      ]
    }
  ]
}