{
  "candidates_3d": [
    {
      "box_area": 56,
      "box_xyxy": [
        56.559913635253906,
        76.47227478027344,
        62.31084442138672,
        83.11460876464844
      ],
      "camera_xyz": [
        -0.047428905963897705,
        0.14785495400428772,
        0.617979884147644
      ],
      "depth_valid_ratio": 1.0,
      "grasp_camera_xyz": [
        -0.039532385766506195,
        0.17789573967456818,
        0.6325181722640991
      ],
      "grasp_metadata": {
        "applied": true,
        "component_count": 1,
        "component_fallback_reason": null,
        "component_radius": 0.03,
        "component_selection_strategy": "largest_component_then_low_spread",
        "component_sizes": [
          23
        ],
        "elevated_point_count": 23,
        "elevated_z_offset": 0.015,
        "fallback_reason": null,
        "local_support_point_count": 20,
        "local_support_radius": 0.04,
        "local_support_z_margin": 0.012,
        "min_elevated_points": 12,
        "min_points": 20,
        "num_workspace_points": 56,
        "reason": "component_elevated_xy_with_local_support_z",
        "selected_component_size": 23,
        "selected_component_spread": 0.0231058057397604,
        "selected_component_xy": [
          0.03675246238708496,
          -0.04731825739145279
        ],
        "strategy": "workspace_elevated_xy_low_z",
        "support_z": 0.0006588995456695557,
        "support_z_percentile": 10.0,
        "workspace_bounds": {
          "abs_x_max": 0.2,
          "abs_y_max": 0.2,
          "z_max": 0.08,
          "z_min": -0.02
        }
      },
      "grasp_num_points": 23,
      "grasp_world_xyz": [
        0.03675246238708496,
        -0.04731825739145279,
        0.0030303001403808594
      ],
      "metadata": {
        "box_bounds_xyxy_exclusive": [
          56,
          76,
          63,
          84
        ],
        "box_center_world_xyz": [
          0.04702334105968475,
          -0.04601820930838585,
          0.04805096983909607
        ],
        "camera_frame_conversion": "opencv_to_opengl",
        "center_strategy": "median",
        "extrinsics_source": "sensor_param.base_camera.cam2world_gl",
        "intrinsics_source": "provided"
      },
      "num_points": 56,
      "point_cloud_path": null,
      "segmentation_id": null,
      "world_xyz": [
        0.03652273118495941,
        -0.047428905963897705,
        0.007236361503601074
      ]
    },
    {
      "box_area": 56,
      "box_xyxy": [
        48.603755950927734,
        75.44593811035156,
        54.250736236572266,
        82.12184143066406
      ],
      "camera_xyz": [
        -0.12533488869667053,
        0.14034920930862427,
        0.6229735612869263
      ],
      "depth_valid_ratio": 1.0,
      "grasp_camera_xyz": [
        -0.11931833624839783,
        0.16903430223464966,
        0.6363644599914551
      ],
      "grasp_metadata": {
        "applied": true,
        "component_count": 1,
        "component_fallback_reason": null,
        "component_radius": 0.03,
        "component_selection_strategy": "largest_component_then_low_spread",
        "component_sizes": [
          25
        ],
        "elevated_point_count": 25,
        "elevated_z_offset": 0.015,
        "fallback_reason": null,
        "local_support_point_count": 16,
        "local_support_radius": 0.04,
        "local_support_z_margin": 0.012,
        "min_elevated_points": 12,
        "min_points": 20,
        "num_workspace_points": 56,
        "reason": "component_elevated_xy_with_local_support_z",
        "selected_component_size": 25,
        "selected_component_spread": 0.024991601705551147,
        "selected_component_xy": [
          0.02643507719039917,
          -0.12428196519613266
        ],
        "strategy": "workspace_elevated_xy_low_z",
        "support_z": -0.0009261965751647949,
        "support_z_percentile": 10.0,
        "workspace_bounds": {
          "abs_x_max": 0.2,
          "abs_y_max": 0.2,
          "z_max": 0.08,
          "z_min": -0.02
        }
      },
      "grasp_num_points": 25,
      "grasp_world_xyz": [
        0.02643507719039917,
        -0.12428196519613266,
        0.004165917634963989
      ],
      "metadata": {
        "box_bounds_xyxy_exclusive": [
          48,
          75,
          55,
          83
        ],
        "box_center_world_xyz": [
          0.03389468789100647,
          -0.12237994372844696,
          0.041325896978378296
        ],
        "camera_frame_conversion": "opencv_to_opengl",
        "center_strategy": "median",
        "extrinsics_source": "sensor_param.base_camera.cam2world_gl",
        "intrinsics_source": "provided"
      },
      "num_points": 56,
      "point_cloud_path": null,
      "segmentation_id": null,
      "world_xyz": [
        0.026324763894081116,
        -0.12533488869667053,
        0.013063669204711914
      ]
    }
  ]
}