{
  "candidates_3d": [
    {
      "box_area": 72,
      "box_xyxy": [
        63.50849533081055,
        76.75216674804688,
        70.36881256103516,
        84.37635803222656
      ],
      "camera_xyz": [
        0.020013611763715744,
        0.1521192193031311,
        0.6161572933197021
      ],
      "depth_valid_ratio": 1.0,
      "grasp_camera_xyz": [
        0.02891584113240242,
        0.18313366174697876,
        0.6168712973594666
      ],
      "grasp_metadata": {
        "applied": true,
        "component_count": 2,
        "component_fallback_reason": null,
        "component_radius": 0.03,
        "component_selection_strategy": "largest_component_then_low_spread",
        "component_sizes": [
          34,
          1
        ],
        "elevated_point_count": 35,
        "elevated_z_offset": 0.015,
        "fallback_reason": null,
        "local_support_point_count": 13,
        "local_support_radius": 0.04,
        "local_support_z_margin": 0.012,
        "min_elevated_points": 12,
        "min_points": 20,
        "num_workspace_points": 67,
        "reason": "component_elevated_xy_with_local_support_z",
        "selected_component_size": 34,
        "selected_component_spread": 0.037034645676612854,
        "selected_component_xy": [
          0.04471564292907715,
          0.0195810217410326
        ],
        "strategy": "workspace_elevated_xy_low_z",
        "support_z": -0.00606991071254015,
        "support_z_percentile": 10.0,
        "workspace_bounds": {
          "abs_x_max": 0.2,
          "abs_y_max": 0.2,
          "z_max": 0.08,
          "z_min": -0.02
        }
      },
      "grasp_num_points": 34,
      "grasp_world_xyz": [
        0.04471564292907715,
        0.0195810217410326,
        0.0001201629638671875
      ],
      "metadata": {
        "box_bounds_xyxy_exclusive": [
          63,
          76,
          71,
          85
        ],
        "box_center_world_xyz": [
          0.04014984518289566,
          0.02836112678050995,
          0.03305424004793167
        ],
        "camera_frame_conversion": "opencv_to_opengl",
        "center_strategy": "median",
        "extrinsics_source": "sensor_param.base_camera.cam2world_gl",
        "intrinsics_source": "provided"
      },
      "num_points": 72,
      "point_cloud_path": null,
      "segmentation_id": null,
      "world_xyz": [
        0.04281066358089447,
        0.020013611763715744,
        0.010993719100952148
      ]
    }
  ]
}