{
  "query": {
    "attributes": [
      "red"
    ],
    "normalized_prompt": "red cube",
    "raw_query": "red cube",
    "relations": [],
    "synonyms": [
      "cube",
      "block"
    ],
    "target_name": "cube"
  },
  "top_2d_candidate": {
    "box_xyxy": [
      57.83497619628906,
      86.44202423095703,
      65.26599884033203,
      94.13553619384766
    ],
    "clip_score": 0.0,
    "det_score": 0.463544636964798,
    "fused_2d_score": 0.463544636964798,
    "image_crop_path": null,
    "metadata": {
      "detector_metadata": {
        "model_id": "IDEA-Research/grounding-dino-tiny"
      },
      "detector_source": "transformers_groundingdino",
      "skip_clip": true
    },
    "phrase": "red cube",
    "rank": 0,
    "source": "detector_only"
  },
  "top_candidate_3d": {
    "box_area": 81,
    "box_xyxy": [
      57.83497619628906,
      86.44202423095703,
      65.26599884033203,
      94.13553619384766
    ],
    "camera_xyz": [
      -0.026015624403953552,
      0.22267967462539673,
      0.5609999895095825
    ],
    "depth_valid_ratio": 0.7654320987654321,
    "grasp_camera_xyz": [
      -0.044218748807907104,
      0.24762499332427979,
      0.5659999847412109
    ],
    "grasp_metadata": {
      "applied": true,
      "component_count": 1,
      "component_fallback_reason": null,
      "component_radius": 0.03,
      "component_selection_strategy": "largest_component_then_low_spread",
      "component_sizes": [
        23
      ],
      "elevated_point_count": 23,
      "elevated_z_offset": 0.015,
      "fallback_reason": null,
      "local_support_point_count": 19,
      "local_support_radius": 0.04,
      "local_support_z_margin": 0.012,
      "min_elevated_points": 12,
      "min_points": 20,
      "num_workspace_points": 62,
      "reason": "component_elevated_xy_with_local_support_z",
      "selected_component_size": 23,
      "selected_component_spread": 0.02531222626566887,
      "selected_component_xy": [
        0.13458271324634552,
        -0.025218749418854713
      ],
      "strategy": "workspace_elevated_xy_low_z",
      "support_z": 0.003025829792022705,
      "support_z_percentile": 10.0,
      "workspace_bounds": {
        "abs_x_max": 0.2,
        "abs_y_max": 0.2,
        "z_max": 0.08,
        "z_min": -0.02
      }
    },
    "grasp_num_points": 23,
    "grasp_world_xyz": [
      0.13458271324634552,
      -0.025218749418854713,
      0.003133237361907959
    ],
    "metadata": {
      "box_bounds_xyxy_exclusive": [
        57,
        86,
        66,
        95
      ],
      "box_center_world_xyz": [
        0.13458269834518433,
        -0.025218749418854713,
        0.043357715010643005
      ],
      "camera_frame_conversion": "opencv_to_opengl",
      "center_strategy": "median",
      "extrinsics_source": "sensor_param.base_camera.cam2world_gl",
      "intrinsics_source": "provided"
    },
    "num_points": 62,
    "point_cloud_path": null,
    "segmentation_id": null,
    "world_xyz": [
      0.1329929083585739,
      -0.026015624403953552,
      0.003728628158569336
    ]
  }
}