{
  "candidates_3d": [
    {
      "box_area": 72,
      "box_xyxy": [
        73.57299041748047,
        77.57810974121094,
        80.06912994384766,
        85.21910095214844
      ],
      "camera_xyz": [
        0.1188955157995224,
        0.1578274965286255,
        0.6145572662353516
      ],
      "depth_valid_ratio": 1.0,
      "grasp_camera_xyz": [
        0.10597468912601471,
        0.19268125295639038,
        0.6165800094604492
      ],
      "grasp_metadata": {
        "applied": true,
        "component_count": 1,
        "component_fallback_reason": null,
        "component_radius": 0.03,
        "component_selection_strategy": "largest_component_then_low_spread",
        "component_sizes": [
          24
        ],
        "elevated_point_count": 24,
        "elevated_z_offset": 0.015,
        "fallback_reason": null,
        "local_support_point_count": 21,
        "local_support_radius": 0.04,
        "local_support_z_margin": 0.012,
        "min_elevated_points": 12,
        "min_points": 20,
        "num_workspace_points": 72,
        "reason": "component_elevated_xy_with_local_support_z",
        "selected_component_size": 24,
        "selected_component_spread": 0.02679274044930935,
        "selected_component_xy": [
          0.05360841006040573,
          0.11257361620664597
        ],
        "strategy": "workspace_elevated_xy_low_z",
        "support_z": -0.0018340528476983309,
        "support_z_percentile": 10.0,
        "workspace_bounds": {
          "abs_x_max": 0.2,
          "abs_y_max": 0.2,
          "z_max": 0.08,
          "z_min": -0.02
        }
      },
      "grasp_num_points": 24,
      "grasp_world_xyz": [
        0.05360841006040573,
        0.11257361620664597,
        0.0016647577285766602
      ],
      "metadata": {
        "box_bounds_xyxy_exclusive": [
          73,
          77,
          81,
          86
        ],
        "box_center_world_xyz": [
          0.056770555675029755,
          0.11840097606182098,
          0.048111043870449066
        ],
        "camera_frame_conversion": "opencv_to_opengl",
        "center_strategy": "median",
        "extrinsics_source": "sensor_param.base_camera.cam2world_gl",
        "intrinsics_source": "provided"
      },
      "num_points": 72,
      "point_cloud_path": null,
      "segmentation_id": null,
      "world_xyz": [
        0.04794389009475708,
        0.1188955157995224,
        0.0048909783363342285
      ]
    }
  ]
}