{
  "candidates_3d": [
    {
      "box_area": 72,
      "box_xyxy": [
        42.77224349975586,
        74.62934112548828,
        49.31429672241211,
        82.28287506103516
      ],
      "camera_xyz": [
        -0.18153905868530273,
        0.1327812522649765,
        0.6290000081062317
      ],
      "depth_valid_ratio": 0.8611111111111112,
      "grasp_camera_xyz": [
        -0.1771875023841858,
        0.16734375059604645,
        0.6299999952316284
      ],
      "grasp_metadata": {
        "applied": true,
        "component_count": 1,
        "component_fallback_reason": null,
        "component_radius": 0.03,
        "component_selection_strategy": "largest_component_then_low_spread",
        "component_sizes": [
          20
        ],
        "elevated_point_count": 20,
        "elevated_z_offset": 0.015,
        "fallback_reason": null,
        "local_support_point_count": 13,
        "local_support_radius": 0.04,
        "local_support_z_margin": 0.012,
        "min_elevated_points": 12,
        "min_points": 20,
        "num_workspace_points": 45,
        "reason": "component_elevated_xy_with_local_support_z",
        "selected_component_size": 20,
        "selected_component_spread": 0.024334829300642014,
        "selected_component_xy": [
          0.024494856595993042,
          -0.17625001072883606
        ],
        "strategy": "workspace_elevated_xy_low_z",
        "support_z": 0.0035138726234436035,
        "support_z_percentile": 10.0,
        "workspace_bounds": {
          "abs_x_max": 0.2,
          "abs_y_max": 0.2,
          "z_max": 0.08,
          "z_min": -0.02
        }
      },
      "grasp_num_points": 20,
      "grasp_world_xyz": [
        0.024494856595993042,
        -0.17625001072883606,
        0.0035138726234436035
      ],
      "metadata": {
        "box_bounds_xyxy_exclusive": [
          42,
          74,
          50,
          83
        ],
        "box_center_world_xyz": [
          0.02449483424425125,
          -0.1707187443971634,
          0.043064892292022705
        ],
        "camera_frame_conversion": "opencv_to_opengl",
        "center_strategy": "median",
        "extrinsics_source": "sensor_param.base_camera.cam2world_gl",
        "intrinsics_source": "provided"
      },
      "num_points": 62,
      "point_cloud_path": null,
      "segmentation_id": null,
      "world_xyz": [
        0.014292299747467041,
        -0.18153905868530273,
        0.003992140293121338
      ]
    }
  ]
}