{
  "candidates_3d": [
    {
      "box_area": 56,
      "box_xyxy": [
        69.65455627441406,
        70.4237289428711,
        75.36830139160156,
        77.27783966064453
      ],
      "camera_xyz": [
        0.08148570358753204,
        0.09768134355545044,
        0.6636819839477539
      ],
      "depth_valid_ratio": 1.0,
      "grasp_camera_xyz": [
        0.0840240865945816,
        0.126036137342453,
        0.6721926927566528
      ],
      "grasp_metadata": {
        "applied": true,
        "component_count": 1,
        "component_fallback_reason": null,
        "component_radius": 0.03,
        "component_selection_strategy": "largest_component_then_low_spread",
        "component_sizes": [
          30
        ],
        "elevated_point_count": 30,
        "elevated_z_offset": 0.015,
        "fallback_reason": null,
        "local_support_point_count": 9,
        "local_support_radius": 0.04,
        "local_support_z_margin": 0.012,
        "min_elevated_points": 12,
        "min_points": 20,
        "num_workspace_points": 56,
        "reason": "component_elevated_xy_with_local_support_z",
        "selected_component_size": 30,
        "selected_component_spread": 0.03503721207380295,
        "selected_component_xy": [
          -0.028256893157958984,
          0.08094629645347595
        ],
        "strategy": "workspace_elevated_xy_low_z",
        "support_z": -0.0068347156047821045,
        "support_z_percentile": 10.0,
        "workspace_bounds": {
          "abs_x_max": 0.2,
          "abs_y_max": 0.2,
          "z_max": 0.08,
          "z_min": -0.02
        }
      },
      "grasp_num_points": 30,
      "grasp_world_xyz": [
        -0.028256893157958984,
        0.08094629645347595,
        -0.0033012032508850098
      ],
      "metadata": {
        "box_bounds_xyxy_exclusive": [
          69,
          70,
          76,
          78
        ],
        "box_center_world_xyz": [
          -0.021021686494350433,
          0.07982686161994934,
          0.0389912948012352
        ],
        "camera_frame_conversion": "opencv_to_opengl",
        "center_strategy": "median",
        "extrinsics_source": "sensor_param.base_camera.cam2world_gl",
        "intrinsics_source": "provided"
      },
      "num_points": 56,
      "point_cloud_path": null,
      "segmentation_id": null,
      "world_xyz": [
        -0.03344076871871948,
        0.08148570358753204,
        0.010148376226425171
      ]
    }
  ]
}