{
  "query": {
    "attributes": [
      "red"
    ],
    "normalized_prompt": "red cube",
    "raw_query": "red cube",
    "relations": [],
    "synonyms": [
      "cube",
      "block"
    ],
    "target_name": "cube"
  },
  "top_2d_candidate": {
    "box_xyxy": [
      46.584083557128906,
      67.51640319824219,
      52.108253479003906,
      74.22012329101562
    ],
    "clip_score": 0.0,
    "det_score": 0.5392369031906128,
    "fused_2d_score": 0.5392369031906128,
    "image_crop_path": null,
    "metadata": {
      "detector_metadata": {
        "model_id": "IDEA-Research/grounding-dino-tiny"
      },
      "detector_source": "transformers_groundingdino",
      "skip_clip": true
    },
    "phrase": "red cube",
    "rank": 0,
    "source": "detector_only"
  },
  "top_candidate_3d": {
    "box_area": 56,
    "box_xyxy": [
      46.584083557128906,
      67.51640319824219,
      52.108253479003906,
      74.22012329101562
    ],
    "camera_xyz": [
      -0.1589687466621399,
      0.06910155713558197,
      0.6859999895095825
    ],
    "depth_valid_ratio": 0.9285714285714286,
    "grasp_camera_xyz": [
      -0.14940625429153442,
      0.09604687988758087,
      0.6830000281333923
    ],
    "grasp_metadata": {
      "applied": true,
      "component_count": 1,
      "component_fallback_reason": null,
      "component_radius": 0.03,
      "component_selection_strategy": "largest_component_then_low_spread",
      "component_sizes": [
        16
      ],
      "elevated_point_count": 16,
      "elevated_z_offset": 0.015,
      "fallback_reason": null,
      "local_support_point_count": 18,
      "local_support_radius": 0.04,
      "local_support_z_margin": 0.012,
      "min_elevated_points": 12,
      "min_points": 20,
      "num_workspace_points": 49,
      "reason": "component_elevated_xy_with_local_support_z",
      "selected_component_size": 16,
      "selected_component_spread": 0.02473931759595871,
      "selected_component_xy": [
        -0.06186191737651825,
        -0.15808594226837158
      ],
      "strategy": "workspace_elevated_xy_low_z",
      "support_z": 0.0035138726234436035,
      "support_z_percentile": 10.0,
      "workspace_bounds": {
        "abs_x_max": 0.2,
        "abs_y_max": 0.2,
        "z_max": 0.08,
        "z_min": -0.02
      }
    },
    "grasp_num_points": 16,
    "grasp_world_xyz": [
      -0.06186191737651825,
      -0.15808594226837158,
      0.0038847923278808594
    ],
    "metadata": {
      "box_bounds_xyxy_exclusive": [
        46,
        67,
        53,
        75
      ],
      "box_center_world_xyz": [
        -0.0532333068549633,
        -0.15351562201976776,
        0.0437774732708931
      ],
      "camera_frame_conversion": "opencv_to_opengl",
      "center_strategy": "median",
      "extrinsics_source": "sensor_param.base_camera.cam2world_gl",
      "intrinsics_source": "provided"
    },
    "num_points": 52,
    "point_cloud_path": null,
    "segmentation_id": null,
    "world_xyz": [
      -0.06579798460006714,
      -0.1589687466621399,
      0.004001975059509277
    ]
  }
}