{
  "candidates_3d": [
    {
      "box_area": 72,
      "box_xyxy": [
        49.571807861328125,
        83.46587371826172,
        56.380638122558594,
        91.17493438720703
      ],
      "camera_xyz": [
        -0.10153138637542725,
        0.20293912291526794,
        0.5755054950714111
      ],
      "depth_valid_ratio": 1.0,
      "grasp_camera_xyz": [
        -0.1181015819311142,
        0.22711841762065887,
        0.5814231634140015
      ],
      "grasp_metadata": {
        "applied": true,
        "component_count": 1,
        "component_fallback_reason": null,
        "component_radius": 0.03,
        "component_selection_strategy": "largest_component_then_low_spread",
        "component_sizes": [
          39
        ],
        "elevated_point_count": 39,
        "elevated_z_offset": 0.015,
        "fallback_reason": null,
        "local_support_point_count": 17,
        "local_support_radius": 0.04,
        "local_support_z_margin": 0.012,
        "min_elevated_points": 12,
        "min_points": 20,
        "num_workspace_points": 72,
        "reason": "component_elevated_xy_with_local_support_z",
        "selected_component_size": 39,
        "selected_component_spread": 0.03984561190009117,
        "selected_component_xy": [
          0.10260021686553955,
          -0.10126172751188278
        ],
        "strategy": "workspace_elevated_xy_low_z",
        "support_z": -0.007254952099174261,
        "support_z_percentile": 10.0,
        "workspace_bounds": {
          "abs_x_max": 0.2,
          "abs_y_max": 0.2,
          "z_max": 0.08,
          "z_min": -0.02
        }
      },
      "grasp_num_points": 39,
      "grasp_world_xyz": [
        0.10260021686553955,
        -0.10126172751188278,
        -0.005822360515594482
      ],
      "metadata": {
        "box_bounds_xyxy_exclusive": [
          49,
          83,
          57,
          92
        ],
        "box_center_world_xyz": [
          0.10691303014755249,
          -0.09645359963178635,
          0.035802677273750305
        ],
        "camera_frame_conversion": "opencv_to_opengl",
        "center_strategy": "median",
        "extrinsics_source": "sensor_param.base_camera.cam2world_gl",
        "intrinsics_source": "provided"
      },
      "num_points": 72,
      "point_cloud_path": null,
      "segmentation_id": null,
      "world_xyz": [
        0.10476208478212357,
        -0.10153138637542725,
        0.009293794631958008
      ]
    }
  ]
}