{
  "min_xy_distance_from_pick": 0.05,
  "place_query": "green cube",
  "place_target_source": "predicted_place_object",
  "selected": {
    "metadata": {
      "num_candidates": 1,
      "num_close_to_pick_rejected": 0,
      "num_eligible_candidates": 1,
      "num_invalid_candidates": 0,
      "place_pick_xy_distance": 0.08243852108716965,
      "place_query": "green cube",
      "place_target_z": 0.02,
      "raw_semantic_world_xyz": [
        0.10476208478212357,
        -0.10153138637542725,
        0.009293794631958008
      ],
      "selected_candidate_index": 0,
      "selected_clip_score": 0.0,
      "selected_depth_valid_ratio": 1.0,
      "selected_det_score": 0.6692694425582886,
      "selected_fused_2d_score": 0.6692694425582886,
      "selected_grasp_world_xyz": [
        0.10260021686553955,
        -0.10126172751188278,
        -0.005822360515594482
      ],
      "selected_num_points": 72,
      "selected_phrase": "green cube",
      "selected_world_xyz": [
        0.10260021686553955,
        -0.10126172751188278,
        0.019999999552965164
      ],
      "selection_reason": "first_ranked_candidate_far_from_pick"
    },
    "place_xyz": [
      0.10260021686553955,
      -0.10126172751188278,
      0.019999999552965164
    ],
    "source": "predicted_place_object"
  }
}