{
  "candidates_3d": [
    {
      "box_area": 80,
      "box_xyxy": [
        73.58589935302734,
        77.56607818603516,
        80.3575210571289,
        86.23828887939453
      ],
      "camera_xyz": [
        0.1186445951461792,
        0.16442333161830902,
        0.6064908504486084
      ],
      "depth_valid_ratio": 1.0,
      "grasp_camera_xyz": [
        0.10563785582780838,
        0.19206883013248444,
        0.6146202683448792
      ],
      "grasp_metadata": {
        "applied": true,
        "component_count": 1,
        "component_fallback_reason": null,
        "component_radius": 0.03,
        "component_selection_strategy": "largest_component_then_low_spread",
        "component_sizes": [
          27
        ],
        "elevated_point_count": 27,
        "elevated_z_offset": 0.015,
        "fallback_reason": null,
        "local_support_point_count": 27,
        "local_support_radius": 0.04,
        "local_support_z_margin": 0.012,
        "min_elevated_points": 12,
        "min_points": 20,
        "num_workspace_points": 80,
        "reason": "component_elevated_xy_with_local_support_z",
        "selected_component_size": 27,
        "selected_component_spread": 0.025860847905278206,
        "selected_component_xy": [
          0.055530741810798645,
          0.11769923567771912
        ],
        "strategy": "workspace_elevated_xy_low_z",
        "support_z": -0.0020571828354150057,
        "support_z_percentile": 10.0,
        "workspace_bounds": {
          "abs_x_max": 0.2,
          "abs_y_max": 0.2,
          "z_max": 0.08,
          "z_min": -0.02
        }
      },
      "grasp_num_points": 27,
      "grasp_world_xyz": [
        0.055530741810798645,
        0.11769923567771912,
        0.002581179141998291
      ],
      "metadata": {
        "box_bounds_xyxy_exclusive": [
          73,
          77,
          81,
          87
        ],
        "box_center_world_xyz": [
          0.06340247392654419,
          0.11864170432090759,
          0.04128783196210861
        ],
        "camera_frame_conversion": "opencv_to_opengl",
        "center_strategy": "median",
        "extrinsics_source": "sensor_param.base_camera.cam2world_gl",
        "intrinsics_source": "provided"
      },
      "num_points": 80,
      "point_cloud_path": null,
      "segmentation_id": null,
      "world_xyz": [
        0.0540466234087944,
        0.1186445951461792,
        0.006631046533584595
      ]
    }
  ]
}