{
  "candidates_3d": [
    {
      "box_area": 64,
      "box_xyxy": [
        71.7813949584961,
        81.44168853759766,
        78.38834381103516,
        88.40967559814453
      ],
      "camera_xyz": [
        0.09562213718891144,
        0.18673008680343628,
        0.5882691740989685
      ],
      "depth_valid_ratio": 1.0,
      "grasp_camera_xyz": [
        0.08352437615394592,
        0.22273166477680206,
        0.5939511060714722
      ],
      "grasp_metadata": {
        "applied": true,
        "component_count": 1,
        "component_fallback_reason": null,
        "component_radius": 0.03,
        "component_selection_strategy": "largest_component_then_low_spread",
        "component_sizes": [
          35
        ],
        "elevated_point_count": 35,
        "elevated_z_offset": 0.015,
        "fallback_reason": null,
        "local_support_point_count": 10,
        "local_support_radius": 0.04,
        "local_support_z_margin": 0.012,
        "min_elevated_points": 12,
        "min_points": 20,
        "num_workspace_points": 64,
        "reason": "component_elevated_xy_with_local_support_z",
        "selected_component_size": 35,
        "selected_component_spread": 0.03226340934634209,
        "selected_component_xy": [
          0.08975037932395935,
          0.09108562022447586
        ],
        "strategy": "workspace_elevated_xy_low_z",
        "support_z": -0.007006651256233454,
        "support_z_percentile": 10.0,
        "workspace_bounds": {
          "abs_x_max": 0.2,
          "abs_y_max": 0.2,
          "z_max": 0.08,
          "z_min": -0.02
        }
      },
      "grasp_num_points": 35,
      "grasp_world_xyz": [
        0.08975037932395935,
        0.09108562022447586,
        -0.005507707595825195
      ],
      "metadata": {
        "box_bounds_xyxy_exclusive": [
          71,
          81,
          79,
          89
        ],
        "box_center_world_xyz": [
          0.09174677729606628,
          0.09714028984308243,
          0.04281921684741974
        ],
        "camera_frame_conversion": "opencv_to_opengl",
        "center_strategy": "median",
        "extrinsics_source": "sensor_param.base_camera.cam2world_gl",
        "intrinsics_source": "provided"
      },
      "num_points": 64,
      "point_cloud_path": null,
      "segmentation_id": null,
      "world_xyz": [
        0.08308956027030945,
        0.09562213718891144,
        0.012874394655227661
      ]
    }
  ]
}