{
  "candidates_3d": [
    {
      "box_area": 72,
      "box_xyxy": [
        42.77224349975586,
        74.62934112548828,
        49.31429672241211,
        82.28287506103516
      ],
      "camera_xyz": [
        -0.17917606234550476,
        0.13716334104537964,
        0.6294590830802917
      ],
      "depth_valid_ratio": 1.0,
      "grasp_camera_xyz": [
        -0.17772112786769867,
        0.16784772276878357,
        0.6318973302841187
      ],
      "grasp_metadata": {
        "applied": true,
        "component_count": 1,
        "component_fallback_reason": null,
        "component_radius": 0.03,
        "component_selection_strategy": "largest_component_then_low_spread",
        "component_sizes": [
          23
        ],
        "elevated_point_count": 23,
        "elevated_z_offset": 0.015,
        "fallback_reason": null,
        "local_support_point_count": 18,
        "local_support_radius": 0.04,
        "local_support_z_margin": 0.012,
        "min_elevated_points": 12,
        "min_points": 20,
        "num_workspace_points": 51,
        "reason": "component_elevated_xy_with_local_support_z",
        "selected_component_size": 23,
        "selected_component_spread": 0.025233933702111244,
        "selected_component_xy": [
          0.02512270212173462,
          -0.17332638800144196
        ],
        "strategy": "workspace_elevated_xy_low_z",
        "support_z": 0.00013464689254760742,
        "support_z_percentile": 10.0,
        "workspace_bounds": {
          "abs_x_max": 0.2,
          "abs_y_max": 0.2,
          "z_max": 0.08,
          "z_min": -0.02
        }
      },
      "grasp_num_points": 23,
      "grasp_world_xyz": [
        0.02512270212173462,
        -0.17332638800144196,
        0.002568572759628296
      ],
      "metadata": {
        "box_bounds_xyxy_exclusive": [
          42,
          74,
          50,
          83
        ],
        "box_center_world_xyz": [
          0.025122694671154022,
          -0.17032968997955322,
          0.044334106147289276
        ],
        "camera_frame_conversion": "opencv_to_opengl",
        "center_strategy": "median",
        "extrinsics_source": "sensor_param.base_camera.cam2world_gl",
        "intrinsics_source": "provided"
      },
      "num_points": 72,
      "point_cloud_path": null,
      "segmentation_id": null,
      "world_xyz": [
        0.014343589544296265,
        -0.17917606234550476,
        0.006616801023483276
      ]
    }
  ]
}