{
  "min_xy_distance_from_pick": 0.05,
  "place_query": "green cube",
  "place_target_source": "predicted_place_object",
  "selected": {
    "metadata": {
      "num_candidates": 1,
      "num_close_to_pick_rejected": 0,
      "num_eligible_candidates": 1,
      "num_invalid_candidates": 0,
      "place_pick_xy_distance": 0.08446219563484192,
      "place_query": "green cube",
      "place_target_z": 0.02,
      "raw_semantic_world_xyz": [
        0.014343589544296265,
        -0.17917606234550476,
        0.006616801023483276
      ],
      "selected_candidate_index": 0,
      "selected_clip_score": 0.0,
      "selected_depth_valid_ratio": 1.0,
      "selected_det_score": 0.7009265422821045,
      "selected_fused_2d_score": 0.7009265422821045,
      "selected_grasp_world_xyz": [
        0.02512270212173462,
        -0.17332638800144196,
        0.002568572759628296
      ],
      "selected_num_points": 72,
      "selected_phrase": "green cube",
      "selected_world_xyz": [
        0.02512270212173462,
        -0.17332638800144196,
        0.019999999552965164
      ],
      "selection_reason": "first_ranked_candidate_far_from_pick"
    },
    "place_xyz": [
      0.02512270212173462,
      -0.17332638800144196,
      0.019999999552965164
    ],
    "source": "predicted_place_object"
  }
}