{
  "candidates_3d": [
    {
      "box_area": 72,
      "box_xyxy": [
        68.52751159667969,
        75.5061264038086,
        75.38058471679688,
        83.26490020751953
      ],
      "camera_xyz": [
        0.07388785481452942,
        0.14183542132377625,
        0.6231637001037598
      ],
      "depth_valid_ratio": 1.0,
      "grasp_camera_xyz": [
        0.06808213889598846,
        0.17506834864616394,
        0.6224652528762817
      ],
      "grasp_metadata": {
        "applied": true,
        "component_count": 1,
        "component_fallback_reason": null,
        "component_radius": 0.03,
        "component_selection_strategy": "largest_component_then_low_spread",
        "component_sizes": [
          25
        ],
        "elevated_point_count": 25,
        "elevated_z_offset": 0.015,
        "fallback_reason": null,
        "local_support_point_count": 21,
        "local_support_radius": 0.04,
        "local_support_z_margin": 0.012,
        "min_elevated_points": 12,
        "min_points": 20,
        "num_workspace_points": 72,
        "reason": "component_elevated_xy_with_local_support_z",
        "selected_component_size": 25,
        "selected_component_spread": 0.028212107717990875,
        "selected_component_xy": [
          0.03320726752281189,
          0.06696437299251556
        ],
        "strategy": "workspace_elevated_xy_low_z",
        "support_z": -0.0013056278694421053,
        "support_z_percentile": 10.0,
        "workspace_bounds": {
          "abs_x_max": 0.2,
          "abs_y_max": 0.2,
          "z_max": 0.08,
          "z_min": -0.02
        }
      },
      "grasp_num_points": 25,
      "grasp_world_xyz": [
        0.03320726752281189,
        0.06696437299251556,
        0.003814399242401123
      ],
      "metadata": {
        "box_bounds_xyxy_exclusive": [
          68,
          75,
          76,
          84
        ],
        "box_center_world_xyz": [
          0.03652120381593704,
          0.07456739991903305,
          0.04684016853570938
        ],
        "camera_frame_conversion": "opencv_to_opengl",
        "center_strategy": "median",
        "extrinsics_source": "sensor_param.base_camera.cam2world_gl",
        "intrinsics_source": "provided"
      },
      "num_points": 72,
      "point_cloud_path": null,
      "segmentation_id": null,
      "world_xyz": [
        0.026508912444114685,
        0.07388785481452942,
        0.006107240915298462
      ]
    }
  ]
}