{
  "min_xy_distance_from_pick": 0.05,
  "place_query": "green cube",
  "place_target_source": "predicted_place_object",
  "selected": {
    "metadata": {
      "num_candidates": 1,
      "num_close_to_pick_rejected": 0,
      "num_eligible_candidates": 1,
      "num_invalid_candidates": 0,
      "place_pick_xy_distance": 0.19169305264949799,
      "place_query": "green cube",
      "place_target_z": 0.02,
      "raw_semantic_world_xyz": [
        0.026508912444114685,
        0.07388785481452942,
        0.006107240915298462
      ],
      "selected_candidate_index": 0,
      "selected_clip_score": 0.0,
      "selected_depth_valid_ratio": 1.0,
      "selected_det_score": 0.7427747249603271,
      "selected_fused_2d_score": 0.7427747249603271,
      "selected_grasp_world_xyz": [
        0.03320726752281189,
        0.06696437299251556,
        0.003814399242401123
      ],
      "selected_num_points": 72,
      "selected_phrase": "green cube",
      "selected_world_xyz": [
        0.03320726752281189,
        0.06696437299251556,
        0.019999999552965164
      ],
      "selection_reason": "first_ranked_candidate_far_from_pick"
    },
    "place_xyz": [
      0.03320726752281189,
      0.06696437299251556,
      0.019999999552965164
    ],
    "source": "predicted_place_object"
  }
}