{
  "candidates_3d": [
    {
      "box_area": 64,
      "box_xyxy": [
        40.640411376953125,
        71.53681945800781,
        47.253204345703125,
        78.24618530273438
      ],
      "camera_xyz": [
        -0.2065078169107437,
        0.10125000029802322,
        0.6570000052452087
      ],
      "depth_valid_ratio": 0.78125,
      "grasp_camera_xyz": [
        -0.18674999475479126,
        0.10609374940395355,
        0.6589999794960022
      ],
      "grasp_metadata": {
        "applied": true,
        "component_count": 1,
        "component_fallback_reason": "too_few_elevated_points",
        "component_radius": 0.03,
        "component_selection_strategy": "largest_workspace_component_then_low_spread",
        "component_sizes": [
          21
        ],
        "elevated_point_count": 7,
        "elevated_z_offset": 0.015,
        "fallback_reason": "too_few_elevated_points",
        "local_support_point_count": 0,
        "local_support_radius": 0.04,
        "local_support_z_margin": 0.012,
        "min_elevated_points": 12,
        "min_points": 20,
        "num_workspace_points": 21,
        "reason": "workspace_filter_passed",
        "selected_component_size": 21,
        "selected_component_spread": 0.04003537818789482,
        "selected_component_xy": [
          -0.026661813259124756,
          -0.18674999475479126
        ],
        "strategy": "workspace_elevated_xy_low_z",
        "support_z": 0.0036115050315856934,
        "support_z_percentile": 10.0,
        "workspace_bounds": {
          "abs_x_max": 0.2,
          "abs_y_max": 0.2,
          "z_max": 0.08,
          "z_min": -0.02
        }
      },
      "grasp_num_points": 21,
      "grasp_world_xyz": [
        -0.026661813259124756,
        -0.18674999475479126,
        0.003992140293121338
      ],
      "metadata": {
        "box_bounds_xyxy_exclusive": [
          40,
          71,
          48,
          79
        ],
        "box_center_world_xyz": [
          -0.015380710363388062,
          -0.20093750953674316,
          0.028862841427326202
        ],
        "camera_frame_conversion": "opencv_to_opengl",
        "center_strategy": "median",
        "extrinsics_source": "sensor_param.base_camera.cam2world_gl",
        "intrinsics_source": "provided"
      },
      "num_points": 50,
      "point_cloud_path": null,
      "segmentation_id": null,
      "world_xyz": [
        -0.023435860872268677,
        -0.2065078169107437,
        0.0038847923278808594
      ]
    }
  ]
}