{
  "min_xy_distance_from_pick": 0.05,
  "place_query": "green cube",
  "place_target_source": "predicted_place_object",
  "selected": {
    "metadata": {
      "num_candidates": 1,
      "num_close_to_pick_rejected": 0,
      "num_eligible_candidates": 1,
      "num_invalid_candidates": 0,
      "place_pick_xy_distance": 0.1576569676399231,
      "place_query": "green cube",
      "place_target_z": 0.02,
      "raw_semantic_world_xyz": [
        -0.023435860872268677,
        -0.2065078169107437,
        0.0038847923278808594
      ],
      "selected_candidate_index": 0,
      "selected_clip_score": 0.0,
      "selected_depth_valid_ratio": 0.78125,
      "selected_det_score": 0.7178061008453369,
      "selected_fused_2d_score": 0.7178061008453369,
      "selected_grasp_world_xyz": [
        -0.026661813259124756,
        -0.18674999475479126,
        0.003992140293121338
      ],
      "selected_num_points": 50,
      "selected_phrase": "green cube",
      "selected_world_xyz": [
        -0.026661813259124756,
        -0.18674999475479126,
        0.019999999552965164
      ],
      "selection_reason": "first_ranked_candidate_far_from_pick"
    },
    "place_xyz": [
      -0.026661813259124756,
      -0.18674999475479126,
      0.019999999552965164
    ],
    "source": "predicted_place_object"
  }
}