{
  "candidates_3d": [
    {
      "box_area": 72,
      "box_xyxy": [
        51.58742904663086,
        72.55313110351562,
        58.2308464050293,
        80.26107788085938
      ],
      "camera_xyz": [
        -0.0960821807384491,
        0.11763393878936768,
        0.6375759840011597
      ],
      "depth_valid_ratio": 1.0,
      "grasp_camera_xyz": [
        -0.11262945830821991,
        0.15358562767505646,
        0.65529865026474
      ],
      "grasp_metadata": {
        "applied": true,
        "component_count": 2,
        "component_fallback_reason": null,
        "component_radius": 0.03,
        "component_selection_strategy": "largest_component_then_low_spread",
        "component_sizes": [
          33,
          1
        ],
        "elevated_point_count": 34,
        "elevated_z_offset": 0.015,
        "fallback_reason": null,
        "local_support_point_count": 13,
        "local_support_radius": 0.04,
        "local_support_z_margin": 0.012,
        "min_elevated_points": 12,
        "min_points": 20,
        "num_workspace_points": 59,
        "reason": "component_elevated_xy_with_local_support_z",
        "selected_component_size": 33,
        "selected_component_spread": 0.04685535654425621,
        "selected_component_xy": [
          -0.0006078481674194336,
          -0.0980948805809021
        ],
        "strategy": "workspace_elevated_xy_low_z",
        "support_z": -0.003976702224463224,
        "support_z_percentile": 10.0,
        "workspace_bounds": {
          "abs_x_max": 0.2,
          "abs_y_max": 0.2,
          "z_max": 0.08,
          "z_min": -0.02
        }
      },
      "grasp_num_points": 33,
      "grasp_world_xyz": [
        -0.0006078481674194336,
        -0.0980948805809021,
        -0.0035977959632873535
      ],
      "metadata": {
        "box_bounds_xyxy_exclusive": [
          51,
          72,
          59,
          81
        ],
        "box_center_world_xyz": [
          0.0016761496663093567,
          -0.08771347999572754,
          0.03988179564476013
        ],
        "camera_frame_conversion": "opencv_to_opengl",
        "center_strategy": "median",
        "extrinsics_source": "sensor_param.base_camera.cam2world_gl",
        "intrinsics_source": "provided"
      },
      "num_points": 72,
      "point_cloud_path": null,
      "segmentation_id": null,
      "world_xyz": [
        0.007538884878158569,
        -0.0960821807384491,
        0.017734140157699585
      ]
    }
  ]
}