{
  "candidates_3d": [
    {
      "box_area": 72,
      "box_xyxy": [
        51.58742904663086,
        72.55313110351562,
        58.2308464050293,
        80.26107788085938
      ],
      "camera_xyz": [
        -0.09742186963558197,
        0.11878124624490738,
        0.6359999775886536
      ],
      "depth_valid_ratio": 0.8333333333333334,
      "grasp_camera_xyz": [
        -0.1106875017285347,
        0.14087499678134918,
        0.6439999938011169
      ],
      "grasp_metadata": {
        "applied": true,
        "component_count": 1,
        "component_fallback_reason": null,
        "component_radius": 0.03,
        "component_selection_strategy": "largest_component_then_low_spread",
        "component_sizes": [
          18
        ],
        "elevated_point_count": 18,
        "elevated_z_offset": 0.015,
        "fallback_reason": null,
        "local_support_point_count": 19,
        "local_support_radius": 0.04,
        "local_support_z_margin": 0.012,
        "min_elevated_points": 12,
        "min_points": 20,
        "num_workspace_points": 50,
        "reason": "component_elevated_xy_with_local_support_z",
        "selected_component_size": 18,
        "selected_component_spread": 0.02769385650753975,
        "selected_component_xy": [
          0.003285706043243408,
          -0.09601561725139618
        ],
        "strategy": "workspace_elevated_xy_low_z",
        "support_z": 0.0036115050315856934,
        "support_z_percentile": 10.0,
        "workspace_bounds": {
          "abs_x_max": 0.2,
          "abs_y_max": 0.2,
          "z_max": 0.08,
          "z_min": -0.02
        }
      },
      "grasp_num_points": 18,
      "grasp_world_xyz": [
        0.003285706043243408,
        -0.09601561725139618,
        0.0037578940391540527
      ],
      "metadata": {
        "box_bounds_xyxy_exclusive": [
          51,
          72,
          59,
          81
        ],
        "box_center_world_xyz": [
          0.0034650564193725586,
          -0.0871874988079071,
          0.043240584433078766
        ],
        "camera_frame_conversion": "opencv_to_opengl",
        "center_strategy": "median",
        "extrinsics_source": "sensor_param.base_camera.cam2world_gl",
        "intrinsics_source": "provided"
      },
      "num_points": 60,
      "point_cloud_path": null,
      "segmentation_id": null,
      "world_xyz": [
        0.008200302720069885,
        -0.09742186963558197,
        0.010951697826385498
      ]
    }
  ]
}