{
  "query": {
    "attributes": [
      "red"
    ],
    "normalized_prompt": "red cube",
    "raw_query": "red cube",
    "relations": [],
    "synonyms": [
      "cube",
      "block"
    ],
    "target_name": "cube"
  },
  "top_2d_candidate": {
    "box_xyxy": [
      68.54475402832031,
      75.48088073730469,
      73.88330078125,
      81.99136352539062
    ],
    "clip_score": 0.0,
    "det_score": 0.6693130135536194,
    "fused_2d_score": 0.6693130135536194,
    "image_crop_path": null,
    "metadata": {
      "detector_metadata": {
        "model_id": "IDEA-Research/grounding-dino-tiny"
      },
      "detector_source": "transformers_groundingdino",
      "skip_clip": true
    },
    "phrase": "red cube",
    "rank": 0,
    "source": "detector_only"
  },
  "top_candidate_3d": {
    "box_area": 42,
    "box_xyxy": [
      68.54475402832031,
      75.48088073730469,
      73.88330078125,
      81.99136352539062
    ],
    "camera_xyz": [
      0.06098437309265137,
      0.1334531307220459,
      0.6200000047683716
    ],
    "depth_valid_ratio": 0.8571428571428571,
    "grasp_camera_xyz": [
      0.059062499552965164,
      0.16734375059604645,
      0.6299999952316284
    ],
    "grasp_metadata": {
      "applied": true,
      "component_count": 1,
      "component_fallback_reason": null,
      "component_radius": 0.03,
      "component_selection_strategy": "largest_component_then_low_spread",
      "component_sizes": [
        19
      ],
      "elevated_point_count": 19,
      "elevated_z_offset": 0.015,
      "fallback_reason": null,
      "local_support_point_count": 10,
      "local_support_radius": 0.04,
      "local_support_z_margin": 0.012,
      "min_elevated_points": 12,
      "min_points": 20,
      "num_workspace_points": 36,
      "reason": "component_elevated_xy_with_local_support_z",
      "selected_component_size": 19,
      "selected_component_spread": 0.023153837770223618,
      "selected_component_xy": [
        0.024494856595993042,
        0.058125000447034836
      ],
      "strategy": "workspace_elevated_xy_low_z",
      "support_z": 0.0035138726234436035,
      "support_z_percentile": 10.0,
      "workspace_bounds": {
        "abs_x_max": 0.2,
        "abs_y_max": 0.2,
        "z_max": 0.08,
        "z_min": -0.02
      }
    },
    "grasp_num_points": 19,
    "grasp_world_xyz": [
      0.024494856595993042,
      0.058125000447034836,
      0.0035578012466430664
    ],
    "metadata": {
      "box_bounds_xyxy_exclusive": [
        68,
        75,
        74,
        82
      ],
      "box_center_world_xyz": [
        0.02449483424425125,
        0.06639062613248825,
        0.043064892292022705
      ],
      "camera_frame_conversion": "opencv_to_opengl",
      "center_strategy": "median",
      "extrinsics_source": "sensor_param.base_camera.cam2world_gl",
      "intrinsics_source": "provided"
    },
    "num_points": 36,
    "point_cloud_path": null,
    "segmentation_id": null,
    "world_xyz": [
      0.024494856595993042,
      0.06098437309265137,
      0.022781819105148315
    ]
  }
}