{
  "candidates_3d": [
    {
      "box_area": 72,
      "box_xyxy": [
        78.5926284790039,
        82.52154541015625,
        85.42212677001953,
        90.29093933105469
      ],
      "camera_xyz": [
        0.15609675645828247,
        0.19779455661773682,
        0.5803465843200684
      ],
      "depth_valid_ratio": 1.0,
      "grasp_camera_xyz": [
        0.1452820897102356,
        0.2179231345653534,
        0.5811283588409424
      ],
      "grasp_metadata": {
        "applied": true,
        "component_count": 1,
        "component_fallback_reason": null,
        "component_radius": 0.03,
        "component_selection_strategy": "largest_component_then_low_spread",
        "component_sizes": [
          28
        ],
        "elevated_point_count": 28,
        "elevated_z_offset": 0.015,
        "fallback_reason": null,
        "local_support_point_count": 22,
        "local_support_radius": 0.04,
        "local_support_z_margin": 0.012,
        "min_elevated_points": 12,
        "min_points": 20,
        "num_workspace_points": 70,
        "reason": "component_elevated_xy_with_local_support_z",
        "selected_component_size": 28,
        "selected_component_spread": 0.02353728376328945,
        "selected_component_xy": [
          0.09612061083316803,
          0.15587088465690613
        ],
        "strategy": "workspace_elevated_xy_low_z",
        "support_z": -0.0013155817287042737,
        "support_z_percentile": 10.0,
        "workspace_bounds": {
          "abs_x_max": 0.2,
          "abs_y_max": 0.2,
          "z_max": 0.08,
          "z_min": -0.02
        }
      },
      "grasp_num_points": 28,
      "grasp_world_xyz": [
        0.09612061083316803,
        0.15587088465690613,
        0.004502058029174805
      ],
      "metadata": {
        "box_bounds_xyxy_exclusive": [
          78,
          82,
          86,
          91
        ],
        "box_center_world_xyz": [
          0.09925778210163116,
          0.15847118198871613,
          0.039021797478199005
        ],
        "camera_frame_conversion": "opencv_to_opengl",
        "center_strategy": "median",
        "extrinsics_source": "sensor_param.base_camera.cam2world_gl",
        "intrinsics_source": "provided"
      },
      "num_points": 72,
      "point_cloud_path": null,
      "segmentation_id": null,
      "world_xyz": [
        0.09804525226354599,
        0.15609675645828247,
        0.010281413793563843
      ]
    }
  ]
}