{
  "query": {
    "attributes": [
      "red"
    ],
    "normalized_prompt": "red cube",
    "raw_query": "red cube",
    "relations": [],
    "synonyms": [
      "cube",
      "block"
    ],
    "target_name": "cube"
  },
  "top_2d_candidate": {
    "box_xyxy": [
      63.5814323425293,
      72.5331802368164,
      70.12178039550781,
      79.10456085205078
    ],
    "clip_score": 0.0,
    "det_score": 0.6688221096992493,
    "fused_2d_score": 0.6688221096992493,
    "image_crop_path": null,
    "metadata": {
      "detector_metadata": {
        "model_id": "IDEA-Research/grounding-dino-tiny"
      },
      "detector_source": "transformers_groundingdino",
      "skip_clip": true
    },
    "phrase": "red cube",
    "rank": 0,
    "source": "detector_only"
  },
  "top_candidate_3d": {
    "box_area": 64,
    "box_xyxy": [
      63.5814323425293,
      72.5331802368164,
      70.12178039550781,
      79.10456085205078
    ],
    "camera_xyz": [
      0.025024328380823135,
      0.11589475721120834,
      0.6496289968490601
    ],
    "depth_valid_ratio": 1.0,
    "grasp_camera_xyz": [
      0.010274015367031097,
      0.14383621513843536,
      0.6575369834899902
    ],
    "grasp_metadata": {
      "applied": true,
      "component_count": 1,
      "component_fallback_reason": null,
      "component_radius": 0.03,
      "component_selection_strategy": "largest_component_then_low_spread",
      "component_sizes": [
        21
      ],
      "elevated_point_count": 21,
      "elevated_z_offset": 0.015,
      "fallback_reason": null,
      "local_support_point_count": 21,
      "local_support_radius": 0.04,
      "local_support_z_margin": 0.012,
      "min_elevated_points": 12,
      "min_points": 20,
      "num_workspace_points": 64,
      "reason": "component_elevated_xy_with_local_support_z",
      "selected_component_size": 21,
      "selected_component_spread": 0.024013735353946686,
      "selected_component_xy": [
        -0.005747109651565552,
        0.019992424175143242
      ],
      "strategy": "workspace_elevated_xy_low_z",
      "support_z": 0.00027925969334319234,
      "support_z_percentile": 10.0,
      "workspace_bounds": {
        "abs_x_max": 0.2,
        "abs_y_max": 0.2,
        "z_max": 0.08,
        "z_min": -0.02
      }
    },
    "grasp_num_points": 21,
    "grasp_world_xyz": [
      -0.005747109651565552,
      0.019992424175143242,
      0.005051732063293457
    ],
    "metadata": {
      "box_bounds_xyxy_exclusive": [
        63,
        72,
        71,
        80
      ],
      "box_center_world_xyz": [
        0.004631079733371735,
        0.02894822508096695,
        0.04542981833219528
      ],
      "camera_frame_conversion": "opencv_to_opengl",
      "center_strategy": "median",
      "extrinsics_source": "sensor_param.base_camera.cam2world_gl",
      "intrinsics_source": "provided"
    },
    "num_points": 64,
    "point_cloud_path": null,
    "segmentation_id": null,
    "world_xyz": [
      -0.00932823121547699,
      0.025024328380823135,
      0.0062347352504730225
    ]
  }
}