{
  "query": {
    "attributes": [
      "red"
    ],
    "normalized_prompt": "red cube",
    "raw_query": "red cube",
    "relations": [],
    "synonyms": [
      "cube",
      "block"
    ],
    "target_name": "cube"
  },
  "top_2d_candidate": {
    "box_xyxy": [
      56.62107849121094,
      75.56255340576172,
      63.23966979980469,
      83.09282684326172
    ],
    "clip_score": 0.0,
    "det_score": 0.6653949022293091,
    "fused_2d_score": 0.6653949022293091,
    "image_crop_path": null,
    "metadata": {
      "detector_metadata": {
        "model_id": "IDEA-Research/grounding-dino-tiny"
      },
      "detector_source": "transformers_groundingdino",
      "skip_clip": true
    },
    "phrase": "red cube",
    "rank": 0,
    "source": "detector_only"
  },
  "top_candidate_3d": {
    "box_area": 72,
    "box_xyxy": [
      56.62107849121094,
      75.56255340576172,
      63.23966979980469,
      83.09282684326172
    ],
    "camera_xyz": [
      -0.03831249848008156,
      0.148499995470047,
      0.621999979019165
    ],
    "depth_valid_ratio": 0.7638888888888888,
    "grasp_camera_xyz": [
      -0.029109373688697815,
      0.16495312750339508,
      0.6209999918937683
    ],
    "grasp_metadata": {
      "applied": true,
      "component_count": 1,
      "component_fallback_reason": null,
      "component_radius": 0.03,
      "component_selection_strategy": "largest_component_then_low_spread",
      "component_sizes": [
        19
      ],
      "elevated_point_count": 19,
      "elevated_z_offset": 0.015,
      "fallback_reason": null,
      "local_support_point_count": 19,
      "local_support_radius": 0.04,
      "local_support_z_margin": 0.012,
      "min_elevated_points": 12,
      "min_points": 20,
      "num_workspace_points": 55,
      "reason": "component_elevated_xy_with_local_support_z",
      "selected_component_size": 19,
      "selected_component_spread": 0.022716930136084557,
      "selected_component_xy": [
        0.03499263525009155,
        -0.03793749958276749
      ],
      "strategy": "workspace_elevated_xy_low_z",
      "support_z": 0.0035138726234436035,
      "support_z_percentile": 10.0,
      "workspace_bounds": {
        "abs_x_max": 0.2,
        "abs_y_max": 0.2,
        "z_max": 0.08,
        "z_min": -0.02
      }
    },
    "grasp_num_points": 19,
    "grasp_world_xyz": [
      0.03499263525009155,
      -0.03793749958276749,
      0.003777444362640381
    ],
    "metadata": {
      "box_bounds_xyxy_exclusive": [
        56,
        75,
        64,
        84
      ],
      "box_center_world_xyz": [
        0.03499263525009155,
        -0.03750000149011612,
        0.043631017208099365
      ],
      "camera_frame_conversion": "opencv_to_opengl",
      "center_strategy": "median",
      "extrinsics_source": "sensor_param.base_camera.cam2world_gl",
      "intrinsics_source": "provided"
    },
    "num_points": 55,
    "point_cloud_path": null,
    "segmentation_id": null,
    "world_xyz": [
      0.03499263525009155,
      -0.03831249848008156,
      0.003777444362640381
    ]
  }
}