{
  "candidates_3d": [
    {
      "box_area": 56,
      "box_xyxy": [
        47.587989807128906,
        76.43087005615234,
        53.44097137451172,
        83.30326080322266
      ],
      "camera_xyz": [
        -0.13448438048362732,
        0.148499995470047,
        0.6169999837875366
      ],
      "depth_valid_ratio": 1.0,
      "grasp_camera_xyz": [
        -0.13584375381469727,
        0.1746562421321869,
        0.6209999918937683
      ],
      "grasp_metadata": {
        "applied": true,
        "component_count": 1,
        "component_fallback_reason": null,
        "component_radius": 0.03,
        "component_selection_strategy": "largest_component_then_low_spread",
        "component_sizes": [
          23
        ],
        "elevated_point_count": 23,
        "elevated_z_offset": 0.015,
        "fallback_reason": null,
        "local_support_point_count": 20,
        "local_support_radius": 0.04,
        "local_support_z_margin": 0.012,
        "min_elevated_points": 12,
        "min_points": 20,
        "num_workspace_points": 56,
        "reason": "component_elevated_xy_with_local_support_z",
        "selected_component_size": 23,
        "selected_component_spread": 0.023408183827996254,
        "selected_component_xy": [
          0.03499263525009155,
          -0.13125000894069672
        ],
        "strategy": "workspace_elevated_xy_low_z",
        "support_z": 0.0036017298698425293,
        "support_z_percentile": 10.0,
        "workspace_bounds": {
          "abs_x_max": 0.2,
          "abs_y_max": 0.2,
          "z_max": 0.08,
          "z_min": -0.02
        }
      },
      "grasp_num_points": 23,
      "grasp_world_xyz": [
        0.03499263525009155,
        -0.13125000894069672,
        0.003777444362640381
      ],
      "metadata": {
        "box_bounds_xyxy_exclusive": [
          47,
          76,
          54,
          84
        ],
        "box_center_world_xyz": [
          0.044890157878398895,
          -0.12993749976158142,
          0.04339676350355148
        ],
        "camera_frame_conversion": "opencv_to_opengl",
        "center_strategy": "median",
        "extrinsics_source": "sensor_param.base_camera.cam2world_gl",
        "intrinsics_source": "provided"
      },
      "num_points": 56,
      "point_cloud_path": null,
      "segmentation_id": null,
      "world_xyz": [
        0.03499263525009155,
        -0.13448438048362732,
        0.004041016101837158
      ]
    }
  ]
}