{
  "candidates_3d": [
    {
      "box_area": 72,
      "box_xyxy": [
        83.58124542236328,
        79.57686614990234,
        90.42317962646484,
        87.20276641845703
      ],
      "camera_xyz": [
        0.2089792788028717,
        0.17682568728923798,
        0.597326397895813
      ],
      "depth_valid_ratio": 1.0,
      "grasp_camera_xyz": [
        0.18139293789863586,
        0.19093993306159973,
        0.611007809638977
      ],
      "grasp_metadata": {
        "applied": true,
        "component_count": 1,
        "component_fallback_reason": null,
        "component_radius": 0.03,
        "component_selection_strategy": "largest_component_then_low_spread",
        "component_sizes": [
          13
        ],
        "elevated_point_count": 13,
        "elevated_z_offset": 0.015,
        "fallback_reason": null,
        "local_support_point_count": 12,
        "local_support_radius": 0.04,
        "local_support_z_margin": 0.012,
        "min_elevated_points": 12,
        "min_points": 20,
        "num_workspace_points": 31,
        "original_box_bounds_xyxy_exclusive": [
          83,
          79,
          91,
          88
        ],
        "original_elevated_point_count": 11,
        "original_grasp_reason": "workspace_filter_passed",
        "original_num_workspace_points": 28,
        "reason": "component_elevated_xy_with_local_support_z",
        "selected_component_size": 13,
        "selected_component_spread": 0.016951411962509155,
        "selected_component_xy": [
          0.07334238290786743,
          0.18905895948410034
        ],
        "source_box": "y_shifted_grasp_fallback",
        "source_box_bounds_xyxy_exclusive": [
          83,
          81,
          91,
          90
        ],
        "source_box_y_shift_fraction": 0.25,
        "strategy": "workspace_elevated_xy_low_z",
        "support_z": -0.0016314983367919922,
        "support_z_percentile": 10.0,
        "workspace_bounds": {
          "abs_x_max": 0.2,
          "abs_y_max": 0.2,
          "z_max": 0.08,
          "z_min": -0.02
        }
      },
      "grasp_num_points": 13,
      "grasp_world_xyz": [
        0.07334238290786743,
        0.18905895948410034,
        0.0006549060344696045
      ],
      "metadata": {
        "box_bounds_xyxy_exclusive": [
          83,
          79,
          91,
          88
        ],
        "box_center_world_xyz": [
          0.07068781554698944,
          0.2097591757774353,
          0.03597757965326309
        ],
        "camera_frame_conversion": "opencv_to_opengl",
        "center_strategy": "median",
        "extrinsics_source": "sensor_param.base_camera.cam2world_gl",
        "intrinsics_source": "provided"
      },
      "num_points": 72,
      "point_cloud_path": null,
      "segmentation_id": null,
      "world_xyz": [
        0.06669246405363083,
        0.2089792788028717,
        0.00950118899345398
      ]
    }
  ]
}