{
  "candidates_3d": [
    {
      "box_area": 64,
      "box_xyxy": [
        74.81016540527344,
        71.54423522949219,
        81.45664978027344,
        78.27786254882812
      ],
      "camera_xyz": [
        0.13781249523162842,
        0.0989062488079071,
        0.6499999761581421
      ],
      "depth_valid_ratio": 0.875,
      "grasp_camera_xyz": [
        0.12412500381469727,
        0.12412500381469727,
        0.6620000004768372
      ],
      "grasp_metadata": {
        "applied": true,
        "component_count": 1,
        "component_fallback_reason": null,
        "component_radius": 0.03,
        "component_selection_strategy": "largest_component_then_low_spread",
        "component_sizes": [
          16
        ],
        "elevated_point_count": 16,
        "elevated_z_offset": 0.015,
        "fallback_reason": null,
        "local_support_point_count": 17,
        "local_support_radius": 0.04,
        "local_support_z_margin": 0.012,
        "min_elevated_points": 12,
        "min_points": 20,
        "num_workspace_points": 47,
        "reason": "component_elevated_xy_with_local_support_z",
        "selected_component_size": 16,
        "selected_component_spread": 0.021702364087104797,
        "selected_component_xy": [
          -0.022258460521697998,
          0.138796865940094
        ],
        "strategy": "workspace_elevated_xy_low_z",
        "support_z": 0.0036017298698425293,
        "support_z_percentile": 10.0,
        "workspace_bounds": {
          "abs_x_max": 0.2,
          "abs_y_max": 0.2,
          "z_max": 0.08,
          "z_min": -0.02
        }
      },
      "grasp_num_points": 16,
      "grasp_world_xyz": [
        -0.022258460521697998,
        0.138796865940094,
        0.0036115050315856934
      ],
      "metadata": {
        "box_bounds_xyxy_exclusive": [
          74,
          71,
          82,
          79
        ],
        "box_center_world_xyz": [
          -0.007532969117164612,
          0.13715624809265137,
          0.04307466000318527
        ],
        "camera_frame_conversion": "opencv_to_opengl",
        "center_strategy": "median",
        "extrinsics_source": "sensor_param.base_camera.cam2world_gl",
        "intrinsics_source": "provided"
      },
      "num_points": 56,
      "point_cloud_path": null,
      "segmentation_id": null,
      "world_xyz": [
        -0.017579346895217896,
        0.13781249523162842,
        0.00891163945198059
      ]
    }
  ]
}