{
  "candidates_3d": [
    {
      "box_area": 49,
      "box_xyxy": [
        38.46400451660156,
        67.38098907470703,
        44.3731689453125,
        73.36637115478516
      ],
      "camera_xyz": [
        -0.2436562478542328,
        0.06468749791383743,
        0.6859999895095825
      ],
      "depth_valid_ratio": 0.7959183673469388,
      "grasp_camera_xyz": null,
      "grasp_metadata": {
        "applied": false,
        "component_radius": 0.03,
        "elevated_z_offset": 0.015,
        "local_support_radius": 0.04,
        "local_support_z_margin": 0.012,
        "min_elevated_points": 12,
        "min_points": 20,
        "num_workspace_points": 0,
        "reason": "too_few_workspace_points",
        "strategy": "workspace_elevated_xy_low_z",
        "support_z_percentile": 10.0,
        "workspace_bounds": {
          "abs_x_max": 0.2,
          "abs_y_max": 0.2,
          "z_max": 0.08,
          "z_min": -0.02
        }
      },
      "grasp_num_points": 0,
      "grasp_world_xyz": null,
      "metadata": {
        "box_bounds_xyxy_exclusive": [
          38,
          67,
          45,
          74
        ],
        "box_center_world_xyz": [
          -0.07004883885383606,
          -0.24114063382148743,
          0.03673982620239258
        ],
        "camera_frame_conversion": "opencv_to_opengl",
        "center_strategy": "median",
        "extrinsics_source": "sensor_param.base_camera.cam2world_gl",
        "intrinsics_source": "provided"
      },
      "num_points": 39,
      "point_cloud_path": null,
      "segmentation_id": null,
      "world_xyz": [
        -0.07823577523231506,
        -0.2436562478542328,
        0.004294753074645996
      ]
    }
  ]
}