{
  "candidates_3d": [
    {
      "box_area": 56,
      "box_xyxy": [
        51.58230209350586,
        74.49482727050781,
        57.40239334106445,
        81.3038330078125
      ],
      "camera_xyz": [
        -0.09650543332099915,
        0.13155797123908997,
        0.627877950668335
      ],
      "depth_valid_ratio": 1.0,
      "grasp_camera_xyz": [
        -0.09843140840530396,
        0.16733339428901672,
        0.6299610137939453
      ],
      "grasp_metadata": {
        "applied": true,
        "component_count": 1,
        "component_fallback_reason": null,
        "component_radius": 0.03,
        "component_selection_strategy": "largest_component_then_low_spread",
        "component_sizes": [
          26
        ],
        "elevated_point_count": 26,
        "elevated_z_offset": 0.015,
        "fallback_reason": null,
        "local_support_point_count": 15,
        "local_support_radius": 0.04,
        "local_support_z_margin": 0.012,
        "min_elevated_points": 12,
        "min_points": 20,
        "num_workspace_points": 54,
        "reason": "component_elevated_xy_with_local_support_z",
        "selected_component_size": 26,
        "selected_component_spread": 0.02797706611454487,
        "selected_component_xy": [
          0.020189598202705383,
          -0.09411093592643738
        ],
        "strategy": "workspace_elevated_xy_low_z",
        "support_z": 0.0009071469539776444,
        "support_z_percentile": 10.0,
        "workspace_bounds": {
          "abs_x_max": 0.2,
          "abs_y_max": 0.2,
          "z_max": 0.08,
          "z_min": -0.02
        }
      },
      "grasp_num_points": 26,
      "grasp_world_xyz": [
        0.020189598202705383,
        -0.09411093592643738,
        0.0037984848022460938
      ],
      "metadata": {
        "box_bounds_xyxy_exclusive": [
          51,
          74,
          58,
          82
        ],
        "box_center_world_xyz": [
          0.024244874715805054,
          -0.09492979943752289,
          0.04255957901477814
        ],
        "camera_frame_conversion": "opencv_to_opengl",
        "center_strategy": "median",
        "extrinsics_source": "sensor_param.base_camera.cam2world_gl",
        "intrinsics_source": "provided"
      },
      "num_points": 56,
      "point_cloud_path": null,
      "segmentation_id": null,
      "world_xyz": [
        0.018396347761154175,
        -0.09650543332099915,
        0.01420632004737854
      ]
    }
  ]
}