{
  "min_xy_distance_from_pick": 0.05,
  "place_query": "green cube",
  "place_target_source": "predicted_place_object",
  "selected": {
    "metadata": {
      "num_candidates": 1,
      "num_close_to_pick_rejected": 0,
      "num_eligible_candidates": 1,
      "num_invalid_candidates": 0,
      "place_pick_xy_distance": 0.17834019660949707,
      "place_query": "green cube",
      "place_target_z": 0.02,
      "raw_semantic_world_xyz": [
        0.018396347761154175,
        -0.09650543332099915,
        0.01420632004737854
      ],
      "selected_candidate_index": 0,
      "selected_clip_score": 0.0,
      "selected_depth_valid_ratio": 1.0,
      "selected_det_score": 0.7571912407875061,
      "selected_fused_2d_score": 0.7571912407875061,
      "selected_grasp_world_xyz": [
        0.020189598202705383,
        -0.09411093592643738,
        0.0037984848022460938
      ],
      "selected_num_points": 56,
      "selected_phrase": "green cube",
      "selected_world_xyz": [
        0.020189598202705383,
        -0.09411093592643738,
        0.019999999552965164
      ],
      "selection_reason": "first_ranked_candidate_far_from_pick"
    },
    "place_xyz": [
      0.020189598202705383,
      -0.09411093592643738,
      0.019999999552965164
    ],
    "source": "predicted_place_object"
  }
}