{
  "candidates_3d": [
    {
      "box_area": 63,
      "box_xyxy": [
        70.49365234375,
        71.64241790771484,
        76.32069396972656,
        79.1939926147461
      ],
      "camera_xyz": [
        0.08992968499660492,
        0.10249999910593033,
        0.6499999761581421
      ],
      "depth_valid_ratio": 0.7301587301587301,
      "grasp_camera_xyz": [
        0.08124999701976776,
        0.14218749105930328,
        0.6499999761581421
      ],
      "grasp_metadata": {
        "applied": true,
        "component_count": 1,
        "component_fallback_reason": null,
        "component_radius": 0.03,
        "component_selection_strategy": "largest_component_then_low_spread",
        "component_sizes": [
          16
        ],
        "elevated_point_count": 16,
        "elevated_z_offset": 0.015,
        "fallback_reason": null,
        "local_support_point_count": 14,
        "local_support_radius": 0.04,
        "local_support_z_margin": 0.012,
        "min_elevated_points": 12,
        "min_points": 20,
        "num_workspace_points": 46,
        "reason": "component_elevated_xy_with_local_support_z",
        "selected_component_size": 16,
        "selected_component_spread": 0.02520478330552578,
        "selected_component_xy": [
          -0.018199175596237183,
          0.08845312893390656
        ],
        "strategy": "workspace_elevated_xy_low_z",
        "support_z": 0.0036115050315856934,
        "support_z_percentile": 10.0,
        "workspace_bounds": {
          "abs_x_max": 0.2,
          "abs_y_max": 0.2,
          "z_max": 0.08,
          "z_min": -0.02
        }
      },
      "grasp_num_points": 16,
      "grasp_world_xyz": [
        -0.018199175596237183,
        0.08845312893390656,
        0.0036115050315856934
      ],
      "metadata": {
        "box_bounds_xyxy_exclusive": [
          70,
          71,
          77,
          80
        ],
        "box_center_world_xyz": [
          -0.010475896298885345,
          0.08901562541723251,
          0.037745214998722076
        ],
        "camera_frame_conversion": "opencv_to_opengl",
        "center_strategy": "median",
        "extrinsics_source": "sensor_param.base_camera.cam2world_gl",
        "intrinsics_source": "provided"
      },
      "num_points": 46,
      "point_cloud_path": null,
      "segmentation_id": null,
      "world_xyz": [
        -0.018199175596237183,
        0.08992968499660492,
        0.0038847923278808594
      ]
    }
  ]
}