{
  "query": {
    "attributes": [
      "red"
    ],
    "normalized_prompt": "red cube",
    "raw_query": "red cube",
    "relations": [],
    "synonyms": [
      "cube",
      "block"
    ],
    "target_name": "cube"
  },
  "top_2d_candidate": {
    "box_xyxy": [
      67.66529083251953,
      78.55982208251953,
      74.40857696533203,
      86.05840301513672
    ],
    "clip_score": 0.0,
    "det_score": 0.5685639381408691,
    "fused_2d_score": 0.5685639381408691,
    "image_crop_path": null,
    "metadata": {
      "detector_metadata": {
        "model_id": "IDEA-Research/grounding-dino-tiny"
      },
      "detector_source": "transformers_groundingdino",
      "skip_clip": true
    },
    "phrase": "red cube",
    "rank": 0,
    "source": "detector_only"
  },
  "top_candidate_3d": {
    "box_area": 72,
    "box_xyxy": [
      67.66529083251953,
      78.55982208251953,
      74.40857696533203,
      86.05840301513672
    ],
    "camera_xyz": [
      0.06093749776482582,
      0.17099998891353607,
      0.6050000190734863
    ],
    "depth_valid_ratio": 0.8194444444444444,
    "grasp_camera_xyz": [
      0.047734376043081284,
      0.19093750417232513,
      0.6110000014305115
    ],
    "grasp_metadata": {
      "applied": true,
      "component_count": 1,
      "component_fallback_reason": null,
      "component_radius": 0.03,
      "component_selection_strategy": "largest_component_then_low_spread",
      "component_sizes": [
        18
      ],
      "elevated_point_count": 18,
      "elevated_z_offset": 0.015,
      "fallback_reason": null,
      "local_support_point_count": 23,
      "local_support_radius": 0.04,
      "local_support_z_margin": 0.012,
      "min_elevated_points": 12,
      "min_points": 20,
      "num_workspace_points": 59,
      "reason": "component_elevated_xy_with_local_support_z",
      "selected_component_size": 18,
      "selected_component_spread": 0.026899363845586777,
      "selected_component_xy": [
        0.06424592435359955,
        0.06332812458276749
      ],
      "strategy": "workspace_elevated_xy_low_z",
      "support_z": 0.0035626888275146484,
      "support_z_percentile": 10.0,
      "workspace_bounds": {
        "abs_x_max": 0.2,
        "abs_y_max": 0.2,
        "z_max": 0.08,
        "z_min": -0.02
      }
    },
    "grasp_num_points": 18,
    "grasp_world_xyz": [
      0.06424592435359955,
      0.06332812458276749,
      0.0036310553550720215
    ],
    "metadata": {
      "box_bounds_xyxy_exclusive": [
        67,
        78,
        75,
        87
      ],
      "box_center_world_xyz": [
        0.06424592435359955,
        0.06365625560283661,
        0.04327962547540665
      ],
      "camera_frame_conversion": "opencv_to_opengl",
      "center_strategy": "median",
      "extrinsics_source": "sensor_param.base_camera.cam2world_gl",
      "intrinsics_source": "provided"
    },
    "num_points": 59,
    "point_cloud_path": null,
    "segmentation_id": null,
    "world_xyz": [
      0.057596355676651,
      0.06093749776482582,
      0.0037578940391540527
    ]
  }
}