{
  "candidates_3d": [
    {
      "box_area": 2574,
      "box_xyxy": [
        52.48593521118164,
        0.0,
        84.25558471679688,
        77.57185363769531
      ],
      "camera_xyz": [
        0.026537954807281494,
        -0.17152069509029388,
        0.6720969080924988
      ],
      "depth_valid_ratio": 1.0,
      "grasp_camera_xyz": [
        0.12100857496261597,
        0.08800623565912247,
        0.7040498852729797
      ],
      "grasp_metadata": {
        "applied": true,
        "component_count": 3,
        "component_fallback_reason": null,
        "component_radius": 0.03,
        "component_selection_strategy": "largest_component_then_low_spread",
        "component_sizes": [
          63,
          29,
          6
        ],
        "elevated_point_count": 98,
        "elevated_z_offset": 0.015,
        "fallback_reason": null,
        "local_support_point_count": 20,
        "local_support_radius": 0.04,
        "local_support_z_margin": 0.012,
        "min_elevated_points": 12,
        "min_points": 20,
        "num_workspace_points": 324,
        "reason": "component_elevated_xy_with_local_support_z",
        "selected_component_size": 63,
        "selected_component_spread": 0.10198286920785904,
        "selected_component_xy": [
          -0.07243266701698303,
          0.12231027334928513
        ],
        "strategy": "workspace_elevated_xy_low_z",
        "support_z": -0.005876070354133844,
        "support_z_percentile": 10.0,
        "workspace_bounds": {
          "abs_x_max": 0.2,
          "abs_y_max": 0.2,
          "z_max": 0.08,
          "z_min": -0.02
        }
      },
      "grasp_num_points": 63,
      "grasp_world_xyz": [
        -0.07243266701698303,
        0.12231027334928513,
        -9.062886238098145e-05
      ],
      "metadata": {
        "box_bounds_xyxy_exclusive": [
          52,
          0,
          85,
          78
        ],
        "box_center_world_xyz": [
          0.0131111741065979,
          0.019285930320620537,
          0.4343424439430237
        ],
        "camera_frame_conversion": "opencv_to_opengl",
        "center_strategy": "median",
        "extrinsics_source": "sensor_param.base_camera.cam2world_gl",
        "intrinsics_source": "provided"
      },
      "num_points": 2574,
      "point_cloud_path": null,
      "segmentation_id": null,
      "world_xyz": [
        -0.18106649816036224,
        0.026537954807281494,
        0.28714480996131897
      ]
    }
  ]
}