{
  "min_xy_distance_from_pick": 0.05,
  "place_query": "green cube",
  "place_target_source": "predicted_place_object",
  "selected": {
    "metadata": {
      "num_candidates": 1,
      "num_close_to_pick_rejected": 0,
      "num_eligible_candidates": 1,
      "num_invalid_candidates": 0,
      "place_pick_xy_distance": 0.19859996438026428,
      "place_query": "green cube",
      "place_target_z": 0.02,
      "raw_semantic_world_xyz": [
        -0.18106649816036224,
        0.026537954807281494,
        0.28714480996131897
      ],
      "selected_candidate_index": 0,
      "selected_clip_score": 0.0,
      "selected_depth_valid_ratio": 1.0,
      "selected_det_score": 0.4549237787723541,
      "selected_fused_2d_score": 0.4549237787723541,
      "selected_grasp_world_xyz": [
        -0.07243266701698303,
        0.12231027334928513,
        -9.062886238098145e-05
      ],
      "selected_num_points": 2574,
      "selected_phrase": "green cube",
      "selected_world_xyz": [
        -0.07243266701698303,
        0.12231027334928513,
        0.019999999552965164
      ],
      "selection_reason": "first_ranked_candidate_far_from_pick"
    },
    "place_xyz": [
      -0.07243266701698303,
      0.12231027334928513,
      0.019999999552965164
    ],
    "source": "predicted_place_object"
  }
}