{
  "query": {
    "attributes": [
      "red"
    ],
    "normalized_prompt": "red cube",
    "raw_query": "red cube",
    "relations": [],
    "synonyms": [
      "cube",
      "block"
    ],
    "target_name": "cube"
  },
  "top_2d_candidate": {
    "box_xyxy": [
      62.56500244140625,
      82.50643920898438,
      68.26397705078125,
      89.01332092285156
    ],
    "clip_score": 0.0,
    "det_score": 0.741917610168457,
    "fused_2d_score": 0.741917610168457,
    "image_crop_path": null,
    "metadata": {
      "detector_metadata": {
        "model_id": "IDEA-Research/grounding-dino-tiny"
      },
      "detector_source": "transformers_groundingdino",
      "skip_clip": true
    },
    "phrase": "red cube",
    "rank": 0,
    "source": "detector_only"
  },
  "top_candidate_3d": {
    "box_area": 56,
    "box_xyxy": [
      62.56500244140625,
      82.50643920898438,
      68.26397705078125,
      89.01332092285156
    ],
    "camera_xyz": [
      0.008899811655282974,
      0.19184324145317078,
      0.5854923725128174
    ],
    "depth_valid_ratio": 1.0,
    "grasp_camera_xyz": [
      0.028499674052000046,
      0.21849751472473145,
      0.6079930663108826
    ],
    "grasp_metadata": {
      "applied": true,
      "component_count": 1,
      "component_fallback_reason": null,
      "component_radius": 0.03,
      "component_selection_strategy": "largest_component_then_low_spread",
      "component_sizes": [
        34
      ],
      "elevated_point_count": 34,
      "elevated_z_offset": 0.015,
      "fallback_reason": null,
      "local_support_point_count": 13,
      "local_support_radius": 0.04,
      "local_support_z_margin": 0.012,
      "min_elevated_points": 12,
      "min_points": 20,
      "num_workspace_points": 56,
      "reason": "component_elevated_xy_with_local_support_z",
      "selected_component_size": 34,
      "selected_component_spread": 0.035772133618593216,
      "selected_component_xy": [
        0.08952625095844269,
        0.008899811655282974
      ],
      "strategy": "workspace_elevated_xy_low_z",
      "support_z": -0.006690502166748047,
      "support_z_percentile": 10.0,
      "workspace_bounds": {
        "abs_x_max": 0.2,
        "abs_y_max": 0.2,
        "z_max": 0.08,
        "z_min": -0.02
      }
    },
    "grasp_num_points": 34,
    "grasp_world_xyz": [
      0.08952625095844269,
      0.008899811655282974,
      -0.005875289440155029
    ],
    "metadata": {
      "box_bounds_xyxy_exclusive": [
        62,
        82,
        69,
        90
      ],
      "box_center_world_xyz": [
        0.10405716300010681,
        0.008593467995524406,
        0.052433744072914124
      ],
      "camera_frame_conversion": "opencv_to_opengl",
      "center_strategy": "median",
      "extrinsics_source": "sensor_param.base_camera.cam2world_gl",
      "intrinsics_source": "provided"
    },
    "num_points": 56,
    "point_cloud_path": null,
    "segmentation_id": null,
    "world_xyz": [
      0.09034585952758789,
      0.008899811655282974,
      0.017265498638153076
    ]
  }
}