{
  "candidates_3d": [
    {
      "box_area": 63,
      "box_xyxy": [
        64.53404998779297,
        77.64684295654297,
        70.45697784423828,
        85.37267303466797
      ],
      "camera_xyz": [
        0.028152767568826675,
        0.16156414151191711,
        0.6133783459663391
      ],
      "depth_valid_ratio": 1.0,
      "grasp_camera_xyz": [
        0.029162216931581497,
        0.19441477954387665,
        0.6221272945404053
      ],
      "grasp_metadata": {
        "applied": true,
        "component_count": 1,
        "component_fallback_reason": null,
        "component_radius": 0.03,
        "component_selection_strategy": "largest_component_then_low_spread",
        "component_sizes": [
          36
        ],
        "elevated_point_count": 36,
        "elevated_z_offset": 0.015,
        "fallback_reason": null,
        "local_support_point_count": 14,
        "local_support_radius": 0.04,
        "local_support_z_margin": 0.012,
        "min_elevated_points": 12,
        "min_points": 20,
        "num_workspace_points": 63,
        "reason": "component_elevated_xy_with_local_support_z",
        "selected_component_size": 36,
        "selected_component_spread": 0.041154198348522186,
        "selected_component_xy": [
          0.048748522996902466,
          0.028266508132219315
        ],
        "strategy": "workspace_elevated_xy_low_z",
        "support_z": -0.006784855853766203,
        "support_z_percentile": 10.0,
        "workspace_bounds": {
          "abs_x_max": 0.2,
          "abs_y_max": 0.2,
          "z_max": 0.08,
          "z_min": -0.02
        }
      },
      "grasp_num_points": 36,
      "grasp_world_xyz": [
        0.048748522996902466,
        0.028266508132219315,
        -0.0036478936672210693
      ],
      "metadata": {
        "box_bounds_xyxy_exclusive": [
          64,
          77,
          71,
          86
        ],
        "box_center_world_xyz": [
          0.05278720706701279,
          0.02777077630162239,
          0.03907276690006256
        ],
        "camera_frame_conversion": "opencv_to_opengl",
        "center_strategy": "median",
        "extrinsics_source": "sensor_param.base_camera.cam2world_gl",
        "intrinsics_source": "provided"
      },
      "num_points": 63,
      "point_cloud_path": null,
      "segmentation_id": null,
      "world_xyz": [
        0.04596170783042908,
        0.028152767568826675,
        0.013139009475708008
      ]
    }
  ]
}