{
  "candidates_3d": [
    {
      "box_area": 63,
      "box_xyxy": [
        58.48653793334961,
        80.63746643066406,
        64.42431640625,
        88.24421691894531
      ],
      "camera_xyz": [
        -0.026775861158967018,
        0.18090897798538208,
        0.5906565189361572
      ],
      "depth_valid_ratio": 1.0,
      "grasp_camera_xyz": [
        -0.02809760719537735,
        0.21541498601436615,
        0.5994156002998352
      ],
      "grasp_metadata": {
        "applied": true,
        "component_count": 1,
        "component_fallback_reason": null,
        "component_radius": 0.03,
        "component_selection_strategy": "largest_component_then_low_spread",
        "component_sizes": [
          31
        ],
        "elevated_point_count": 31,
        "elevated_z_offset": 0.015,
        "fallback_reason": null,
        "local_support_point_count": 16,
        "local_support_radius": 0.04,
        "local_support_z_margin": 0.012,
        "min_elevated_points": 12,
        "min_points": 20,
        "num_workspace_points": 61,
        "reason": "component_elevated_xy_with_local_support_z",
        "selected_component_size": 31,
        "selected_component_spread": 0.03535192832350731,
        "selected_component_xy": [
          0.08061684668064117,
          -0.026765748858451843
        ],
        "strategy": "workspace_elevated_xy_low_z",
        "support_z": -0.0034219026565551758,
        "support_z_percentile": 10.0,
        "workspace_bounds": {
          "abs_x_max": 0.2,
          "abs_y_max": 0.2,
          "z_max": 0.08,
          "z_min": -0.02
        }
      },
      "grasp_num_points": 31,
      "grasp_world_xyz": [
        0.08061684668064117,
        -0.026765748858451843,
        0.004029601812362671
      ],
      "metadata": {
        "box_bounds_xyxy_exclusive": [
          58,
          80,
          65,
          89
        ],
        "box_center_world_xyz": [
          0.08933748304843903,
          -0.02594035118818283,
          0.059839777648448944
        ],
        "camera_frame_conversion": "opencv_to_opengl",
        "center_strategy": "median",
        "extrinsics_source": "sensor_param.base_camera.cam2world_gl",
        "intrinsics_source": "provided"
      },
      "num_points": 63,
      "point_cloud_path": null,
      "segmentation_id": null,
      "world_xyz": [
        0.07673974335193634,
        -0.026775861158967018,
        0.010970473289489746
      ]
    }
  ]
}