{
  "candidates_3d": [
    {
      "box_area": 72,
      "box_xyxy": [
        73.57299041748047,
        77.57810974121094,
        80.06912994384766,
        85.21910095214844
      ],
      "camera_xyz": [
        0.11892968416213989,
        0.16523437201976776,
        0.6110000014305115
      ],
      "depth_valid_ratio": 0.9166666666666666,
      "grasp_camera_xyz": [
        0.10449999570846558,
        0.18050000071525574,
        0.6079999804496765
      ],
      "grasp_metadata": {
        "applied": true,
        "component_count": 1,
        "component_fallback_reason": null,
        "component_radius": 0.03,
        "component_selection_strategy": "largest_component_then_low_spread",
        "component_sizes": [
          18
        ],
        "elevated_point_count": 18,
        "elevated_z_offset": 0.015,
        "fallback_reason": null,
        "local_support_point_count": 26,
        "local_support_radius": 0.04,
        "local_support_z_margin": 0.012,
        "min_elevated_points": 12,
        "min_points": 20,
        "num_workspace_points": 66,
        "reason": "component_elevated_xy_with_local_support_z",
        "selected_component_size": 18,
        "selected_component_spread": 0.02231929823756218,
        "selected_component_xy": [
          0.04970714449882507,
          0.11315625160932541
        ],
        "strategy": "workspace_elevated_xy_low_z",
        "support_z": 0.0035626888275146484,
        "support_z_percentile": 10.0,
        "workspace_bounds": {
          "abs_x_max": 0.2,
          "abs_y_max": 0.2,
          "z_max": 0.08,
          "z_min": -0.02
        }
      },
      "grasp_num_points": 18,
      "grasp_world_xyz": [
        0.04970714449882507,
        0.11315625160932541,
        0.0036115050315856934
      ],
      "metadata": {
        "box_bounds_xyxy_exclusive": [
          73,
          77,
          81,
          86
        ],
        "box_center_world_xyz": [
          0.05464126914739609,
          0.11943750083446503,
          0.04327964037656784
        ],
        "camera_frame_conversion": "opencv_to_opengl",
        "center_strategy": "median",
        "extrinsics_source": "sensor_param.base_camera.cam2world_gl",
        "intrinsics_source": "provided"
      },
      "num_points": 66,
      "point_cloud_path": null,
      "segmentation_id": null,
      "world_xyz": [
        0.04723277688026428,
        0.11892968416213989,
        0.0036115050315856934
      ]
    }
  ]
}