{
  "candidates_3d": [
    {
      "box_area": 56,
      "box_xyxy": [
        51.72909164428711,
        66.6364517211914,
        57.46676254272461,
        73.2829360961914
      ],
      "camera_xyz": [
        -0.10526765882968903,
        0.05931752175092697,
        0.6935293674468994
      ],
      "depth_valid_ratio": 1.0,
      "grasp_camera_xyz": [
        -0.10940465331077576,
        0.08752372115850449,
        0.7001897692680359
      ],
      "grasp_metadata": {
        "applied": true,
        "component_count": 1,
        "component_fallback_reason": null,
        "component_radius": 0.03,
        "component_selection_strategy": "largest_component_then_low_spread",
        "component_sizes": [
          30
        ],
        "elevated_point_count": 30,
        "elevated_z_offset": 0.015,
        "fallback_reason": null,
        "local_support_point_count": 7,
        "local_support_radius": 0.04,
        "local_support_z_margin": 0.012,
        "min_elevated_points": 12,
        "min_points": 20,
        "num_workspace_points": 55,
        "reason": "component_elevated_xy_with_local_support_z",
        "selected_component_size": 30,
        "selected_component_spread": 0.04753641039133072,
        "selected_component_xy": [
          -0.0739087462425232,
          -0.10373437404632568
        ],
        "strategy": "workspace_elevated_xy_low_z",
        "support_z": -0.005527626723051071,
        "support_z_percentile": 10.0,
        "workspace_bounds": {
          "abs_x_max": 0.2,
          "abs_y_max": 0.2,
          "z_max": 0.08,
          "z_min": -0.02
        }
      },
      "grasp_num_points": 30,
      "grasp_world_xyz": [
        -0.0739087462425232,
        -0.10373437404632568,
        -0.0008715391159057617
      ],
      "metadata": {
        "box_bounds_xyxy_exclusive": [
          51,
          66,
          58,
          74
        ],
        "box_center_world_xyz": [
          -0.06450583040714264,
          -0.10327327996492386,
          0.045177023857831955
        ],
        "camera_frame_conversion": "opencv_to_opengl",
        "center_strategy": "median",
        "extrinsics_source": "sensor_param.base_camera.cam2world_gl",
        "intrinsics_source": "provided"
      },
      "num_points": 56,
      "point_cloud_path": null,
      "segmentation_id": null,
      "world_xyz": [
        -0.077239990234375,
        -0.10526765882968903,
        0.010835021734237671
      ]
    }
  ]
}