{
  "min_xy_distance_from_pick": 0.05,
  "place_query": "green cube",
  "place_target_source": "predicted_place_object",
  "selected": {
    "metadata": {
      "num_candidates": 1,
      "num_close_to_pick_rejected": 0,
      "num_eligible_candidates": 1,
      "num_invalid_candidates": 0,
      "place_pick_xy_distance": 0.2210814505815506,
      "place_query": "green cube",
      "place_target_z": 0.02,
      "raw_semantic_world_xyz": [
        -0.077239990234375,
        -0.10526765882968903,
        0.010835021734237671
      ],
      "selected_candidate_index": 0,
      "selected_clip_score": 0.0,
      "selected_depth_valid_ratio": 1.0,
      "selected_det_score": 0.581078052520752,
      "selected_fused_2d_score": 0.581078052520752,
      "selected_grasp_world_xyz": [
        -0.0739087462425232,
        -0.10373437404632568,
        -0.0008715391159057617
      ],
      "selected_num_points": 56,
      "selected_phrase": "green cube",
      "selected_world_xyz": [
        -0.0739087462425232,
        -0.10373437404632568,
        0.019999999552965164
      ],
      "selection_reason": "first_ranked_candidate_far_from_pick"
    },
    "place_xyz": [
      -0.0739087462425232,
      -0.10373437404632568,
      0.019999999552965164
    ],
    "source": "predicted_place_object"
  }
}