{
  "candidates_3d": [
    {
      "box_area": 56,
      "box_xyxy": [
        63.50554656982422,
        79.52626037597656,
        69.3724594116211,
        86.2314453125
      ],
      "camera_xyz": [
        0.018406249582767487,
        0.17099998891353607,
        0.5989999771118164
      ],
      "depth_valid_ratio": 0.8392857142857143,
      "grasp_camera_xyz": [
        0.0,
        0.1899999976158142,
        0.6079999804496765
      ],
      "grasp_metadata": {
        "applied": true,
        "component_count": 1,
        "component_fallback_reason": null,
        "component_radius": 0.03,
        "component_selection_strategy": "largest_component_then_low_spread",
        "component_sizes": [
          21
        ],
        "elevated_point_count": 21,
        "elevated_z_offset": 0.015,
        "fallback_reason": null,
        "local_support_point_count": 16,
        "local_support_radius": 0.04,
        "local_support_z_margin": 0.012,
        "min_elevated_points": 12,
        "min_points": 20,
        "num_workspace_points": 47,
        "reason": "component_elevated_xy_with_local_support_z",
        "selected_component_size": 21,
        "selected_component_spread": 0.021547682583332062,
        "selected_component_xy": [
          0.06424592435359955,
          0.01837499998509884
        ],
        "strategy": "workspace_elevated_xy_low_z",
        "support_z": 0.0035626888275146484,
        "support_z_percentile": 10.0,
        "workspace_bounds": {
          "abs_x_max": 0.2,
          "abs_y_max": 0.2,
          "z_max": 0.08,
          "z_min": -0.02
        }
      },
      "grasp_num_points": 21,
      "grasp_world_xyz": [
        0.06424592435359955,
        0.01837499998509884,
        0.0036212801933288574
      ],
      "metadata": {
        "box_bounds_xyxy_exclusive": [
          63,
          79,
          70,
          87
        ],
        "box_center_world_xyz": [
          0.07370422780513763,
          0.017999999225139618,
          0.04339677095413208
        ],
        "camera_frame_conversion": "opencv_to_opengl",
        "center_strategy": "median",
        "extrinsics_source": "sensor_param.base_camera.cam2world_gl",
        "intrinsics_source": "provided"
      },
      "num_points": 47,
      "point_cloud_path": null,
      "segmentation_id": null,
      "world_xyz": [
        0.06424592435359955,
        0.018406249582767487,
        0.004041016101837158
      ]
    }
  ]
}