{
  "candidates_3d": [
    {
      "box_area": 2574,
      "box_xyxy": [
        52.48593521118164,
        0.0,
        84.25558471679688,
        77.57185363769531
      ],
      "camera_xyz": [
        0.02640625089406967,
        -0.16953125596046448,
        0.6710000038146973
      ],
      "depth_valid_ratio": 1.0,
      "grasp_camera_xyz": [
        0.06223437562584877,
        0.23115625977516174,
        0.5690000057220459
      ],
      "grasp_metadata": {
        "applied": true,
        "component_count": 1,
        "component_fallback_reason": null,
        "component_radius": 0.03,
        "component_selection_strategy": "largest_component_then_low_spread",
        "component_sizes": [
          26
        ],
        "elevated_point_count": 26,
        "elevated_z_offset": 0.015,
        "fallback_reason": null,
        "local_support_point_count": 34,
        "local_support_radius": 0.04,
        "local_support_z_margin": 0.012,
        "min_elevated_points": 12,
        "min_points": 20,
        "num_workspace_points": 983,
        "original_box_bounds_xyxy_exclusive": [
          52,
          0,
          85,
          78
        ],
        "original_elevated_point_count": 0,
        "original_grasp_reason": "workspace_filter_passed",
        "original_num_workspace_points": 325,
        "reason": "component_elevated_xy_with_local_support_z",
        "selected_component_size": 26,
        "selected_component_spread": 0.02370477467775345,
        "selected_component_xy": [
          0.10938502848148346,
          0.05118750035762787
        ],
        "source_box": "y_shifted_grasp_fallback",
        "source_box_bounds_xyxy_exclusive": [
          52,
          20,
          85,
          98
        ],
        "source_box_y_shift_fraction": 0.25,
        "strategy": "workspace_elevated_xy_low_z",
        "support_z": 0.003103911876678467,
        "support_z_percentile": 10.0,
        "workspace_bounds": {
          "abs_x_max": 0.2,
          "abs_y_max": 0.2,
          "z_max": 0.08,
          "z_min": -0.02
        }
      },
      "grasp_num_points": 26,
      "grasp_world_xyz": [
        0.10938502848148346,
        0.05118750035762787,
        0.0035138726234436035
      ],
      "metadata": {
        "box_bounds_xyxy_exclusive": [
          52,
          0,
          85,
          78
        ],
        "box_center_world_xyz": [
          0.019224010407924652,
          0.01887499913573265,
          0.43787214159965515
        ],
        "camera_frame_conversion": "opencv_to_opengl",
        "center_strategy": "median",
        "extrinsics_source": "sensor_param.base_camera.cam2world_gl",
        "intrinsics_source": "provided"
      },
      "num_points": 2574,
      "point_cloud_path": null,
      "segmentation_id": null,
      "world_xyz": [
        -0.18324671685695648,
        0.02640625089406967,
        0.2913323640823364
      ]
    }
  ]
}