{
  "candidates_3d": [
    {
      "box_area": 72,
      "box_xyxy": [
        51.63523864746094,
        87.4925537109375,
        58.345542907714844,
        95.06680297851562
      ],
      "camera_xyz": [
        -0.08372656255960464,
        0.23100000619888306,
        0.5509999990463257
      ],
      "depth_valid_ratio": 0.8888888888888888,
      "grasp_camera_xyz": [
        -0.08687499910593033,
        0.2606250047683716,
        0.5559999942779541
      ],
      "grasp_metadata": {
        "applied": true,
        "component_count": 1,
        "component_fallback_reason": null,
        "component_radius": 0.03,
        "component_selection_strategy": "largest_component_then_low_spread",
        "component_sizes": [
          29
        ],
        "elevated_point_count": 29,
        "elevated_z_offset": 0.015,
        "fallback_reason": null,
        "local_support_point_count": 24,
        "local_support_radius": 0.04,
        "local_support_z_margin": 0.012,
        "min_elevated_points": 12,
        "min_points": 20,
        "num_workspace_points": 64,
        "reason": "component_elevated_xy_with_local_support_z",
        "selected_component_size": 29,
        "selected_component_spread": 0.025447284802794456,
        "selected_component_xy": [
          0.13583208620548248,
          -0.08249999582767487
        ],
        "strategy": "workspace_elevated_xy_low_z",
        "support_z": 0.0030161142349243164,
        "support_z_percentile": 10.0,
        "workspace_bounds": {
          "abs_x_max": 0.2,
          "abs_y_max": 0.2,
          "z_max": 0.08,
          "z_min": -0.02
        }
      },
      "grasp_num_points": 29,
      "grasp_world_xyz": [
        0.13583208620548248,
        -0.08249999582767487,
        0.003025829792022705
      ],
      "metadata": {
        "box_bounds_xyxy_exclusive": [
          51,
          87,
          59,
          96
        ],
        "box_center_world_xyz": [
          0.14262321591377258,
          -0.0749531239271164,
          0.043328434228897095
        ],
        "camera_frame_conversion": "opencv_to_opengl",
        "center_strategy": "median",
        "extrinsics_source": "sensor_param.base_camera.cam2world_gl",
        "intrinsics_source": "provided"
      },
      "num_points": 64,
      "point_cloud_path": null,
      "segmentation_id": null,
      "world_xyz": [
        0.1378086656332016,
        -0.08372656255960464,
        0.0038164854049682617
      ]
    }
  ]
}