{
  "min_xy_distance_from_pick": 0.05,
  "place_query": "green cube",
  "place_target_source": "predicted_place_object",
  "selected": {
    "metadata": {
      "num_candidates": 1,
      "num_close_to_pick_rejected": 0,
      "num_eligible_candidates": 1,
      "num_invalid_candidates": 0,
      "place_pick_xy_distance": 0.24527986347675323,
      "place_query": "green cube",
      "place_target_z": 0.02,
      "raw_semantic_world_xyz": [
        0.1378086656332016,
        -0.08372656255960464,
        0.0038164854049682617
      ],
      "selected_candidate_index": 0,
      "selected_clip_score": 0.0,
      "selected_depth_valid_ratio": 0.8888888888888888,
      "selected_det_score": 0.7560521960258484,
      "selected_fused_2d_score": 0.7560521960258484,
      "selected_grasp_world_xyz": [
        0.13583208620548248,
        -0.08249999582767487,
        0.003025829792022705
      ],
      "selected_num_points": 64,
      "selected_phrase": "green cube",
      "selected_world_xyz": [
        0.13583208620548248,
        -0.08249999582767487,
        0.019999999552965164
      ],
      "selection_reason": "first_ranked_candidate_far_from_pick"
    },
    "place_xyz": [
      0.13583208620548248,
      -0.08249999582767487,
      0.019999999552965164
    ],
    "source": "predicted_place_object"
  }
}