{
  "query": {
    "attributes": [
      "red"
    ],
    "normalized_prompt": "red cube",
    "raw_query": "red cube",
    "relations": [],
    "synonyms": [
      "cube",
      "block"
    ],
    "target_name": "cube"
  },
  "top_2d_candidate": {
    "box_xyxy": [
      56.69649887084961,
      69.54618835449219,
      62.33535385131836,
      76.103515625
    ],
    "clip_score": 0.0,
    "det_score": 0.48418116569519043,
    "fused_2d_score": 0.48418116569519043,
    "image_crop_path": null,
    "metadata": {
      "detector_metadata": {
        "model_id": "IDEA-Research/grounding-dino-tiny"
      },
      "detector_source": "transformers_groundingdino",
      "skip_clip": true
    },
    "phrase": "red cube",
    "rank": 0,
    "source": "detector_only"
  },
  "top_candidate_3d": {
    "box_area": 56,
    "box_xyxy": [
      56.69649887084961,
      69.54618835449219,
      62.33535385131836,
      76.103515625
    ],
    "camera_xyz": [
      -0.050312500447034836,
      0.09014061838388443,
      0.6639999747276306
    ],
    "depth_valid_ratio": 0.6785714285714286,
    "grasp_camera_xyz": [
      -0.051874998956918716,
      0.11412499845027924,
      0.6639999747276306
    ],
    "grasp_metadata": {
      "applied": true,
      "component_count": 1,
      "component_fallback_reason": null,
      "component_radius": 0.03,
      "component_selection_strategy": "largest_component_then_low_spread",
      "component_sizes": [
        13
      ],
      "elevated_point_count": 13,
      "elevated_z_offset": 0.015,
      "fallback_reason": null,
      "local_support_point_count": 12,
      "local_support_radius": 0.04,
      "local_support_z_margin": 0.012,
      "min_elevated_points": 12,
      "min_points": 20,
      "num_workspace_points": 38,
      "reason": "component_elevated_xy_with_local_support_z",
      "selected_component_size": 13,
      "selected_component_spread": 0.022658905014395714,
      "selected_component_xy": [
        -0.04155200719833374,
        -0.050078123807907104
      ],
      "strategy": "workspace_elevated_xy_low_z",
      "support_z": 0.003728628158569336,
      "support_z_percentile": 10.0,
      "workspace_bounds": {
        "abs_x_max": 0.2,
        "abs_y_max": 0.2,
        "z_max": 0.08,
        "z_min": -0.02
      }
    },
    "grasp_num_points": 13,
    "grasp_world_xyz": [
      -0.04155200719833374,
      -0.050078123807907104,
      0.003728628158569336
    ],
    "metadata": {
      "box_bounds_xyxy_exclusive": [
        56,
        69,
        63,
        77
      ],
      "box_center_world_xyz": [
        -0.030041508376598358,
        -0.050078123807907104,
        0.043152764439582825
      ],
      "camera_frame_conversion": "opencv_to_opengl",
      "center_strategy": "median",
      "extrinsics_source": "sensor_param.base_camera.cam2world_gl",
      "intrinsics_source": "provided"
    },
    "num_points": 38,
    "point_cloud_path": null,
    "segmentation_id": null,
    "world_xyz": [
      -0.04143732786178589,
      -0.050312500447034836,
      0.004294753074645996
    ]
  }
}