{
  "candidates_3d": [
    {
      "box_area": 56,
      "box_xyxy": [
        41.63493347167969,
        73.62245178222656,
        47.298851013183594,
        80.35722351074219
      ],
      "camera_xyz": [
        -0.19334374368190765,
        0.12450780719518661,
        0.6359999775886536
      ],
      "depth_valid_ratio": 0.7142857142857143,
      "grasp_camera_xyz": [
        -0.17961719632148743,
        0.12450780719518661,
        0.6330000162124634
      ],
      "grasp_metadata": {
        "applied": true,
        "component_count": 1,
        "component_fallback_reason": "too_few_elevated_points",
        "component_radius": 0.03,
        "component_selection_strategy": "largest_workspace_component_then_low_spread",
        "component_sizes": [
          22
        ],
        "elevated_point_count": 11,
        "elevated_z_offset": 0.015,
        "fallback_reason": "too_few_elevated_points",
        "local_support_point_count": 0,
        "local_support_radius": 0.04,
        "local_support_z_margin": 0.012,
        "min_elevated_points": 12,
        "min_points": 20,
        "num_workspace_points": 22,
        "reason": "workspace_filter_passed",
        "selected_component_size": 22,
        "selected_component_spread": 0.04735693708062172,
        "selected_component_xy": [
          0.007247403264045715,
          -0.17961719632148743
        ],
        "strategy": "workspace_elevated_xy_low_z",
        "support_z": 0.0037813186645507812,
        "support_z_percentile": 10.0,
        "workspace_bounds": {
          "abs_x_max": 0.2,
          "abs_y_max": 0.2,
          "z_max": 0.08,
          "z_min": -0.02
        }
      },
      "grasp_num_points": 22,
      "grasp_world_xyz": [
        0.007247403264045715,
        -0.17961719632148743,
        0.023460209369659424
      ],
      "metadata": {
        "box_bounds_xyxy_exclusive": [
          41,
          73,
          48,
          81
        ],
        "box_center_world_xyz": [
          0.014292314648628235,
          -0.1915624886751175,
          0.043543197214603424
        ],
        "camera_frame_conversion": "opencv_to_opengl",
        "center_strategy": "median",
        "extrinsics_source": "sensor_param.base_camera.cam2world_gl",
        "intrinsics_source": "provided"
      },
      "num_points": 40,
      "point_cloud_path": null,
      "segmentation_id": null,
      "world_xyz": [
        0.0034650564193725586,
        -0.19334374368190765,
        0.004060506820678711
      ]
    }
  ]
}