{
  "candidates_3d": [
    {
      "box_area": 99,
      "box_xyxy": [
        56.61209487915039,
        90.54103088378906,
        64.21971130371094,
        100.27238464355469
      ],
      "camera_xyz": [
        -0.03270680084824562,
        0.2558622658252716,
        0.5340103507041931
      ],
      "depth_valid_ratio": 1.0,
      "grasp_camera_xyz": [
        -0.024982109665870667,
        0.28313055634498596,
        0.5329516530036926
      ],
      "grasp_metadata": {
        "applied": true,
        "component_count": 1,
        "component_fallback_reason": null,
        "component_radius": 0.03,
        "component_selection_strategy": "largest_component_then_low_spread",
        "component_sizes": [
          29
        ],
        "elevated_point_count": 29,
        "elevated_z_offset": 0.015,
        "fallback_reason": null,
        "local_support_point_count": 33,
        "local_support_radius": 0.04,
        "local_support_z_margin": 0.012,
        "min_elevated_points": 12,
        "min_points": 20,
        "num_workspace_points": 90,
        "reason": "component_elevated_xy_with_local_support_z",
        "selected_component_size": 29,
        "selected_component_spread": 0.02436101995408535,
        "selected_component_xy": [
          0.17391781508922577,
          -0.032096318900585175
        ],
        "strategy": "workspace_elevated_xy_low_z",
        "support_z": -0.0004935500910505652,
        "support_z_percentile": 10.0,
        "workspace_bounds": {
          "abs_x_max": 0.2,
          "abs_y_max": 0.2,
          "z_max": 0.08,
          "z_min": -0.02
        }
      },
      "grasp_num_points": 29,
      "grasp_world_xyz": [
        0.17391781508922577,
        -0.032096318900585175,
        0.0043059587478637695
      ],
      "metadata": {
        "box_bounds_xyxy_exclusive": [
          56,
          90,
          65,
          101
        ],
        "box_center_world_xyz": [
          0.17391780018806458,
          -0.031973063945770264,
          0.04573778808116913
        ],
        "camera_frame_conversion": "opencv_to_opengl",
        "center_strategy": "median",
        "extrinsics_source": "sensor_param.base_camera.cam2world_gl",
        "intrinsics_source": "provided"
      },
      "num_points": 99,
      "point_cloud_path": null,
      "segmentation_id": null,
      "world_xyz": [
        0.17077068984508514,
        -0.03270680084824562,
        0.005794346332550049
      ]
    }
  ]
}