{
  "query": {
    "attributes": [
      "red"
    ],
    "normalized_prompt": "red cube",
    "raw_query": "red cube",
    "relations": [],
    "synonyms": [
      "cube",
      "block"
    ],
    "target_name": "cube"
  },
  "top_2d_candidate": {
    "box_xyxy": [
      60.594268798828125,
      81.52820587158203,
      67.21172332763672,
      89.09111785888672
    ],
    "clip_score": 0.0,
    "det_score": 0.5873383283615112,
    "fused_2d_score": 0.5873383283615112,
    "image_crop_path": null,
    "metadata": {
      "detector_metadata": {
        "model_id": "IDEA-Research/grounding-dino-tiny"
      },
      "detector_source": "transformers_groundingdino",
      "skip_clip": true
    },
    "phrase": "red cube",
    "rank": 0,
    "source": "detector_only"
  },
  "top_candidate_3d": {
    "box_area": 72,
    "box_xyxy": [
      60.594268798828125,
      81.52820587158203,
      67.21172332763672,
      89.09111785888672
    ],
    "camera_xyz": [
      -0.004370401613414288,
      0.19033606350421906,
      0.5878106355667114
    ],
    "depth_valid_ratio": 1.0,
    "grasp_camera_xyz": [
      -0.009136050939559937,
      0.21926522254943848,
      0.5847072601318359
    ],
    "grasp_metadata": {
      "applied": true,
      "component_count": 2,
      "component_fallback_reason": null,
      "component_radius": 0.03,
      "component_selection_strategy": "largest_component_then_low_spread",
      "component_sizes": [
        29,
        1
      ],
      "elevated_point_count": 30,
      "elevated_z_offset": 0.015,
      "fallback_reason": null,
      "local_support_point_count": 19,
      "local_support_radius": 0.04,
      "local_support_z_margin": 0.012,
      "min_elevated_points": 12,
      "min_points": 20,
      "num_workspace_points": 72,
      "reason": "component_elevated_xy_with_local_support_z",
      "selected_component_size": 29,
      "selected_component_spread": 0.02911205217242241,
      "selected_component_xy": [
        0.09255941212177277,
        -0.00879647582769394
      ],
      "strategy": "workspace_elevated_xy_low_z",
      "support_z": -0.0040885270573198795,
      "support_z_percentile": 10.0,
      "workspace_bounds": {
        "abs_x_max": 0.2,
        "abs_y_max": 0.2,
        "z_max": 0.08,
        "z_min": -0.02
      }
    },
    "grasp_num_points": 29,
    "grasp_world_xyz": [
      0.09255941212177277,
      -0.00879647582769394,
      0.0018519759178161621
    ],
    "metadata": {
      "box_bounds_xyxy_exclusive": [
        60,
        81,
        68,
        90
      ],
      "box_center_world_xyz": [
        0.09261858463287354,
        0.0,
        0.045151807367801666
      ],
      "camera_frame_conversion": "opencv_to_opengl",
      "center_strategy": "median",
      "extrinsics_source": "sensor_param.base_camera.cam2world_gl",
      "intrinsics_source": "provided"
    },
    "num_points": 72,
    "point_cloud_path": null,
    "segmentation_id": null,
    "world_xyz": [
      0.08573158085346222,
      -0.004370401613414288,
      0.008429497480392456
    ]
  }
}