{
  "candidates_3d": [
    {
      "box_area": 56,
      "box_xyxy": [
        68.6139907836914,
        69.59122467041016,
        74.34270477294922,
        76.2999038696289
      ],
      "camera_xyz": [
        0.07245691120624542,
        0.08222893625497818,
        0.6647502183914185
      ],
      "depth_valid_ratio": 1.0,
      "grasp_camera_xyz": [
        0.07357290387153625,
        0.11561456322669983,
        0.6726665496826172
      ],
      "grasp_metadata": {
        "applied": true,
        "component_count": 2,
        "component_fallback_reason": null,
        "component_radius": 0.03,
        "component_selection_strategy": "largest_component_then_low_spread",
        "component_sizes": [
          25,
          1
        ],
        "elevated_point_count": 26,
        "elevated_z_offset": 0.015,
        "fallback_reason": null,
        "local_support_point_count": 11,
        "local_support_radius": 0.04,
        "local_support_z_margin": 0.012,
        "min_elevated_points": 12,
        "min_points": 20,
        "num_workspace_points": 48,
        "reason": "component_elevated_xy_with_local_support_z",
        "selected_component_size": 25,
        "selected_component_spread": 0.029618969187140465,
        "selected_component_xy": [
          -0.03907090425491333,
          0.07141390442848206
        ],
        "strategy": "workspace_elevated_xy_low_z",
        "support_z": -0.006358468439429998,
        "support_z_percentile": 10.0,
        "workspace_bounds": {
          "abs_x_max": 0.2,
          "abs_y_max": 0.2,
          "z_max": 0.08,
          "z_min": -0.02
        }
      },
      "grasp_num_points": 25,
      "grasp_world_xyz": [
        -0.03907090425491333,
        0.07141390442848206,
        -0.001309216022491455
      ],
      "metadata": {
        "box_bounds_xyxy_exclusive": [
          68,
          69,
          75,
          77
        ],
        "box_center_world_xyz": [
          -0.029904253780841827,
          0.0700802132487297,
          0.043384384363889694
        ],
        "camera_frame_conversion": "opencv_to_opengl",
        "center_strategy": "median",
        "extrinsics_source": "sensor_param.base_camera.cam2world_gl",
        "intrinsics_source": "provided"
      },
      "num_points": 56,
      "point_cloud_path": null,
      "segmentation_id": null,
      "world_xyz": [
        -0.033590689301490784,
        0.07245691120624542,
        0.017979204654693604
      ]
    }
  ]
}