{
  "query": {
    "attributes": [
      "red"
    ],
    "normalized_prompt": "red cube",
    "raw_query": "red cube",
    "relations": [],
    "synonyms": [
      "cube",
      "block"
    ],
    "target_name": "cube"
  },
  "top_2d_candidate": {
    "box_xyxy": [
      72.52571105957031,
      80.55370330810547,
      79.30128479003906,
      88.20519256591797
    ],
    "clip_score": 0.0,
    "det_score": 0.6479641199111938,
    "fused_2d_score": 0.6479641199111938,
    "image_crop_path": null,
    "metadata": {
      "detector_metadata": {
        "model_id": "IDEA-Research/grounding-dino-tiny"
      },
      "detector_source": "transformers_groundingdino",
      "skip_clip": true
    },
    "phrase": "red cube",
    "rank": 0,
    "source": "detector_only"
  },
  "top_candidate_3d": {
    "box_area": 72,
    "box_xyxy": [
      72.52571105957031,
      80.55370330810547,
      79.30128479003906,
      88.20519256591797
    ],
    "camera_xyz": [
      0.10512495785951614,
      0.18317067623138428,
      0.5936026573181152
    ],
    "depth_valid_ratio": 1.0,
    "grasp_camera_xyz": [
      0.0930129662156105,
      0.21392981708049774,
      0.5952829718589783
    ],
    "grasp_metadata": {
      "applied": true,
      "component_count": 1,
      "component_fallback_reason": null,
      "component_radius": 0.03,
      "component_selection_strategy": "largest_component_then_low_spread",
      "component_sizes": [
        26
      ],
      "elevated_point_count": 26,
      "elevated_z_offset": 0.015,
      "fallback_reason": null,
      "local_support_point_count": 23,
      "local_support_radius": 0.04,
      "local_support_z_margin": 0.012,
      "min_elevated_points": 12,
      "min_points": 20,
      "num_workspace_points": 72,
      "reason": "component_elevated_xy_with_local_support_z",
      "selected_component_size": 26,
      "selected_component_spread": 0.023613452911376953,
      "selected_component_xy": [
        0.08241941779851913,
        0.10214658081531525
      ],
      "strategy": "workspace_elevated_xy_low_z",
      "support_z": -0.00032365325023420155,
      "support_z_percentile": 10.0,
      "workspace_bounds": {
        "abs_x_max": 0.2,
        "abs_y_max": 0.2,
        "z_max": 0.08,
        "z_min": -0.02
      }
    },
    "grasp_num_points": 26,
    "grasp_world_xyz": [
      0.08241941779851913,
      0.10214658081531525,
      0.0021570324897766113
    ],
    "metadata": {
      "box_bounds_xyxy_exclusive": [
        72,
        80,
        80,
        89
      ],
      "box_center_world_xyz": [
        0.08067449927330017,
        0.1080283373594284,
        0.03762698918581009
      ],
      "camera_frame_conversion": "opencv_to_opengl",
      "center_strategy": "median",
      "extrinsics_source": "sensor_param.base_camera.cam2world_gl",
      "intrinsics_source": "provided"
    },
    "num_points": 72,
    "point_cloud_path": null,
    "segmentation_id": null,
    "world_xyz": [
      0.07849091291427612,
      0.10512495785951614,
      0.006908446550369263
    ]
  }
}