{
  "min_xy_distance_from_pick": 0.05,
  "place_query": "green cube",
  "place_target_source": "predicted_place_object",
  "selected": {
    "metadata": {
      "num_candidates": 1,
      "num_close_to_pick_rejected": 0,
      "num_eligible_candidates": 1,
      "num_invalid_candidates": 0,
      "place_pick_xy_distance": 0.1738063097000122,
      "place_query": "green cube",
      "place_target_z": 0.02,
      "raw_semantic_world_xyz": [
        0.015146374702453613,
        -0.09563280642032623,
        0.004041016101837158
      ],
      "selected_candidate_index": 0,
      "selected_clip_score": 0.0,
      "selected_depth_valid_ratio": 0.8214285714285714,
      "selected_det_score": 0.7571912407875061,
      "selected_fused_2d_score": 0.7571912407875061,
      "selected_grasp_world_xyz": [
        0.014292299747467041,
        -0.09484374523162842,
        0.0036115050315856934
      ],
      "selected_num_points": 46,
      "selected_phrase": "green cube",
      "selected_world_xyz": [
        0.014292299747467041,
        -0.09484374523162842,
        0.019999999552965164
      ],
      "selection_reason": "first_ranked_candidate_far_from_pick"
    },
    "place_xyz": [
      0.014292299747467041,
      -0.09484374523162842,
      0.019999999552965164
    ],
    "source": "predicted_place_object"
  }
}