{
  "query": {
    "attributes": [
      "red"
    ],
    "normalized_prompt": "red cube",
    "raw_query": "red cube",
    "relations": [],
    "synonyms": [
      "cube",
      "block"
    ],
    "target_name": "cube"
  },
  "top_2d_candidate": {
    "box_xyxy": [
      63.568084716796875,
      66.56028747558594,
      68.40925598144531,
      72.20855712890625
    ],
    "clip_score": 0.0,
    "det_score": 0.6095742583274841,
    "fused_2d_score": 0.6095742583274841,
    "image_crop_path": null,
    "metadata": {
      "detector_metadata": {
        "model_id": "IDEA-Research/grounding-dino-tiny"
      },
      "detector_source": "transformers_groundingdino",
      "skip_clip": true
    },
    "phrase": "red cube",
    "rank": 0,
    "source": "detector_only"
  },
  "top_candidate_3d": {
    "box_area": 42,
    "box_xyxy": [
      63.568084716796875,
      66.56028747558594,
      68.40925598144531,
      72.20855712890625
    ],
    "camera_xyz": [
      0.016304686665534973,
      0.059687502682209015,
      0.6940000057220459
    ],
    "depth_valid_ratio": 0.7142857142857143,
    "grasp_camera_xyz": [
      0.016304686665534973,
      0.059687502682209015,
      0.6940000057220459
    ],
    "grasp_metadata": {
      "applied": true,
      "component_count": 1,
      "component_fallback_reason": "too_few_elevated_points",
      "component_radius": 0.03,
      "component_selection_strategy": "largest_workspace_component_then_low_spread",
      "component_sizes": [
        30
      ],
      "elevated_point_count": 11,
      "elevated_z_offset": 0.015,
      "fallback_reason": "too_few_elevated_points",
      "local_support_point_count": 0,
      "local_support_radius": 0.04,
      "local_support_z_margin": 0.012,
      "min_elevated_points": 12,
      "min_points": 20,
      "num_workspace_points": 30,
      "reason": "workspace_filter_passed",
      "selected_component_size": 30,
      "selected_component_spread": 0.06769214570522308,
      "selected_component_xy": [
        -0.08010496199131012,
        0.016304686665534973
      ],
      "strategy": "workspace_elevated_xy_low_z",
      "support_z": 0.003709077835083008,
      "support_z_percentile": 10.0,
      "workspace_bounds": {
        "abs_x_max": 0.2,
        "abs_y_max": 0.2,
        "z_max": 0.08,
        "z_min": -0.02
      }
    },
    "grasp_num_points": 30,
    "grasp_world_xyz": [
      -0.08010496199131012,
      0.016304686665534973,
      0.004294753074645996
    ],
    "metadata": {
      "box_bounds_xyxy_exclusive": [
        63,
        66,
        69,
        73
      ],
      "box_center_world_xyz": [
        -0.07823576033115387,
        0.02096875011920929,
        0.043289363384246826
      ],
      "camera_frame_conversion": "opencv_to_opengl",
      "center_strategy": "median",
      "extrinsics_source": "sensor_param.base_camera.cam2world_gl",
      "intrinsics_source": "provided"
    },
    "num_points": 30,
    "point_cloud_path": null,
    "segmentation_id": null,
    "world_xyz": [
      -0.08010496199131012,
      0.016304686665534973,
      0.004294753074645996
    ]
  }
}