{
  "query": {
    "attributes": [
      "red"
    ],
    "normalized_prompt": "red cube",
    "raw_query": "red cube",
    "relations": [],
    "synonyms": [
      "cube",
      "block"
    ],
    "target_name": "cube"
  },
  "top_2d_candidate": {
    "box_xyxy": [
      54.80202865600586,
      61.64615249633789,
      60.47817611694336,
      68.274169921875
    ],
    "clip_score": 0.0,
    "det_score": 0.4593718647956848,
    "fused_2d_score": 0.4593718647956848,
    "image_crop_path": null,
    "metadata": {
      "detector_metadata": {
        "model_id": "IDEA-Research/grounding-dino-tiny"
      },
      "detector_source": "transformers_groundingdino",
      "skip_clip": true
    },
    "phrase": "red cube",
    "rank": 0,
    "source": "detector_only"
  },
  "top_candidate_3d": {
    "box_area": 56,
    "box_xyxy": [
      54.80202865600586,
      61.64615249633789,
      60.47817611694336,
      68.274169921875
    ],
    "camera_xyz": [
      -0.07907812297344208,
      0.011085936799645424,
      0.7360000014305115
    ],
    "depth_valid_ratio": 0.9285714285714286,
    "grasp_camera_xyz": [
      -0.06843750178813934,
      0.03421875089406967,
      0.7300000190734863
    ],
    "grasp_metadata": {
      "applied": true,
      "component_count": 1,
      "component_fallback_reason": null,
      "component_radius": 0.03,
      "component_selection_strategy": "largest_component_then_low_spread",
      "component_sizes": [
        14
      ],
      "elevated_point_count": 14,
      "elevated_z_offset": 0.015,
      "fallback_reason": null,
      "local_support_point_count": 18,
      "local_support_radius": 0.04,
      "local_support_z_margin": 0.012,
      "min_elevated_points": 12,
      "min_points": 20,
      "num_workspace_points": 41,
      "reason": "component_elevated_xy_with_local_support_z",
      "selected_component_size": 14,
      "selected_component_spread": 0.022547852247953415,
      "selected_component_xy": [
        -0.1447828710079193,
        -0.07224218547344208
      ],
      "strategy": "workspace_elevated_xy_low_z",
      "support_z": 0.003728628158569336,
      "support_z_percentile": 10.0,
      "workspace_bounds": {
        "abs_x_max": 0.2,
        "abs_y_max": 0.2,
        "z_max": 0.08,
        "z_min": -0.02
      }
    },
    "grasp_num_points": 14,
    "grasp_world_xyz": [
      -0.1447828710079193,
      -0.07224218547344208,
      0.00392383337020874
    ],
    "metadata": {
      "box_bounds_xyxy_exclusive": [
        54,
        61,
        61,
        69
      ],
      "box_center_world_xyz": [
        -0.1305832713842392,
        -0.07689062505960464,
        0.044187407940626144
      ],
      "camera_frame_conversion": "opencv_to_opengl",
      "center_strategy": "median",
      "extrinsics_source": "sensor_param.base_camera.cam2world_gl",
      "intrinsics_source": "provided"
    },
    "num_points": 52,
    "point_cloud_path": null,
    "segmentation_id": null,
    "world_xyz": [
      -0.14721819758415222,
      -0.07907812297344208,
      0.003962904214859009
    ]
  }
}