{
  "candidates_3d": [
    {
      "box_area": 54,
      "box_xyxy": [
        72.66597747802734,
        69.31575775146484,
        77.34395599365234,
        77.2442398071289
      ],
      "camera_xyz": [
        0.10948437452316284,
        0.08387500047683716,
        0.6570000052452087
      ],
      "depth_valid_ratio": 0.7777777777777778,
      "grasp_camera_xyz": [
        0.11412499845027924,
        0.11412499845027924,
        0.6639999747276306
      ],
      "grasp_metadata": {
        "applied": true,
        "component_count": 1,
        "component_fallback_reason": null,
        "component_radius": 0.03,
        "component_selection_strategy": "largest_component_then_low_spread",
        "component_sizes": [
          12
        ],
        "elevated_point_count": 12,
        "elevated_z_offset": 0.015,
        "fallback_reason": null,
        "local_support_point_count": 14,
        "local_support_radius": 0.04,
        "local_support_z_margin": 0.012,
        "min_elevated_points": 12,
        "min_points": 20,
        "num_workspace_points": 32,
        "reason": "component_elevated_xy_with_local_support_z",
        "selected_component_size": 12,
        "selected_component_spread": 0.021845180541276932,
        "selected_component_xy": [
          -0.039915844798088074,
          0.10619531571865082
        ],
        "strategy": "workspace_elevated_xy_low_z",
        "support_z": 0.0036017298698425293,
        "support_z_percentile": 10.0,
        "workspace_bounds": {
          "abs_x_max": 0.2,
          "abs_y_max": 0.2,
          "z_max": 0.08,
          "z_min": -0.02
        }
      },
      "grasp_num_points": 12,
      "grasp_world_xyz": [
        -0.039915844798088074,
        0.10619531571865082,
        0.003728628158569336
      ],
      "metadata": {
        "box_bounds_xyxy_exclusive": [
          72,
          69,
          78,
          78
        ],
        "box_center_world_xyz": [
          -0.030041508376598358,
          0.11017186939716339,
          0.043152764439582825
        ],
        "camera_frame_conversion": "opencv_to_opengl",
        "center_strategy": "median",
        "extrinsics_source": "sensor_param.base_camera.cam2world_gl",
        "intrinsics_source": "provided"
      },
      "num_points": 42,
      "point_cloud_path": null,
      "segmentation_id": null,
      "world_xyz": [
        -0.02245490252971649,
        0.10948437452316284,
        0.025949209928512573
      ]
    }
  ]
}