{
  "min_xy_distance_from_pick": 0.05,
  "place_query": "green cube",
  "place_target_source": "predicted_place_object",
  "selected": {
    "metadata": {
      "num_candidates": 1,
      "num_close_to_pick_rejected": 0,
      "num_eligible_candidates": 1,
      "num_invalid_candidates": 0,
      "place_pick_xy_distance": 0.20501157641410828,
      "place_query": "green cube",
      "place_target_z": 0.02,
      "raw_semantic_world_xyz": [
        -0.02245490252971649,
        0.10948437452316284,
        0.025949209928512573
      ],
      "selected_candidate_index": 0,
      "selected_clip_score": 0.0,
      "selected_depth_valid_ratio": 0.7777777777777778,
      "selected_det_score": 0.4523707628250122,
      "selected_fused_2d_score": 0.4523707628250122,
      "selected_grasp_world_xyz": [
        -0.039915844798088074,
        0.10619531571865082,
        0.003728628158569336
      ],
      "selected_num_points": 42,
      "selected_phrase": "green cube",
      "selected_world_xyz": [
        -0.039915844798088074,
        0.10619531571865082,
        0.019999999552965164
      ],
      "selection_reason": "first_ranked_candidate_far_from_pick"
    },
    "place_xyz": [
      -0.039915844798088074,
      0.10619531571865082,
      0.019999999552965164
    ],
    "source": "predicted_place_object"
  }
}