{
  "query": {
    "attributes": [
      "red"
    ],
    "normalized_prompt": "red cube",
    "raw_query": "red cube",
    "relations": [],
    "synonyms": [
      "cube",
      "block"
    ],
    "target_name": "cube"
  },
  "top_2d_candidate": {
    "box_xyxy": [
      66.99537658691406,
      77.48428344726562,
      72.49397277832031,
      84.13417053222656
    ],
    "clip_score": 0.0,
    "det_score": 0.6911023855209351,
    "fused_2d_score": 0.6911023855209351,
    "image_crop_path": null,
    "metadata": {
      "detector_metadata": {
        "model_id": "IDEA-Research/grounding-dino-tiny"
      },
      "detector_source": "transformers_groundingdino",
      "skip_clip": true
    },
    "phrase": "red cube",
    "rank": 0,
    "source": "detector_only"
  },
  "top_candidate_3d": {
    "box_area": 56,
    "box_xyxy": [
      66.99537658691406,
      77.48428344726562,
      72.49397277832031,
      84.13417053222656
    ],
    "camera_xyz": [
      0.04667969048023224,
      0.1534453183412552,
      0.6110000014305115
    ],
    "depth_valid_ratio": 0.7142857142857143,
    "grasp_camera_xyz": [
      0.04789062216877937,
      0.18198436498641968,
      0.6129999756813049
    ],
    "grasp_metadata": {
      "applied": true,
      "component_count": 1,
      "component_fallback_reason": null,
      "component_radius": 0.03,
      "component_selection_strategy": "largest_component_then_low_spread",
      "component_sizes": [
        16
      ],
      "elevated_point_count": 16,
      "elevated_z_offset": 0.015,
      "fallback_reason": null,
      "local_support_point_count": 16,
      "local_support_radius": 0.04,
      "local_support_z_margin": 0.012,
      "min_elevated_points": 12,
      "min_points": 20,
      "num_workspace_points": 40,
      "reason": "component_elevated_xy_with_local_support_z",
      "selected_component_size": 16,
      "selected_component_spread": 0.021010003983974457,
      "selected_component_xy": [
        0.03994140028953552,
        0.05127343535423279
      ],
      "strategy": "workspace_elevated_xy_low_z",
      "support_z": 0.0036017298698425293,
      "support_z_percentile": 10.0,
      "workspace_bounds": {
        "abs_x_max": 0.2,
        "abs_y_max": 0.2,
        "z_max": 0.08,
        "z_min": -0.02
      }
    },
    "grasp_num_points": 16,
    "grasp_world_xyz": [
      0.03994140028953552,
      0.05127343535423279,
      0.003684699535369873
    ],
    "metadata": {
      "box_bounds_xyxy_exclusive": [
        66,
        77,
        73,
        85
      ],
      "box_center_world_xyz": [
        0.0496339350938797,
        0.046875,
        0.03191797435283661
      ],
      "camera_frame_conversion": "opencv_to_opengl",
      "center_strategy": "median",
      "extrinsics_source": "sensor_param.base_camera.cam2world_gl",
      "intrinsics_source": "provided"
    },
    "num_points": 40,
    "point_cloud_path": null,
    "segmentation_id": null,
    "world_xyz": [
      0.04489016532897949,
      0.04667969048023224,
      0.003777444362640381
    ]
  }
}