{
  "query": {
    "attributes": [
      "red"
    ],
    "normalized_prompt": "red cube",
    "raw_query": "red cube",
    "relations": [],
    "synonyms": [
      "cube",
      "block"
    ],
    "target_name": "cube"
  },
  "top_2d_candidate": {
    "box_xyxy": [
      61.61762237548828,
      79.39244079589844,
      68.35907745361328,
      86.16558837890625
    ],
    "clip_score": 0.0,
    "det_score": 0.7255927324295044,
    "fused_2d_score": 0.7255927324295044,
    "image_crop_path": null,
    "metadata": {
      "detector_metadata": {
        "model_id": "IDEA-Research/grounding-dino-tiny"
      },
      "detector_source": "transformers_groundingdino",
      "skip_clip": true
    },
    "phrase": "red cube",
    "rank": 0,
    "source": "detector_only"
  },
  "top_candidate_3d": {
    "box_area": 64,
    "box_xyxy": [
      61.61762237548828,
      79.39244079589844,
      68.35907745361328,
      86.16558837890625
    ],
    "camera_xyz": [
      0.0044531249441206455,
      0.17099998891353607,
      0.5989999771118164
    ],
    "depth_valid_ratio": 1.0,
    "grasp_camera_xyz": [
      0.009359374642372131,
      0.2059062421321869,
      0.5989999771118164
    ],
    "grasp_metadata": {
      "applied": true,
      "component_count": 1,
      "component_fallback_reason": null,
      "component_radius": 0.03,
      "component_selection_strategy": "largest_component_then_low_spread",
      "component_sizes": [
        24
      ],
      "elevated_point_count": 24,
      "elevated_z_offset": 0.015,
      "fallback_reason": null,
      "local_support_point_count": 19,
      "local_support_radius": 0.04,
      "local_support_z_margin": 0.012,
      "min_elevated_points": 12,
      "min_points": 20,
      "num_workspace_points": 64,
      "reason": "component_elevated_xy_with_local_support_z",
      "selected_component_size": 24,
      "selected_component_spread": 0.025114767253398895,
      "selected_component_xy": [
        0.06887257099151611,
        0.008953124284744263
      ],
      "strategy": "workspace_elevated_xy_low_z",
      "support_z": 0.0035626888275146484,
      "support_z_percentile": 10.0,
      "workspace_bounds": {
        "abs_x_max": 0.2,
        "abs_y_max": 0.2,
        "z_max": 0.08,
        "z_min": -0.02
      }
    },
    "grasp_num_points": 24,
    "grasp_world_xyz": [
      0.06887257099151611,
      0.008953124284744263,
      0.0036310553550720215
    ],
    "metadata": {
      "box_bounds_xyxy_exclusive": [
        61,
        79,
        69,
        87
      ],
      "box_center_world_xyz": [
        0.07370422780513763,
        0.008999999612569809,
        0.04339677095413208
      ],
      "camera_frame_conversion": "opencv_to_opengl",
      "center_strategy": "median",
      "extrinsics_source": "sensor_param.base_camera.cam2world_gl",
      "intrinsics_source": "provided"
    },
    "num_points": 64,
    "point_cloud_path": null,
    "segmentation_id": null,
    "world_xyz": [
      0.06424592435359955,
      0.0044531249441206455,
      0.004041016101837158
    ]
  }
}