{
  "min_xy_distance_from_pick": 0.05,
  "place_query": "green cube",
  "place_target_source": "predicted_place_object",
  "selected": {
    "metadata": {
      "num_candidates": 1,
      "num_close_to_pick_rejected": 0,
      "num_eligible_candidates": 1,
      "num_invalid_candidates": 0,
      "place_pick_xy_distance": 0.21983641386032104,
      "place_query": "green cube",
      "place_target_z": 0.02,
      "raw_semantic_world_xyz": [
        -0.078579843044281,
        -0.10562500357627869,
        0.004001975059509277
      ],
      "selected_candidate_index": 0,
      "selected_clip_score": 0.0,
      "selected_depth_valid_ratio": 0.875,
      "selected_det_score": 0.581078052520752,
      "selected_fused_2d_score": 0.581078052520752,
      "selected_grasp_world_xyz": [
        -0.07331506907939911,
        -0.10010156035423279,
        0.004001975059509277
      ],
      "selected_num_points": 49,
      "selected_phrase": "green cube",
      "selected_world_xyz": [
        -0.07331506907939911,
        -0.10010156035423279,
        0.019999999552965164
      ],
      "selection_reason": "first_ranked_candidate_far_from_pick"
    },
    "place_xyz": [
      -0.07331506907939911,
      -0.10010156035423279,
      0.019999999552965164
    ],
    "source": "predicted_place_object"
  }
}