{
  "query": {
    "attributes": [
      "red"
    ],
    "normalized_prompt": "red cube",
    "raw_query": "red cube",
    "relations": [],
    "synonyms": [
      "cube",
      "block"
    ],
    "target_name": "cube"
  },
  "top_2d_candidate": {
    "box_xyxy": [
      58.56211471557617,
      72.52340698242188,
      63.32920455932617,
      79.0711669921875
    ],
    "clip_score": 0.0,
    "det_score": 0.7497910261154175,
    "fused_2d_score": 0.7497910261154175,
    "image_crop_path": null,
    "metadata": {
      "detector_metadata": {
        "model_id": "IDEA-Research/grounding-dino-tiny"
      },
      "detector_source": "transformers_groundingdino",
      "skip_clip": true
    },
    "phrase": "red cube",
    "rank": 0,
    "source": "detector_only"
  },
  "top_candidate_3d": {
    "box_area": 48,
    "box_xyxy": [
      58.56211471557617,
      72.52340698242188,
      63.32920455932617,
      79.0711669921875
    ],
    "camera_xyz": [
      -0.03133593872189522,
      0.11578906327486038,
      0.6419999599456787
    ],
    "depth_valid_ratio": 0.9166666666666666,
    "grasp_camera_xyz": [
      -0.03999999910593033,
      0.14000000059604645,
      0.6399999856948853
    ],
    "grasp_metadata": {
      "applied": true,
      "component_count": 1,
      "component_fallback_reason": null,
      "component_radius": 0.03,
      "component_selection_strategy": "largest_component_then_low_spread",
      "component_sizes": [
        18
      ],
      "elevated_point_count": 18,
      "elevated_z_offset": 0.015,
      "fallback_reason": null,
      "local_support_point_count": 17,
      "local_support_radius": 0.04,
      "local_support_z_margin": 0.012,
      "min_elevated_points": 12,
      "min_points": 20,
      "num_workspace_points": 44,
      "reason": "component_elevated_xy_with_local_support_z",
      "selected_component_size": 18,
      "selected_component_spread": 0.023297201842069626,
      "selected_component_xy": [
        -0.007532984018325806,
        -0.034398436546325684
      ],
      "strategy": "workspace_elevated_xy_low_z",
      "support_z": 0.003728628158569336,
      "support_z_percentile": 10.0,
      "workspace_bounds": {
        "abs_x_max": 0.2,
        "abs_y_max": 0.2,
        "z_max": 0.08,
        "z_min": -0.02
      }
    },
    "grasp_num_points": 18,
    "grasp_world_xyz": [
      -0.007532984018325806,
      -0.034398436546325684,
      0.0037578940391540527
    ],
    "metadata": {
      "box_bounds_xyxy_exclusive": [
        58,
        72,
        64,
        80
      ],
      "box_center_world_xyz": [
        0.0034650564193725586,
        -0.029062500223517418,
        0.043240584433078766
      ],
      "camera_frame_conversion": "opencv_to_opengl",
      "center_strategy": "median",
      "extrinsics_source": "sensor_param.base_camera.cam2world_gl",
      "intrinsics_source": "provided"
    },
    "num_points": 44,
    "point_cloud_path": null,
    "segmentation_id": null,
    "world_xyz": [
      -0.007532984018325806,
      -0.03133593872189522,
      0.007964849472045898
    ]
  }
}