{
  "candidates_3d": [
    {
      "box_area": 72,
      "box_xyxy": [
        75.49324035644531,
        79.45980834960938,
        82.32672119140625,
        87.42105102539062
      ],
      "camera_xyz": [
        0.13548356294631958,
        0.174588143825531,
        0.5965402722358704
      ],
      "depth_valid_ratio": 1.0,
      "grasp_camera_xyz": [
        0.1302323043346405,
        0.20465075969696045,
        0.5953476428985596
      ],
      "grasp_metadata": {
        "applied": true,
        "component_count": 1,
        "component_fallback_reason": null,
        "component_radius": 0.03,
        "component_selection_strategy": "largest_component_then_low_spread",
        "component_sizes": [
          28
        ],
        "elevated_point_count": 28,
        "elevated_z_offset": 0.015,
        "fallback_reason": null,
        "local_support_point_count": 23,
        "local_support_radius": 0.04,
        "local_support_z_margin": 0.012,
        "min_elevated_points": 12,
        "min_points": 20,
        "num_workspace_points": 72,
        "reason": "component_elevated_xy_with_local_support_z",
        "selected_component_size": 28,
        "selected_component_spread": 0.027119537815451622,
        "selected_component_xy": [
          0.0743013545870781,
          0.13197316229343414
        ],
        "strategy": "workspace_elevated_xy_low_z",
        "support_z": 0.00045270909322425723,
        "support_z_percentile": 10.0,
        "workspace_bounds": {
          "abs_x_max": 0.2,
          "abs_y_max": 0.2,
          "z_max": 0.08,
          "z_min": -0.02
        }
      },
      "grasp_num_points": 28,
      "grasp_world_xyz": [
        0.0743013545870781,
        0.13197316229343414,
        0.006243586540222168
      ],
      "metadata": {
        "box_bounds_xyxy_exclusive": [
          75,
          79,
          83,
          88
        ],
        "box_center_world_xyz": [
          0.07534593343734741,
          0.1340206116437912,
          0.04743476212024689
        ],
        "camera_frame_conversion": "opencv_to_opengl",
        "center_strategy": "median",
        "extrinsics_source": "sensor_param.base_camera.cam2world_gl",
        "intrinsics_source": "provided"
      },
      "num_points": 72,
      "point_cloud_path": null,
      "segmentation_id": null,
      "world_xyz": [
        0.06604407727718353,
        0.13548356294631958,
        0.009247243404388428
      ]
    }
  ]
}