{
  "candidates_3d": [
    {
      "box_area": 56,
      "box_xyxy": [
        51.72909164428711,
        66.6364517211914,
        57.46676254272461,
        73.2829360961914
      ],
      "camera_xyz": [
        -0.10578124970197678,
        0.05912499874830246,
        0.6940000057220459
      ],
      "depth_valid_ratio": 1.0,
      "grasp_camera_xyz": [
        -0.09646874666213989,
        0.08574999868869781,
        0.6859999895095825
      ],
      "grasp_metadata": {
        "applied": true,
        "component_count": 1,
        "component_fallback_reason": null,
        "component_radius": 0.03,
        "component_selection_strategy": "largest_component_then_low_spread",
        "component_sizes": [
          18
        ],
        "elevated_point_count": 18,
        "elevated_z_offset": 0.015,
        "fallback_reason": null,
        "local_support_point_count": 17,
        "local_support_radius": 0.04,
        "local_support_z_margin": 0.012,
        "min_elevated_points": 12,
        "min_points": 20,
        "num_workspace_points": 55,
        "reason": "component_elevated_xy_with_local_support_z",
        "selected_component_size": 18,
        "selected_component_spread": 0.021858710795640945,
        "selected_component_xy": [
          -0.07331506907939911,
          -0.10359375178813934
        ],
        "strategy": "workspace_elevated_xy_low_z",
        "support_z": 0.0037168979179114103,
        "support_z_percentile": 10.0,
        "workspace_bounds": {
          "abs_x_max": 0.2,
          "abs_y_max": 0.2,
          "z_max": 0.08,
          "z_min": -0.02
        }
      },
      "grasp_num_points": 18,
      "grasp_world_xyz": [
        -0.07331506907939911,
        -0.10359375178813934,
        0.004001975059509277
      ],
      "metadata": {
        "box_bounds_xyxy_exclusive": [
          51,
          66,
          58,
          74
        ],
        "box_center_world_xyz": [
          -0.06563694775104523,
          -0.10359375178813934,
          0.0434553325176239
        ],
        "camera_frame_conversion": "opencv_to_opengl",
        "center_strategy": "median",
        "extrinsics_source": "sensor_param.base_camera.cam2world_gl",
        "intrinsics_source": "provided"
      },
      "num_points": 56,
      "point_cloud_path": null,
      "segmentation_id": null,
      "world_xyz": [
        -0.07840780913829803,
        -0.10578124970197678,
        0.004060506820678711
      ]
    }
  ]
}