{
  "query": {
    "attributes": [
      "red"
    ],
    "normalized_prompt": "red cube",
    "raw_query": "red cube",
    "relations": [],
    "synonyms": [
      "cube",
      "block"
    ],
    "target_name": "cube"
  },
  "top_2d_candidate": {
    "box_xyxy": [
      69.58827209472656,
      67.54120635986328,
      74.39436340332031,
      73.1630630493164
    ],
    "clip_score": 0.0,
    "det_score": 0.5096944570541382,
    "fused_2d_score": 0.5096944570541382,
    "image_crop_path": null,
    "metadata": {
      "detector_metadata": {
        "model_id": "IDEA-Research/grounding-dino-tiny"
      },
      "detector_source": "transformers_groundingdino",
      "skip_clip": true
    },
    "phrase": "red cube",
    "rank": 0,
    "source": "detector_only"
  },
  "top_candidate_3d": {
    "box_area": 42,
    "box_xyxy": [
      69.58827209472656,
      67.54120635986328,
      74.39436340332031,
      73.1630630493164
    ],
    "camera_xyz": [
      0.07339062541723251,
      0.06656249612569809,
      0.6819999814033508
    ],
    "depth_valid_ratio": 0.7857142857142857,
    "grasp_camera_xyz": [
      0.07481250166893005,
      0.06964843720197678,
      0.6840000152587891
    ],
    "grasp_metadata": {
      "applied": true,
      "component_count": 1,
      "component_fallback_reason": "too_few_elevated_points",
      "component_radius": 0.03,
      "component_selection_strategy": "largest_workspace_component_then_low_spread",
      "component_sizes": [
        30
      ],
      "elevated_point_count": 11,
      "elevated_z_offset": 0.015,
      "fallback_reason": "too_few_elevated_points",
      "local_support_point_count": 0,
      "local_support_radius": 0.04,
      "local_support_z_margin": 0.012,
      "min_elevated_points": 12,
      "min_points": 20,
      "num_workspace_points": 30,
      "reason": "workspace_filter_passed",
      "selected_component_size": 30,
      "selected_component_spread": 0.05415700748562813,
      "selected_component_xy": [
        -0.06579798460006714,
        0.07481250166893005
      ],
      "strategy": "workspace_elevated_xy_low_z",
      "support_z": 0.003882837248966098,
      "support_z_percentile": 10.0,
      "workspace_bounds": {
        "abs_x_max": 0.2,
        "abs_y_max": 0.2,
        "z_max": 0.08,
        "z_min": -0.02
      }
    },
    "grasp_num_points": 30,
    "grasp_world_xyz": [
      -0.06579798460006714,
      0.07481250166893005,
      0.009243518114089966
    ],
    "metadata": {
      "box_bounds_xyxy_exclusive": [
        69,
        67,
        75,
        74
      ],
      "box_center_world_xyz": [
        -0.06563694775104523,
        0.08287499845027924,
        0.0434553325176239
      ],
      "camera_frame_conversion": "opencv_to_opengl",
      "center_strategy": "median",
      "extrinsics_source": "sensor_param.base_camera.cam2world_gl",
      "intrinsics_source": "provided"
    },
    "num_points": 33,
    "point_cloud_path": null,
    "segmentation_id": null,
    "world_xyz": [
      -0.06563693284988403,
      0.07339062541723251,
      0.014192283153533936
    ]
  }
}