{
  "candidates_3d": [
    {
      "box_area": 24,
      "box_xyxy": [
        60.63613510131836,
        76.4225082397461,
        65.28239440917969,
        79.36229705810547
      ],
      "camera_xyz": [
        -0.010046875104308128,
        0.13693749904632568,
        0.6320000290870667
      ],
      "depth_valid_ratio": 0.7916666666666666,
      "grasp_camera_xyz": null,
      "grasp_metadata": {
        "applied": false,
        "component_radius": 0.03,
        "elevated_z_offset": 0.015,
        "local_support_radius": 0.04,
        "local_support_z_margin": 0.012,
        "min_elevated_points": 12,
        "min_points": 20,
        "num_workspace_points": 14,
        "reason": "too_few_workspace_points",
        "strategy": "workspace_elevated_xy_low_z",
        "support_z_percentile": 10.0,
        "workspace_bounds": {
          "abs_x_max": 0.2,
          "abs_y_max": 0.2,
          "z_max": 0.08,
          "z_min": -0.02
        }
      },
      "grasp_num_points": 14,
      "grasp_world_xyz": null,
      "metadata": {
        "box_bounds_xyxy_exclusive": [
          60,
          76,
          66,
          80
        ],
        "box_center_world_xyz": [
          0.013147816061973572,
          -0.009875000454485416,
          0.020126841962337494
        ],
        "camera_frame_conversion": "opencv_to_opengl",
        "center_strategy": "median",
        "extrinsics_source": "sensor_param.base_camera.cam2world_gl",
        "intrinsics_source": "provided"
      },
      "num_points": 19,
      "point_cloud_path": null,
      "segmentation_id": null,
      "world_xyz": [
        0.016000449657440186,
        -0.010046875104308128,
        0.020126819610595703
      ]
    }
  ]
}