{
  "candidates_3d": [
    {
      "box_area": 81,
      "box_xyxy": [
        45.6014404296875,
        75.53404235839844,
        53.175559997558594,
        83.309814453125
      ],
      "camera_xyz": [
        -0.14399273693561554,
        0.1421305239200592,
        0.6321060657501221
      ],
      "depth_valid_ratio": 1.0,
      "grasp_camera_xyz": [
        -0.13985881209373474,
        0.16982856392860413,
        0.6393545866012573
      ],
      "grasp_metadata": {
        "applied": true,
        "component_count": 1,
        "component_fallback_reason": null,
        "component_radius": 0.03,
        "component_selection_strategy": "largest_component_then_low_spread",
        "component_sizes": [
          44
        ],
        "elevated_point_count": 44,
        "elevated_z_offset": 0.015,
        "fallback_reason": null,
        "local_support_point_count": 15,
        "local_support_radius": 0.04,
        "local_support_z_margin": 0.012,
        "min_elevated_points": 12,
        "min_points": 20,
        "num_workspace_points": 80,
        "reason": "component_elevated_xy_with_local_support_z",
        "selected_component_size": 44,
        "selected_component_spread": 0.052405864000320435,
        "selected_component_xy": [
          0.02862076461315155,
          -0.1503055840730667
        ],
        "strategy": "workspace_elevated_xy_low_z",
        "support_z": -0.006567269563674927,
        "support_z_percentile": 10.0,
        "workspace_bounds": {
          "abs_x_max": 0.2,
          "abs_y_max": 0.2,
          "z_max": 0.08,
          "z_min": -0.02
        }
      },
      "grasp_num_points": 44,
      "grasp_world_xyz": [
        0.02862076461315155,
        -0.1503055840730667,
        -0.00475698709487915
      ],
      "metadata": {
        "box_bounds_xyxy_exclusive": [
          45,
          75,
          54,
          84
        ],
        "box_center_world_xyz": [
          0.03448320925235748,
          -0.14089533686637878,
          0.042561449110507965
        ],
        "camera_frame_conversion": "opencv_to_opengl",
        "center_strategy": "median",
        "extrinsics_source": "sensor_param.base_camera.cam2world_gl",
        "intrinsics_source": "provided"
      },
      "num_points": 81,
      "point_cloud_path": null,
      "segmentation_id": null,
      "world_xyz": [
        0.027642011642456055,
        -0.14399273693561554,
        0.011709272861480713
      ]
    }
  ]
}