{
  "candidates_3d": [
    {
      "box_area": 56,
      "box_xyxy": [
        51.58230209350586,
        74.49482727050781,
        57.40239334106445,
        81.3038330078125
      ],
      "camera_xyz": [
        -0.09578124433755875,
        0.1327812522649765,
        0.6299999952316284
      ],
      "depth_valid_ratio": 0.9107142857142857,
      "grasp_camera_xyz": [
        -0.09843750298023224,
        0.16734375059604645,
        0.6299999952316284
      ],
      "grasp_metadata": {
        "applied": true,
        "component_count": 1,
        "component_fallback_reason": null,
        "component_radius": 0.03,
        "component_selection_strategy": "largest_component_then_low_spread",
        "component_sizes": [
          21
        ],
        "elevated_point_count": 21,
        "elevated_z_offset": 0.015,
        "fallback_reason": null,
        "local_support_point_count": 15,
        "local_support_radius": 0.04,
        "local_support_z_margin": 0.012,
        "min_elevated_points": 12,
        "min_points": 20,
        "num_workspace_points": 49,
        "reason": "component_elevated_xy_with_local_support_z",
        "selected_component_size": 21,
        "selected_component_spread": 0.0254436694085598,
        "selected_component_xy": [
          0.014292299747467041,
          -0.09468749910593033
        ],
        "strategy": "workspace_elevated_xy_low_z",
        "support_z": 0.0035138726234436035,
        "support_z_percentile": 10.0,
        "workspace_bounds": {
          "abs_x_max": 0.2,
          "abs_y_max": 0.2,
          "z_max": 0.08,
          "z_min": -0.02
        }
      },
      "grasp_num_points": 21,
      "grasp_world_xyz": [
        0.014292299747467041,
        -0.09468749910593033,
        0.0036115050315856934
      ],
      "metadata": {
        "box_bounds_xyxy_exclusive": [
          51,
          74,
          58,
          82
        ],
        "box_center_world_xyz": [
          0.02449483424425125,
          -0.09484374523162842,
          0.043064892292022705
        ],
        "camera_frame_conversion": "opencv_to_opengl",
        "center_strategy": "median",
        "extrinsics_source": "sensor_param.base_camera.cam2world_gl",
        "intrinsics_source": "provided"
      },
      "num_points": 51,
      "point_cloud_path": null,
      "segmentation_id": null,
      "world_xyz": [
        0.014292299747467041,
        -0.09578124433755875,
        0.004041016101837158
      ]
    }
  ]
}