{
  "candidates_3d": [
    {
      "box_area": 80,
      "box_xyxy": [
        58.54429626464844,
        91.57603454589844,
        65.36311340332031,
        100.23249816894531
      ],
      "camera_xyz": [
        -0.02074086293578148,
        0.25916603207588196,
        0.5280061960220337
      ],
      "depth_valid_ratio": 1.0,
      "grasp_camera_xyz": [
        -0.008495014160871506,
        0.2888304889202118,
        0.5436809062957764
      ],
      "grasp_metadata": {
        "applied": true,
        "component_count": 1,
        "component_fallback_reason": null,
        "component_radius": 0.03,
        "component_selection_strategy": "largest_component_then_low_spread",
        "component_sizes": [
          43
        ],
        "elevated_point_count": 43,
        "elevated_z_offset": 0.015,
        "fallback_reason": null,
        "local_support_point_count": 16,
        "local_support_radius": 0.04,
        "local_support_z_margin": 0.012,
        "min_elevated_points": 12,
        "min_points": 20,
        "num_workspace_points": 71,
        "reason": "component_elevated_xy_with_local_support_z",
        "selected_component_size": 43,
        "selected_component_spread": 0.03913554921746254,
        "selected_component_xy": [
          0.17336170375347137,
          -0.02345523238182068
        ],
        "strategy": "workspace_elevated_xy_low_z",
        "support_z": -0.006996870040893555,
        "support_z_percentile": 10.0,
        "workspace_bounds": {
          "abs_x_max": 0.2,
          "abs_y_max": 0.2,
          "z_max": 0.08,
          "z_min": -0.02
        }
      },
      "grasp_num_points": 43,
      "grasp_world_xyz": [
        0.17336170375347137,
        -0.02345523238182068,
        -0.004020005464553833
      ],
      "metadata": {
        "box_bounds_xyxy_exclusive": [
          58,
          91,
          66,
          101
        ],
        "box_center_world_xyz": [
          0.18158921599388123,
          -0.015795812010765076,
          0.047416359186172485
        ],
        "camera_frame_conversion": "opencv_to_opengl",
        "center_strategy": "median",
        "extrinsics_source": "sensor_param.base_camera.cam2world_gl",
        "intrinsics_source": "provided"
      },
      "num_points": 80,
      "point_cloud_path": null,
      "segmentation_id": null,
      "world_xyz": [
        0.17656546831130981,
        -0.02074086293578148,
        0.013272136449813843
      ]
    }
  ]
}