{
  "query": {
    "attributes": [
      "red"
    ],
    "normalized_prompt": "red cube",
    "raw_query": "red cube",
    "relations": [],
    "synonyms": [
      "cube",
      "block"
    ],
    "target_name": "cube"
  },
  "top_2d_candidate": {
    "box_xyxy": [
      56.57734298706055,
      78.37871551513672,
      62.29832077026367,
      85.1137924194336
    ],
    "clip_score": 0.0,
    "det_score": 0.7211394906044006,
    "fused_2d_score": 0.7211394906044006,
    "image_crop_path": null,
    "metadata": {
      "detector_metadata": {
        "model_id": "IDEA-Research/grounding-dino-tiny"
      },
      "detector_source": "transformers_groundingdino",
      "skip_clip": true
    },
    "phrase": "red cube",
    "rank": 0,
    "source": "detector_only"
  },
  "top_candidate_3d": {
    "box_area": 56,
    "box_xyxy": [
      56.57734298706055,
      78.37871551513672,
      62.29832077026367,
      85.1137924194336
    ],
    "camera_xyz": [
      -0.047578126192092896,
      0.16368749737739563,
      0.6050000190734863
    ],
    "depth_valid_ratio": 0.7678571428571429,
    "grasp_camera_xyz": [
      -0.047578126192092896,
      0.19031250476837158,
      0.609000027179718
    ],
    "grasp_metadata": {
      "applied": true,
      "component_count": 1,
      "component_fallback_reason": null,
      "component_radius": 0.03,
      "component_selection_strategy": "largest_component_then_low_spread",
      "component_sizes": [
        16
      ],
      "elevated_point_count": 16,
      "elevated_z_offset": 0.015,
      "fallback_reason": null,
      "local_support_point_count": 18,
      "local_support_radius": 0.04,
      "local_support_z_margin": 0.012,
      "min_elevated_points": 12,
      "min_points": 20,
      "num_workspace_points": 43,
      "reason": "component_elevated_xy_with_local_support_z",
      "selected_component_size": 16,
      "selected_component_spread": 0.02482244372367859,
      "selected_component_xy": [
        0.05464126169681549,
        -0.054750002920627594
      ],
      "strategy": "workspace_elevated_xy_low_z",
      "support_z": 0.0035626888275146484,
      "support_z_percentile": 10.0,
      "workspace_bounds": {
        "abs_x_max": 0.2,
        "abs_y_max": 0.2,
        "z_max": 0.08,
        "z_min": -0.02
      }
    },
    "grasp_num_points": 16,
    "grasp_world_xyz": [
      0.05464126169681549,
      -0.054750002920627594,
      0.0036115050315856934
    ],
    "metadata": {
      "box_bounds_xyxy_exclusive": [
        56,
        78,
        63,
        86
      ],
      "box_center_world_xyz": [
        0.06424592435359955,
        -0.04546875134110451,
        0.04327962547540665
      ],
      "camera_frame_conversion": "opencv_to_opengl",
      "center_strategy": "median",
      "extrinsics_source": "sensor_param.base_camera.cam2world_gl",
      "intrinsics_source": "provided"
    },
    "num_points": 43,
    "point_cloud_path": null,
    "segmentation_id": null,
    "world_xyz": [
      0.05464126169681549,
      -0.047578126192092896,
      0.003777444362640381
    ]
  }
}