{
  "query": {
    "attributes": [
      "red"
    ],
    "normalized_prompt": "red cube",
    "raw_query": "red cube",
    "relations": [],
    "synonyms": [
      "cube",
      "block"
    ],
    "target_name": "cube"
  },
  "top_2d_candidate": {
    "box_xyxy": [
      58.600807189941406,
      75.49441528320312,
      64.33235168457031,
      82.10910034179688
    ],
    "clip_score": 0.0,
    "det_score": 0.7457419037818909,
    "fused_2d_score": 0.7457419037818909,
    "image_crop_path": null,
    "metadata": {
      "detector_metadata": {
        "model_id": "IDEA-Research/grounding-dino-tiny"
      },
      "detector_source": "transformers_groundingdino",
      "skip_clip": true
    },
    "phrase": "red cube",
    "rank": 0,
    "source": "detector_only"
  },
  "top_candidate_3d": {
    "box_area": 56,
    "box_xyxy": [
      58.600807189941406,
      75.49441528320312,
      64.33235168457031,
      82.10910034179688
    ],
    "camera_xyz": [
      -0.029222998768091202,
      0.14120715856552124,
      0.6271591186523438
    ],
    "depth_valid_ratio": 1.0,
    "grasp_camera_xyz": [
      -0.029254691675305367,
      0.1657765805721283,
      0.6241000890731812
    ],
    "grasp_metadata": {
      "applied": true,
      "component_count": 1,
      "component_fallback_reason": null,
      "component_radius": 0.03,
      "component_selection_strategy": "largest_component_then_low_spread",
      "component_sizes": [
        23
      ],
      "elevated_point_count": 23,
      "elevated_z_offset": 0.015,
      "fallback_reason": null,
      "local_support_point_count": 20,
      "local_support_radius": 0.04,
      "local_support_z_margin": 0.012,
      "min_elevated_points": 12,
      "min_points": 20,
      "num_workspace_points": 56,
      "reason": "component_elevated_xy_with_local_support_z",
      "selected_component_size": 23,
      "selected_component_spread": 0.02428618259727955,
      "selected_component_xy": [
        0.026133090257644653,
        -0.028319355100393295
      ],
      "strategy": "workspace_elevated_xy_low_z",
      "support_z": -0.00045675039291381836,
      "support_z_percentile": 10.0,
      "workspace_bounds": {
        "abs_x_max": 0.2,
        "abs_y_max": 0.2,
        "z_max": 0.08,
        "z_min": -0.02
      }
    },
    "grasp_num_points": 23,
    "grasp_world_xyz": [
      0.026133090257644653,
      -0.028319355100393295,
      0.0031685233116149902
    ],
    "metadata": {
      "box_bounds_xyxy_exclusive": [
        58,
        75,
        65,
        83
      ],
      "box_center_world_xyz": [
        0.03239939361810684,
        -0.028400219976902008,
        0.038186609745025635
      ],
      "camera_frame_conversion": "opencv_to_opengl",
      "center_strategy": "median",
      "extrinsics_source": "sensor_param.base_camera.cam2world_gl",
      "intrinsics_source": "provided"
    },
    "num_points": 56,
    "point_cloud_path": null,
    "segmentation_id": null,
    "world_xyz": [
      0.02453039586544037,
      -0.029222998768091202,
      0.009400248527526855
    ]
  }
}