{
  "query": {
    "attributes": [
      "red"
    ],
    "normalized_prompt": "red cube",
    "raw_query": "red cube",
    "relations": [],
    "synonyms": [
      "cube",
      "block"
    ],
    "target_name": "cube"
  },
  "top_2d_candidate": {
    "box_xyxy": [
      58.573760986328125,
      78.46333312988281,
      64.27549743652344,
      85.1854248046875
    ],
    "clip_score": 0.0,
    "det_score": 0.7253604531288147,
    "fused_2d_score": 0.7253604531288147,
    "image_crop_path": null,
    "metadata": {
      "detector_metadata": {
        "model_id": "IDEA-Research/grounding-dino-tiny"
      },
      "detector_source": "transformers_groundingdino",
      "skip_clip": true
    },
    "phrase": "red cube",
    "rank": 0,
    "source": "detector_only"
  },
  "top_candidate_3d": {
    "box_area": 56,
    "box_xyxy": [
      58.573760986328125,
      78.46333312988281,
      64.27549743652344,
      85.1854248046875
    ],
    "camera_xyz": [
      -0.027796875685453415,
      0.16368749737739563,
      0.6050000190734863
    ],
    "depth_valid_ratio": 0.7321428571428571,
    "grasp_camera_xyz": [
      -0.04765625298023224,
      0.1810937523841858,
      0.6100000143051147
    ],
    "grasp_metadata": {
      "applied": true,
      "component_count": 1,
      "component_fallback_reason": null,
      "component_radius": 0.03,
      "component_selection_strategy": "largest_component_then_low_spread",
      "component_sizes": [
        15
      ],
      "elevated_point_count": 15,
      "elevated_z_offset": 0.015,
      "fallback_reason": null,
      "local_support_point_count": 16,
      "local_support_radius": 0.04,
      "local_support_z_margin": 0.012,
      "min_elevated_points": 12,
      "min_points": 20,
      "num_workspace_points": 41,
      "reason": "component_elevated_xy_with_local_support_z",
      "selected_component_size": 15,
      "selected_component_spread": 0.021417323499917984,
      "selected_component_xy": [
        0.05464126169681549,
        -0.027843749150633812
      ],
      "strategy": "workspace_elevated_xy_low_z",
      "support_z": 0.0035626888275146484,
      "support_z_percentile": 10.0,
      "workspace_bounds": {
        "abs_x_max": 0.2,
        "abs_y_max": 0.2,
        "z_max": 0.08,
        "z_min": -0.02
      }
    },
    "grasp_num_points": 15,
    "grasp_world_xyz": [
      0.05464126169681549,
      -0.027843749150633812,
      0.0035626888275146484
    ],
    "metadata": {
      "box_bounds_xyxy_exclusive": [
        58,
        78,
        65,
        86
      ],
      "box_center_world_xyz": [
        0.06424592435359955,
        -0.027281250804662704,
        0.04327962547540665
      ],
      "camera_frame_conversion": "opencv_to_opengl",
      "center_strategy": "median",
      "extrinsics_source": "sensor_param.base_camera.cam2world_gl",
      "intrinsics_source": "provided"
    },
    "num_points": 41,
    "point_cloud_path": null,
    "segmentation_id": null,
    "world_xyz": [
      0.05464126169681549,
      -0.027796875685453415,
      0.003777444362640381
    ]
  }
}