{
  "candidates_3d": [
    {
      "box_area": 24,
      "box_xyxy": [
        59.54710388183594,
        74.61589050292969,
        64.31095123291016,
        77.43333435058594
      ],
      "camera_xyz": [
        -0.02006250061094761,
        0.11605468392372131,
        0.6549999713897705
      ],
      "depth_valid_ratio": 0.9166666666666666,
      "grasp_camera_xyz": null,
      "grasp_metadata": {
        "applied": false,
        "component_radius": 0.03,
        "elevated_z_offset": 0.015,
        "local_support_radius": 0.04,
        "local_support_z_margin": 0.012,
        "min_elevated_points": 12,
        "min_points": 20,
        "num_workspace_points": 13,
        "reason": "too_few_workspace_points",
        "strategy": "workspace_elevated_xy_low_z",
        "support_z_percentile": 10.0,
        "workspace_bounds": {
          "abs_x_max": 0.2,
          "abs_y_max": 0.2,
          "z_max": 0.08,
          "z_min": -0.02
        }
      },
      "grasp_num_points": 13,
      "grasp_world_xyz": null,
      "metadata": {
        "box_bounds_xyxy_exclusive": [
          59,
          74,
          65,
          78
        ],
        "box_center_world_xyz": [
          -0.013753093779087067,
          -0.020500000566244125,
          0.010912582278251648
        ],
        "camera_frame_conversion": "opencv_to_opengl",
        "center_strategy": "median",
        "extrinsics_source": "sensor_param.base_camera.cam2world_gl",
        "intrinsics_source": "provided"
      },
      "num_points": 22,
      "point_cloud_path": null,
      "segmentation_id": null,
      "world_xyz": [
        -0.006215274333953857,
        -0.02006250061094761,
        0.011810630559921265
      ]
    }
  ]
}