{
  "candidates_3d": [
    {
      "box_area": 64,
      "box_xyxy": [
        76.50547790527344,
        71.49043273925781,
        83.28680419921875,
        78.29678344726562
      ],
      "camera_xyz": [
        0.15674999356269836,
        0.10609374940395355,
        0.6570000052452087
      ],
      "depth_valid_ratio": 0.890625,
      "grasp_camera_xyz": [
        0.14371874928474426,
        0.1334531307220459,
        0.6570000052452087
      ],
      "grasp_metadata": {
        "applied": true,
        "component_count": 1,
        "component_fallback_reason": null,
        "component_radius": 0.03,
        "component_selection_strategy": "largest_component_then_low_spread",
        "component_sizes": [
          18
        ],
        "elevated_point_count": 18,
        "elevated_z_offset": 0.015,
        "fallback_reason": null,
        "local_support_point_count": 19,
        "local_support_radius": 0.04,
        "local_support_z_margin": 0.012,
        "min_elevated_points": 12,
        "min_points": 20,
        "num_workspace_points": 53,
        "reason": "component_elevated_xy_with_local_support_z",
        "selected_component_size": 18,
        "selected_component_spread": 0.025969265028834343,
        "selected_component_xy": [
          -0.018199175596237183,
          0.15431249141693115
        ],
        "strategy": "workspace_elevated_xy_low_z",
        "support_z": 0.0036017298698425293,
        "support_z_percentile": 10.0,
        "workspace_bounds": {
          "abs_x_max": 0.2,
          "abs_y_max": 0.2,
          "z_max": 0.08,
          "z_min": -0.02
        }
      },
      "grasp_num_points": 18,
      "grasp_world_xyz": [
        -0.018199175596237183,
        0.15431249141693115,
        0.0036115050315856934
      ],
      "metadata": {
        "box_bounds_xyxy_exclusive": [
          76,
          71,
          84,
          79
        ],
        "box_center_world_xyz": [
          -0.007532969117164612,
          0.15674999356269836,
          0.04307466000318527
        ],
        "camera_frame_conversion": "opencv_to_opengl",
        "center_strategy": "median",
        "extrinsics_source": "sensor_param.base_camera.cam2world_gl",
        "intrinsics_source": "provided"
      },
      "num_points": 57,
      "point_cloud_path": null,
      "segmentation_id": null,
      "world_xyz": [
        -0.018199175596237183,
        0.15674999356269836,
        0.0038847923278808594
      ]
    }
  ]
}