{
  "query": {
    "attributes": [
      "red"
    ],
    "normalized_prompt": "red cube",
    "raw_query": "red cube",
    "relations": [],
    "synonyms": [
      "cube",
      "block"
    ],
    "target_name": "cube"
  },
  "top_2d_candidate": {
    "box_xyxy": [
      67.49702453613281,
      80.48796844482422,
      74.38742065429688,
      88.22266387939453
    ],
    "clip_score": 0.0,
    "det_score": 0.5667474269866943,
    "fused_2d_score": 0.5667474269866943,
    "image_crop_path": null,
    "metadata": {
      "detector_metadata": {
        "model_id": "IDEA-Research/grounding-dino-tiny"
      },
      "detector_source": "transformers_groundingdino",
      "skip_clip": true
    },
    "phrase": "red cube",
    "rank": 0,
    "source": "detector_only"
  },
  "top_candidate_3d": {
    "box_area": 72,
    "box_xyxy": [
      67.49702453613281,
      80.48796844482422,
      74.38742065429688,
      88.22266387939453
    ],
    "camera_xyz": [
      0.0628359317779541,
      0.18377342820167542,
      0.5929999947547913
    ],
    "depth_valid_ratio": 0.8055555555555556,
    "grasp_camera_xyz": [
      0.07400000095367432,
      0.20350000262260437,
      0.5920000076293945
    ],
    "grasp_metadata": {
      "applied": true,
      "component_count": 1,
      "component_fallback_reason": null,
      "component_radius": 0.03,
      "component_selection_strategy": "largest_component_then_low_spread",
      "component_sizes": [
        20
      ],
      "elevated_point_count": 20,
      "elevated_z_offset": 0.015,
      "fallback_reason": null,
      "local_support_point_count": 21,
      "local_support_radius": 0.04,
      "local_support_z_margin": 0.012,
      "min_elevated_points": 12,
      "min_points": 20,
      "num_workspace_points": 58,
      "reason": "component_elevated_xy_with_local_support_z",
      "selected_component_size": 20,
      "selected_component_spread": 0.024762243032455444,
      "selected_component_xy": [
        0.0792093425989151,
        0.06250781565904617
      ],
      "strategy": "workspace_elevated_xy_low_z",
      "support_z": 0.003103911876678467,
      "support_z_percentile": 10.0,
      "workspace_bounds": {
        "abs_x_max": 0.2,
        "abs_y_max": 0.2,
        "z_max": 0.08,
        "z_min": -0.02
      }
    },
    "grasp_num_points": 20,
    "grasp_world_xyz": [
      0.0792093425989151,
      0.06250781565904617,
      0.0036310553550720215
    ],
    "metadata": {
      "box_bounds_xyxy_exclusive": [
        67,
        80,
        75,
        89
      ],
      "box_center_world_xyz": [
        0.08301608264446259,
        0.06234375014901161,
        0.043631039559841156
      ],
      "camera_frame_conversion": "opencv_to_opengl",
      "center_strategy": "median",
      "extrinsics_source": "sensor_param.base_camera.cam2world_gl",
      "intrinsics_source": "provided"
    },
    "num_points": 58,
    "point_cloud_path": null,
    "segmentation_id": null,
    "world_xyz": [
      0.08022935688495636,
      0.0628359317779541,
      0.00392875075340271
    ]
  }
}