{
  "candidates_3d": [
    {
      "box_area": 56,
      "box_xyxy": [
        80.55284881591797,
        71.66707611083984,
        86.42540740966797,
        78.38878631591797
      ],
      "camera_xyz": [
        0.19029687345027924,
        0.10776562243700027,
        0.6499999761581421
      ],
      "depth_valid_ratio": 0.7678571428571429,
      "grasp_camera_xyz": [
        0.17425000667572021,
        0.13324999809265137,
        0.656000018119812
      ],
      "grasp_metadata": {
        "applied": true,
        "component_count": 1,
        "component_fallback_reason": null,
        "component_radius": 0.03,
        "component_selection_strategy": "largest_component_then_low_spread",
        "component_sizes": [
          12
        ],
        "elevated_point_count": 12,
        "elevated_z_offset": 0.015,
        "fallback_reason": null,
        "local_support_point_count": 9,
        "local_support_radius": 0.04,
        "local_support_z_margin": 0.012,
        "min_elevated_points": 12,
        "min_points": 20,
        "num_workspace_points": 27,
        "reason": "component_elevated_xy_with_local_support_z",
        "selected_component_size": 12,
        "selected_component_spread": 0.018450388684868813,
        "selected_component_xy": [
          -0.012437820434570312,
          0.18703123927116394
        ],
        "strategy": "workspace_elevated_xy_low_z",
        "support_z": 0.0036115050315856934,
        "support_z_percentile": 10.0,
        "workspace_bounds": {
          "abs_x_max": 0.2,
          "abs_y_max": 0.2,
          "z_max": 0.08,
          "z_min": -0.02
        }
      },
      "grasp_num_points": 12,
      "grasp_world_xyz": [
        -0.012437820434570312,
        0.18703123927116394,
        0.0036115050315856934
      ],
      "metadata": {
        "box_bounds_xyxy_exclusive": [
          80,
          71,
          87,
          79
        ],
        "box_center_world_xyz": [
          -0.007532969117164612,
          0.18614061176776886,
          0.04307466000318527
        ],
        "camera_frame_conversion": "opencv_to_opengl",
        "center_strategy": "median",
        "extrinsics_source": "sensor_param.base_camera.cam2world_gl",
        "intrinsics_source": "provided"
      },
      "num_points": 43,
      "point_cloud_path": null,
      "segmentation_id": null,
      "world_xyz": [
        -0.018199175596237183,
        0.19029687345027924,
        0.003992140293121338
      ]
    }
  ]
}