{
  "candidates_3d": [
    {
      "box_area": 81,
      "box_xyxy": [
        43.754310607910156,
        77.55308532714844,
        51.152198791503906,
        85.32708740234375
      ],
      "camera_xyz": [
        -0.15936167538166046,
        0.15965765714645386,
        0.6142577528953552
      ],
      "depth_valid_ratio": 1.0,
      "grasp_camera_xyz": [
        -0.14540423452854156,
        0.17448508739471436,
        0.6203914284706116
      ],
      "grasp_metadata": {
        "applied": true,
        "component_count": 1,
        "component_fallback_reason": null,
        "component_radius": 0.03,
        "component_selection_strategy": "largest_component_then_low_spread",
        "component_sizes": [
          24
        ],
        "elevated_point_count": 24,
        "elevated_z_offset": 0.015,
        "fallback_reason": null,
        "local_support_point_count": 25,
        "local_support_radius": 0.04,
        "local_support_z_margin": 0.012,
        "min_elevated_points": 12,
        "min_points": 20,
        "num_workspace_points": 71,
        "reason": "component_elevated_xy_with_local_support_z",
        "selected_component_size": 24,
        "selected_component_spread": 0.02363934926688671,
        "selected_component_xy": [
          0.05306336283683777,
          -0.1583843231201172
        ],
        "strategy": "workspace_elevated_xy_low_z",
        "support_z": -0.0002503395080566406,
        "support_z_percentile": 10.0,
        "workspace_bounds": {
          "abs_x_max": 0.2,
          "abs_y_max": 0.2,
          "z_max": 0.08,
          "z_min": -0.02
        }
      },
      "grasp_num_points": 24,
      "grasp_world_xyz": [
        0.05306336283683777,
        -0.1583843231201172,
        0.004906773567199707
      ],
      "metadata": {
        "box_bounds_xyxy_exclusive": [
          43,
          77,
          52,
          86
        ],
        "box_center_world_xyz": [
          0.05339490622282028,
          -0.15698088705539703,
          0.04045166075229645
        ],
        "camera_frame_conversion": "opencv_to_opengl",
        "center_strategy": "median",
        "extrinsics_source": "sensor_param.base_camera.cam2world_gl",
        "intrinsics_source": "provided"
      },
      "num_points": 81,
      "point_cloud_path": null,
      "segmentation_id": null,
      "world_xyz": [
        0.04704877734184265,
        -0.15936167538166046,
        0.007632136344909668
      ]
    }
  ]
}