{
  "query": {
    "attributes": [
      "red"
    ],
    "normalized_prompt": "red cube",
    "raw_query": "red cube",
    "relations": [],
    "synonyms": [
      "cube",
      "block"
    ],
    "target_name": "cube"
  },
  "top_2d_candidate": {
    "box_xyxy": [
      68.63314056396484,
      73.48180389404297,
      74.25659942626953,
      79.04251861572266
    ],
    "clip_score": 0.0,
    "det_score": 0.5057572722434998,
    "fused_2d_score": 0.5057572722434998,
    "image_crop_path": null,
    "metadata": {
      "detector_metadata": {
        "model_id": "IDEA-Research/grounding-dino-tiny"
      },
      "detector_source": "transformers_groundingdino",
      "skip_clip": true
    },
    "phrase": "red cube",
    "rank": 0,
    "source": "detector_only"
  },
  "top_candidate_3d": {
    "box_area": 49,
    "box_xyxy": [
      68.63314056396484,
      73.48180389404297,
      74.25659942626953,
      79.04251861572266
    ],
    "camera_xyz": [
      0.06923437863588333,
      0.11625000089406967,
      0.6430000066757202
    ],
    "depth_valid_ratio": 0.7551020408163265,
    "grasp_camera_xyz": [
      0.07912500202655792,
      0.12776562571525574,
      0.6430000066757202
    ],
    "grasp_metadata": {
      "applied": true,
      "component_count": 1,
      "component_fallback_reason": "too_few_elevated_points",
      "component_radius": 0.03,
      "component_selection_strategy": "largest_workspace_component_then_low_spread",
      "component_sizes": [
        29
      ],
      "elevated_point_count": 9,
      "elevated_z_offset": 0.015,
      "fallback_reason": "too_few_elevated_points",
      "local_support_point_count": 0,
      "local_support_radius": 0.04,
      "local_support_z_margin": 0.012,
      "min_elevated_points": 12,
      "min_points": 20,
      "num_workspace_points": 29,
      "reason": "workspace_filter_passed",
      "selected_component_size": 29,
      "selected_component_spread": 0.0412798635661602,
      "selected_component_xy": [
        0.0034650564193725586,
        0.07912500202655792
      ],
      "strategy": "workspace_elevated_xy_low_z",
      "support_z": 0.003609549952670932,
      "support_z_percentile": 10.0,
      "workspace_bounds": {
        "abs_x_max": 0.2,
        "abs_y_max": 0.2,
        "z_max": 0.08,
        "z_min": -0.02
      }
    },
    "grasp_num_points": 29,
    "grasp_world_xyz": [
      0.0034650564193725586,
      0.07912500202655792,
      0.0037578940391540527
    ],
    "metadata": {
      "box_bounds_xyxy_exclusive": [
        68,
        73,
        75,
        80
      ],
      "box_center_world_xyz": [
        -0.0027526170015335083,
        0.06923437863588333,
        0.03156659007072449
      ],
      "camera_frame_conversion": "opencv_to_opengl",
      "center_strategy": "median",
      "extrinsics_source": "sensor_param.base_camera.cam2world_gl",
      "intrinsics_source": "provided"
    },
    "num_points": 37,
    "point_cloud_path": null,
    "segmentation_id": null,
    "world_xyz": [
      0.004978001117706299,
      0.06923437863588333,
      0.008199095726013184
    ]
  }
}