{
  "candidates_3d": [
    {
      "box_area": 56,
      "box_xyxy": [
        61.61758041381836,
        74.59271240234375,
        68.17864227294922,
        80.33094787597656
      ],
      "camera_xyz": [
        0.003007812425494194,
        0.12807032465934753,
        0.6359999775886536
      ],
      "depth_valid_ratio": 1.0,
      "grasp_camera_xyz": [
        0.014664063230156898,
        0.14185938239097595,
        0.6370000243186951
      ],
      "grasp_metadata": {
        "applied": true,
        "component_count": 1,
        "component_fallback_reason": "too_few_elevated_points",
        "component_radius": 0.03,
        "component_selection_strategy": "largest_workspace_component_then_low_spread",
        "component_sizes": [
          40
        ],
        "elevated_point_count": 11,
        "elevated_z_offset": 0.015,
        "fallback_reason": "too_few_elevated_points",
        "local_support_point_count": 0,
        "local_support_radius": 0.04,
        "local_support_z_margin": 0.012,
        "min_elevated_points": 12,
        "min_points": 20,
        "num_workspace_points": 40,
        "reason": "workspace_filter_passed",
        "selected_component_size": 40,
        "selected_component_spread": 0.046668436378240585,
        "selected_component_xy": [
          0.014059260487556458,
          0.014664063230156898
        ],
        "strategy": "workspace_elevated_xy_low_z",
        "support_z": 0.0036017298698425293,
        "support_z_percentile": 10.0,
        "workspace_bounds": {
          "abs_x_max": 0.2,
          "abs_y_max": 0.2,
          "z_max": 0.08,
          "z_min": -0.02
        }
      },
      "grasp_num_points": 40,
      "grasp_world_xyz": [
        0.014059260487556458,
        0.014664063230156898,
        0.004041016101837158
      ],
      "metadata": {
        "box_bounds_xyxy_exclusive": [
          61,
          74,
          69,
          81
        ],
        "box_center_world_xyz": [
          0.014292314648628235,
          0.00957812462002039,
          0.043543197214603424
        ],
        "camera_frame_conversion": "opencv_to_opengl",
        "center_strategy": "median",
        "extrinsics_source": "sensor_param.base_camera.cam2world_gl",
        "intrinsics_source": "provided"
      },
      "num_points": 56,
      "point_cloud_path": null,
      "segmentation_id": null,
      "world_xyz": [
        0.017325475811958313,
        0.003007812425494194,
        0.013030707836151123
      ]
    },
    {
      "box_area": 56,
      "box_xyxy": [
        62.60325622558594,
        84.63420104980469,
        68.35736083984375,
        91.15536499023438
      ],
      "camera_xyz": [
        0.008781250566244125,
        0.20587500929832458,
        0.5709999799728394
      ],
      "depth_valid_ratio": 1.0,
      "grasp_camera_xyz": [
        0.008953125216066837,
        0.23278126120567322,
        0.5730000138282776
      ],
      "grasp_metadata": {
        "applied": true,
        "component_count": 1,
        "component_fallback_reason": null,
        "component_radius": 0.03,
        "component_selection_strategy": "largest_component_then_low_spread",
        "component_sizes": [
          25
        ],
        "elevated_point_count": 25,
        "elevated_z_offset": 0.015,
        "fallback_reason": null,
        "local_support_point_count": 22,
        "local_support_radius": 0.04,
        "local_support_z_margin": 0.012,
        "min_elevated_points": 12,
        "min_points": 20,
        "num_workspace_points": 56,
        "reason": "component_elevated_xy_with_local_support_z",
        "selected_component_size": 25,
        "selected_component_spread": 0.02262059785425663,
        "selected_component_xy": [
          0.10938502848148346,
          0.008656250312924385
        ],
        "strategy": "workspace_elevated_xy_low_z",
        "support_z": 0.003538280725479126,
        "support_z_percentile": 10.0,
        "workspace_bounds": {
          "abs_x_max": 0.2,
          "abs_y_max": 0.2,
          "z_max": 0.08,
          "z_min": -0.02
        }
      },
      "grasp_num_points": 25,
      "grasp_world_xyz": [
        0.10938502848148346,
        0.008656250312924385,
        0.00364077091217041
      ],
      "metadata": {
        "box_bounds_xyxy_exclusive": [
          62,
          84,
          69,
          92
        ],
        "box_center_world_xyz": [
          0.11780376732349396,
          0.008578125387430191,
          0.042693957686424255
        ],
        "camera_frame_conversion": "opencv_to_opengl",
        "center_strategy": "median",
        "extrinsics_source": "sensor_param.base_camera.cam2world_gl",
        "intrinsics_source": "provided"
      },
      "num_points": 56,
      "point_cloud_path": null,
      "segmentation_id": null,
      "world_xyz": [
        0.10938502848148346,
        0.008781250566244125,
        0.007144927978515625
      ]
    }
  ]
}