{
  "candidates_3d": [
    {
      "box_area": 81,
      "box_xyxy": [
        38.60649871826172,
        80.57664489746094,
        46.13953399658203,
        88.22604370117188
      ],
      "camera_xyz": [
        -0.20212499797344208,
        0.1853906214237213,
        0.5929999947547913
      ],
      "depth_valid_ratio": 0.8518518518518519,
      "grasp_camera_xyz": [
        -0.18687500059604645,
        0.18867187201976776,
        0.5929999947547913
      ],
      "grasp_metadata": {
        "applied": true,
        "component_count": 1,
        "component_fallback_reason": "too_few_elevated_points",
        "component_radius": 0.03,
        "component_selection_strategy": "largest_workspace_component_then_low_spread",
        "component_sizes": [
          31
        ],
        "elevated_point_count": 9,
        "elevated_z_offset": 0.015,
        "fallback_reason": "too_few_elevated_points",
        "local_support_point_count": 0,
        "local_support_radius": 0.04,
        "local_support_z_margin": 0.012,
        "min_elevated_points": 12,
        "min_points": 20,
        "num_workspace_points": 31,
        "reason": "workspace_filter_passed",
        "selected_component_size": 31,
        "selected_component_spread": 0.04549046978354454,
        "selected_component_xy": [
          0.08149336278438568,
          -0.18687500059604645
        ],
        "strategy": "workspace_elevated_xy_low_z",
        "support_z": 0.003103911876678467,
        "support_z_percentile": 10.0,
        "workspace_bounds": {
          "abs_x_max": 0.2,
          "abs_y_max": 0.2,
          "z_max": 0.08,
          "z_min": -0.02
        }
      },
      "grasp_num_points": 31,
      "grasp_world_xyz": [
        0.08149336278438568,
        -0.18687500059604645,
        0.0038164854049682617
      ],
      "metadata": {
        "box_bounds_xyxy_exclusive": [
          38,
          80,
          47,
          89
        ],
        "box_center_world_xyz": [
          0.08301608264446259,
          -0.19593749940395355,
          0.043631039559841156
        ],
        "camera_frame_conversion": "opencv_to_opengl",
        "center_strategy": "median",
        "extrinsics_source": "sensor_param.base_camera.cam2world_gl",
        "intrinsics_source": "provided"
      },
      "num_points": 69,
      "point_cloud_path": null,
      "segmentation_id": null,
      "world_xyz": [
        0.07707414031028748,
        -0.20212499797344208,
        0.0038164854049682617
      ]
    }
  ]
}