{
  "query": {
    "attributes": [
      "red"
    ],
    "normalized_prompt": "red cube",
    "raw_query": "red cube",
    "relations": [],
    "synonyms": [
      "cube",
      "block"
    ],
    "target_name": "cube"
  },
  "top_2d_candidate": {
    "box_xyxy": [
      67.52393341064453,
      75.43732452392578,
      74.33980560302734,
      83.17830657958984
    ],
    "clip_score": 0.0,
    "det_score": 0.6611865162849426,
    "fused_2d_score": 0.6611865162849426,
    "image_crop_path": null,
    "metadata": {
      "detector_metadata": {
        "model_id": "IDEA-Research/grounding-dino-tiny"
      },
      "detector_source": "transformers_groundingdino",
      "skip_clip": true
    },
    "phrase": "red cube",
    "rank": 0,
    "source": "detector_only"
  },
  "top_candidate_3d": {
    "box_area": 72,
    "box_xyxy": [
      67.52393341064453,
      75.43732452392578,
      74.33980560302734,
      83.17830657958984
    ],
    "camera_xyz": [
      0.06494949758052826,
      0.1443690061569214,
      0.6227651834487915
    ],
    "depth_valid_ratio": 1.0,
    "grasp_camera_xyz": [
      0.04946406930685043,
      0.16817784309387207,
      0.6331400871276855
    ],
    "grasp_metadata": {
      "applied": true,
      "component_count": 1,
      "component_fallback_reason": null,
      "component_radius": 0.03,
      "component_selection_strategy": "largest_component_then_low_spread",
      "component_sizes": [
        31
      ],
      "elevated_point_count": 31,
      "elevated_z_offset": 0.015,
      "fallback_reason": null,
      "local_support_point_count": 19,
      "local_support_radius": 0.04,
      "local_support_z_margin": 0.012,
      "min_elevated_points": 12,
      "min_points": 20,
      "num_workspace_points": 72,
      "reason": "component_elevated_xy_with_local_support_z",
      "selected_component_size": 31,
      "selected_component_spread": 0.038795195519924164,
      "selected_component_xy": [
        0.026110291481018066,
        0.06693737208843231
      ],
      "strategy": "workspace_elevated_xy_low_z",
      "support_z": -0.0024442377034574747,
      "support_z_percentile": 10.0,
      "workspace_bounds": {
        "abs_x_max": 0.2,
        "abs_y_max": 0.2,
        "z_max": 0.08,
        "z_min": -0.02
      }
    },
    "grasp_num_points": 31,
    "grasp_world_xyz": [
      0.026110291481018066,
      0.06693737208843231,
      0.004748880863189697
    ],
    "metadata": {
      "box_bounds_xyxy_exclusive": [
        67,
        75,
        75,
        84
      ],
      "box_center_world_xyz": [
        0.032443851232528687,
        0.06625617295503616,
        0.0382799431681633
      ],
      "camera_frame_conversion": "opencv_to_opengl",
      "center_strategy": "median",
      "extrinsics_source": "sensor_param.base_camera.cam2world_gl",
      "intrinsics_source": "provided"
    },
    "num_points": 72,
    "point_cloud_path": null,
    "segmentation_id": null,
    "world_xyz": [
      0.027645915746688843,
      0.06494949758052826,
      0.009739130735397339
    ]
  }
}