{
  "query": {
    "attributes": [
      "red"
    ],
    "normalized_prompt": "red cube",
    "raw_query": "red cube",
    "relations": [],
    "synonyms": [
      "cube",
      "block"
    ],
    "target_name": "cube"
  },
  "top_2d_candidate": {
    "box_xyxy": [
      66.55742645263672,
      82.54027557373047,
      73.31197357177734,
      90.2061538696289
    ],
    "clip_score": 0.0,
    "det_score": 0.7202944755554199,
    "fused_2d_score": 0.7202944755554199,
    "image_crop_path": null,
    "metadata": {
      "detector_metadata": {
        "model_id": "IDEA-Research/grounding-dino-tiny"
      },
      "detector_source": "transformers_groundingdino",
      "skip_clip": true
    },
    "phrase": "red cube",
    "rank": 0,
    "source": "detector_only"
  },
  "top_candidate_3d": {
    "box_area": 72,
    "box_xyxy": [
      66.55742645263672,
      82.54027557373047,
      73.31197357177734,
      90.2061538696289
    ],
    "camera_xyz": [
      0.052781254053115845,
      0.19421875476837158,
      0.5770000219345093
    ],
    "depth_valid_ratio": 0.8472222222222222,
    "grasp_camera_xyz": [
      0.06365625560283661,
      0.22734375298023224,
      0.5820000171661377
    ],
    "grasp_metadata": {
      "applied": true,
      "component_count": 1,
      "component_fallback_reason": null,
      "component_radius": 0.03,
      "component_selection_strategy": "largest_component_then_low_spread",
      "component_sizes": [
        23
      ],
      "elevated_point_count": 23,
      "elevated_z_offset": 0.015,
      "fallback_reason": null,
      "local_support_point_count": 23,
      "local_support_radius": 0.04,
      "local_support_z_margin": 0.012,
      "min_elevated_points": 12,
      "min_points": 20,
      "num_workspace_points": 61,
      "reason": "component_elevated_xy_with_local_support_z",
      "selected_component_size": 23,
      "selected_component_spread": 0.02574813924729824,
      "selected_component_xy": [
        0.09870666265487671,
        0.052406251430511475
      ],
      "strategy": "workspace_elevated_xy_low_z",
      "support_z": 0.003103911876678467,
      "support_z_percentile": 10.0,
      "workspace_bounds": {
        "abs_x_max": 0.2,
        "abs_y_max": 0.2,
        "z_max": 0.08,
        "z_min": -0.02
      }
    },
    "grasp_num_points": 23,
    "grasp_world_xyz": [
      0.09870666265487671,
      0.052406251430511475,
      0.0035138726234436035
    ],
    "metadata": {
      "box_bounds_xyxy_exclusive": [
        66,
        82,
        74,
        91
      ],
      "box_center_world_xyz": [
        0.10084429383277893,
        0.052406251430511475,
        0.04345531761646271
      ],
      "camera_frame_conversion": "opencv_to_opengl",
      "center_strategy": "median",
      "extrinsics_source": "sensor_param.base_camera.cam2world_gl",
      "intrinsics_source": "provided"
    },
    "num_points": 61,
    "point_cloud_path": null,
    "segmentation_id": null,
    "world_xyz": [
      0.09940700232982635,
      0.052781254053115845,
      0.003777444362640381
    ]
  }
}