{
  "candidates_3d": [
    {
      "box_area": 64,
      "box_xyxy": [
        70.62287902832031,
        61.47886276245117,
        77.1162109375,
        68.25064086914062
      ],
      "camera_xyz": [
        0.11041988432407379,
        0.0034841783344745636,
        0.7346887588500977
      ],
      "depth_valid_ratio": 1.0,
      "grasp_camera_xyz": [
        0.10328501462936401,
        0.02295222505927086,
        0.7344712018966675
      ],
      "grasp_metadata": {
        "applied": true,
        "component_count": 1,
        "component_fallback_reason": null,
        "component_radius": 0.03,
        "component_selection_strategy": "largest_component_then_low_spread",
        "component_sizes": [
          17
        ],
        "elevated_point_count": 17,
        "elevated_z_offset": 0.015,
        "fallback_reason": null,
        "local_support_point_count": 17,
        "local_support_radius": 0.04,
        "local_support_z_margin": 0.012,
        "min_elevated_points": 12,
        "min_points": 20,
        "num_workspace_points": 45,
        "reason": "component_elevated_xy_with_local_support_z",
        "selected_component_size": 17,
        "selected_component_spread": 0.030201677232980728,
        "selected_component_xy": [
          -0.1473490595817566,
          0.10939142853021622
        ],
        "strategy": "workspace_elevated_xy_low_z",
        "support_z": 0.00031121980282478034,
        "support_z_percentile": 10.0,
        "workspace_bounds": {
          "abs_x_max": 0.2,
          "abs_y_max": 0.2,
          "z_max": 0.08,
          "z_min": -0.02
        }
      },
      "grasp_num_points": 17,
      "grasp_world_xyz": [
        -0.1473490595817566,
        0.10939142853021622,
        0.004614710807800293
      ],
      "metadata": {
        "box_bounds_xyxy_exclusive": [
          70,
          61,
          78,
          69
        ],
        "box_center_world_xyz": [
          -0.12881016731262207,
          0.10939142853021622,
          0.04647617042064667
        ],
        "camera_frame_conversion": "opencv_to_opengl",
        "center_strategy": "median",
        "extrinsics_source": "sensor_param.base_camera.cam2world_gl",
        "intrinsics_source": "provided"
      },
      "num_points": 64,
      "point_cloud_path": null,
      "segmentation_id": null,
      "world_xyz": [
        -0.14640295505523682,
        0.11041988432407379,
        0.007826238870620728
      ]
    }
  ]
}