{
  "query": {
    "attributes": [
      "red"
    ],
    "normalized_prompt": "red cube",
    "raw_query": "red cube",
    "relations": [],
    "synonyms": [
      "cube",
      "block"
    ],
    "target_name": "cube"
  },
  "top_2d_candidate": {
    "box_xyxy": [
      54.60812759399414,
      70.56507110595703,
      60.18242263793945,
      77.06230926513672
    ],
    "clip_score": 0.0,
    "det_score": 0.6567564010620117,
    "fused_2d_score": 0.6567564010620117,
    "image_crop_path": null,
    "metadata": {
      "detector_metadata": {
        "model_id": "IDEA-Research/grounding-dino-tiny"
      },
      "detector_source": "transformers_groundingdino",
      "skip_clip": true
    },
    "phrase": "red cube",
    "rank": 0,
    "source": "detector_only"
  },
  "top_candidate_3d": {
    "box_area": 56,
    "box_xyxy": [
      54.60812759399414,
      70.56507110595703,
      60.18242263793945,
      77.06230926513672
    ],
    "camera_xyz": [
      -0.07065625488758087,
      0.0989062488079071,
      0.6625000238418579
    ],
    "depth_valid_ratio": 0.8928571428571429,
    "grasp_camera_xyz": [
      -0.0722968727350235,
      0.12393750250339508,
      0.6610000133514404
    ],
    "grasp_metadata": {
      "applied": true,
      "component_count": 1,
      "component_fallback_reason": null,
      "component_radius": 0.03,
      "component_selection_strategy": "largest_component_then_low_spread",
      "component_sizes": [
        16
      ],
      "elevated_point_count": 16,
      "elevated_z_offset": 0.015,
      "fallback_reason": null,
      "local_support_point_count": 20,
      "local_support_radius": 0.04,
      "local_support_z_margin": 0.012,
      "min_elevated_points": 12,
      "min_points": 20,
      "num_workspace_points": 50,
      "reason": "component_elevated_xy_with_local_support_z",
      "selected_component_size": 16,
      "selected_component_spread": 0.02497367188334465,
      "selected_component_xy": [
        -0.030041515827178955,
        -0.07065625488758087
      ],
      "strategy": "workspace_elevated_xy_low_z",
      "support_z": 0.0036017298698425293,
      "support_z_percentile": 10.0,
      "workspace_bounds": {
        "abs_x_max": 0.2,
        "abs_y_max": 0.2,
        "z_max": 0.08,
        "z_min": -0.02
      }
    },
    "grasp_num_points": 16,
    "grasp_world_xyz": [
      -0.030041515827178955,
      -0.07065625488758087,
      0.003728628158569336
    ],
    "metadata": {
      "box_bounds_xyxy_exclusive": [
        54,
        70,
        61,
        78
      ],
      "box_center_world_xyz": [
        -0.01819918304681778,
        -0.06923437863588333,
        0.043923843652009964
      ],
      "camera_frame_conversion": "opencv_to_opengl",
      "center_strategy": "median",
      "extrinsics_source": "sensor_param.base_camera.cam2world_gl",
      "intrinsics_source": "provided"
    },
    "num_points": 50,
    "point_cloud_path": null,
    "segmentation_id": null,
    "world_xyz": [
      -0.03467671573162079,
      -0.07065625488758087,
      0.004001975059509277
    ]
  }
}