{
  "candidates_3d": [
    {
      "box_area": 72,
      "box_xyxy": [
        47.6732292175293,
        74.41659545898438,
        55.15121841430664,
        81.28366088867188
      ],
      "camera_xyz": [
        -0.12643027305603027,
        0.13320234417915344,
        0.6375766396522522
      ],
      "depth_valid_ratio": 1.0,
      "grasp_camera_xyz": [
        -0.11838767677545547,
        0.1578502357006073,
        0.6314009428024292
      ],
      "grasp_metadata": {
        "applied": true,
        "component_count": 1,
        "component_fallback_reason": null,
        "component_radius": 0.03,
        "component_selection_strategy": "largest_component_then_low_spread",
        "component_sizes": [
          25
        ],
        "elevated_point_count": 25,
        "elevated_z_offset": 0.015,
        "fallback_reason": null,
        "local_support_point_count": 22,
        "local_support_radius": 0.04,
        "local_support_z_margin": 0.012,
        "min_elevated_points": 12,
        "min_points": 20,
        "num_workspace_points": 72,
        "reason": "component_elevated_xy_with_local_support_z",
        "selected_component_size": 25,
        "selected_component_spread": 0.02401365153491497,
        "selected_component_xy": [
          0.013256490230560303,
          -0.12562434375286102
        ],
        "strategy": "workspace_elevated_xy_low_z",
        "support_z": -0.003454059362411499,
        "support_z_percentile": 10.0,
        "workspace_bounds": {
          "abs_x_max": 0.2,
          "abs_y_max": 0.2,
          "z_max": 0.08,
          "z_min": -0.02
        }
      },
      "grasp_num_points": 25,
      "grasp_world_xyz": [
        0.013256490230560303,
        -0.12562434375286102,
        0.0017988979816436768
      ],
      "metadata": {
        "box_bounds_xyxy_exclusive": [
          47,
          74,
          56,
          82
        ],
        "box_center_world_xyz": [
          0.02736072987318039,
          -0.12201429903507233,
          0.04885832220315933
        ],
        "camera_frame_conversion": "opencv_to_opengl",
        "center_strategy": "median",
        "extrinsics_source": "sensor_param.base_camera.cam2world_gl",
        "intrinsics_source": "provided"
      },
      "num_points": 72,
      "point_cloud_path": null,
      "segmentation_id": null,
      "world_xyz": [
        0.012343749403953552,
        -0.12643027305603027,
        0.006765872240066528
      ]
    }
  ]
}