{
  "candidates_3d": [
    {
      "box_area": 56,
      "box_xyxy": [
        68.58660888671875,
        68.5158920288086,
        74.15255737304688,
        75.45796966552734
      ],
      "camera_xyz": [
        0.07249961793422699,
        0.06997248530387878,
        0.6635804772377014
      ],
      "depth_valid_ratio": 1.0,
      "grasp_camera_xyz": [
        0.0736996978521347,
        0.10528527945280075,
        0.6738258004188538
      ],
      "grasp_metadata": {
        "applied": true,
        "component_count": 1,
        "component_fallback_reason": null,
        "component_radius": 0.03,
        "component_selection_strategy": "largest_component_then_low_spread",
        "component_sizes": [
          15
        ],
        "elevated_point_count": 15,
        "elevated_z_offset": 0.015,
        "fallback_reason": null,
        "local_support_point_count": 15,
        "local_support_radius": 0.04,
        "local_support_z_margin": 0.012,
        "min_elevated_points": 12,
        "min_points": 20,
        "num_workspace_points": 41,
        "reason": "component_elevated_xy_with_local_support_z",
        "selected_component_size": 15,
        "selected_component_spread": 0.028083940967917442,
        "selected_component_xy": [
          -0.04863825440406799,
          0.07215871661901474
        ],
        "strategy": "workspace_elevated_xy_low_z",
        "support_z": -0.0004010796546936035,
        "support_z_percentile": 10.0,
        "workspace_bounds": {
          "abs_x_max": 0.2,
          "abs_y_max": 0.2,
          "z_max": 0.08,
          "z_min": -0.02
        }
      },
      "grasp_num_points": 15,
      "grasp_world_xyz": [
        -0.04863825440406799,
        0.07215871661901474,
        0.004611790180206299
      ],
      "metadata": {
        "box_bounds_xyxy_exclusive": [
          68,
          68,
          75,
          76
        ],
        "box_center_world_xyz": [
          -0.038140684366226196,
          0.07016711682081223,
          0.04895596206188202
        ],
        "camera_frame_conversion": "opencv_to_opengl",
        "center_strategy": "median",
        "extrinsics_source": "sensor_param.base_camera.cam2world_gl",
        "intrinsics_source": "provided"
      },
      "num_points": 56,
      "point_cloud_path": null,
      "segmentation_id": null,
      "world_xyz": [
        -0.03832365572452545,
        0.07249961793422699,
        0.03191092610359192
      ]
    }
  ]
}