{
  "query": {
    "attributes": [
      "red"
    ],
    "normalized_prompt": "red cube",
    "raw_query": "red cube",
    "relations": [],
    "synonyms": [
      "cube",
      "block"
    ],
    "target_name": "cube"
  },
  "top_2d_candidate": {
    "box_xyxy": [
      63.652565002441406,
      78.50688934326172,
      70.3199234008789,
      86.24454498291016
    ],
    "clip_score": 0.0,
    "det_score": 0.6448050737380981,
    "fused_2d_score": 0.6448050737380981,
    "image_crop_path": null,
    "metadata": {
      "detector_metadata": {
        "model_id": "IDEA-Research/grounding-dino-tiny"
      },
      "detector_source": "transformers_groundingdino",
      "skip_clip": true
    },
    "phrase": "red cube",
    "rank": 0,
    "source": "detector_only"
  },
  "top_candidate_3d": {
    "box_area": 72,
    "box_xyxy": [
      63.652565002441406,
      78.50688934326172,
      70.3199234008789,
      86.24454498291016
    ],
    "camera_xyz": [
      0.027492186054587364,
      0.17121094465255737,
      0.6050000190734863
    ],
    "depth_valid_ratio": 0.75,
    "grasp_camera_xyz": [
      0.009484374895691872,
      0.18968749046325684,
      0.6069999933242798
    ],
    "grasp_metadata": {
      "applied": true,
      "component_count": 1,
      "component_fallback_reason": null,
      "component_radius": 0.03,
      "component_selection_strategy": "largest_component_then_low_spread",
      "component_sizes": [
        16
      ],
      "elevated_point_count": 16,
      "elevated_z_offset": 0.015,
      "fallback_reason": null,
      "local_support_point_count": 23,
      "local_support_radius": 0.04,
      "local_support_z_margin": 0.012,
      "min_elevated_points": 12,
      "min_points": 20,
      "num_workspace_points": 54,
      "reason": "component_elevated_xy_with_local_support_z",
      "selected_component_size": 16,
      "selected_component_spread": 0.023662284016609192,
      "selected_component_xy": [
        0.05464126169681549,
        0.023085936903953552
      ],
      "strategy": "workspace_elevated_xy_low_z",
      "support_z": 0.0035626888275146484,
      "support_z_percentile": 10.0,
      "workspace_bounds": {
        "abs_x_max": 0.2,
        "abs_y_max": 0.2,
        "z_max": 0.08,
        "z_min": -0.02
      }
    },
    "grasp_num_points": 16,
    "grasp_world_xyz": [
      0.05464126169681549,
      0.023085936903953552,
      0.0036310553550720215
    ],
    "metadata": {
      "box_bounds_xyxy_exclusive": [
        63,
        78,
        71,
        87
      ],
      "box_center_world_xyz": [
        0.061815500259399414,
        0.027562499046325684,
        0.0375402569770813
      ],
      "camera_frame_conversion": "opencv_to_opengl",
      "center_strategy": "median",
      "extrinsics_source": "sensor_param.base_camera.cam2world_gl",
      "intrinsics_source": "provided"
    },
    "num_points": 54,
    "point_cloud_path": null,
    "segmentation_id": null,
    "world_xyz": [
      0.057596355676651,
      0.027492186054587364,
      0.0037578940391540527
    ]
  }
}