{
  "query": {
    "attributes": [
      "red"
    ],
    "normalized_prompt": "red cube",
    "raw_query": "red cube",
    "relations": [],
    "synonyms": [
      "cube",
      "block"
    ],
    "target_name": "cube"
  },
  "top_2d_candidate": {
    "box_xyxy": [
      65.63330841064453,
      68.52180480957031,
      71.27959442138672,
      74.2362060546875
    ],
    "clip_score": 0.0,
    "det_score": 0.5157085657119751,
    "fused_2d_score": 0.5157085657119751,
    "image_crop_path": null,
    "metadata": {
      "detector_metadata": {
        "model_id": "IDEA-Research/grounding-dino-tiny"
      },
      "detector_source": "transformers_groundingdino",
      "skip_clip": true
    },
    "phrase": "red cube",
    "rank": 0,
    "source": "detector_only"
  },
  "top_candidate_3d": {
    "box_area": 49,
    "box_xyxy": [
      65.63330841064453,
      68.52180480957031,
      71.27959442138672,
      74.2362060546875
    ],
    "camera_xyz": [
      0.04117187485098839,
      0.0736093744635582,
      0.6790000200271606
    ],
    "depth_valid_ratio": 0.8367346938775511,
    "grasp_camera_xyz": [
      0.05312500149011612,
      0.09562499821186066,
      0.6800000071525574
    ],
    "grasp_metadata": {
      "applied": true,
      "component_count": 1,
      "component_fallback_reason": null,
      "component_radius": 0.03,
      "component_selection_strategy": "largest_component_then_low_spread",
      "component_sizes": [
        14
      ],
      "elevated_point_count": 14,
      "elevated_z_offset": 0.015,
      "fallback_reason": null,
      "local_support_point_count": 16,
      "local_support_radius": 0.04,
      "local_support_z_margin": 0.012,
      "min_elevated_points": 12,
      "min_points": 20,
      "num_workspace_points": 40,
      "reason": "component_elevated_xy_with_local_support_z",
      "selected_component_size": 14,
      "selected_component_spread": 0.022872883826494217,
      "selected_component_xy": [
        -0.06428870558738708,
        0.04103124886751175
      ],
      "strategy": "workspace_elevated_xy_low_z",
      "support_z": 0.0035138726234436035,
      "support_z_percentile": 10.0,
      "workspace_bounds": {
        "abs_x_max": 0.2,
        "abs_y_max": 0.2,
        "z_max": 0.08,
        "z_min": -0.02
      }
    },
    "grasp_num_points": 14,
    "grasp_world_xyz": [
      -0.06428870558738708,
      0.04103124886751175,
      0.0038750171661376953
    ],
    "metadata": {
      "box_bounds_xyxy_exclusive": [
        65,
        68,
        72,
        75
      ],
      "box_center_world_xyz": [
        -0.0532333068549633,
        0.04093749821186066,
        0.0437774732708931
      ],
      "camera_frame_conversion": "opencv_to_opengl",
      "center_strategy": "median",
      "extrinsics_source": "sensor_param.base_camera.cam2world_gl",
      "intrinsics_source": "provided"
    },
    "num_points": 41,
    "point_cloud_path": null,
    "segmentation_id": null,
    "world_xyz": [
      -0.061054229736328125,
      0.04117187485098839,
      0.004294753074645996
    ]
  }
}