{
  "candidates_3d": [
    {
      "box_area": 81,
      "box_xyxy": [
        38.60649871826172,
        80.57664489746094,
        46.13953399658203,
        88.22604370117188
      ],
      "camera_xyz": [
        -0.19950851798057556,
        0.1835201233625412,
        0.5953683257102966
      ],
      "depth_valid_ratio": 1.0,
      "grasp_camera_xyz": [
        -0.1871698945760727,
        0.20588688552379608,
        0.5989436507225037
      ],
      "grasp_metadata": {
        "applied": true,
        "component_count": 1,
        "component_fallback_reason": null,
        "component_radius": 0.03,
        "component_selection_strategy": "largest_component_then_low_spread",
        "component_sizes": [
          16
        ],
        "elevated_point_count": 16,
        "elevated_z_offset": 0.015,
        "fallback_reason": null,
        "local_support_point_count": 18,
        "local_support_radius": 0.04,
        "local_support_z_margin": 0.012,
        "min_elevated_points": 12,
        "min_points": 20,
        "num_workspace_points": 41,
        "reason": "component_elevated_xy_with_local_support_z",
        "selected_component_size": 16,
        "selected_component_spread": 0.018355507403612137,
        "selected_component_xy": [
          0.08155079185962677,
          -0.19126522541046143
        ],
        "strategy": "workspace_elevated_xy_low_z",
        "support_z": -0.002289414405822754,
        "support_z_percentile": 10.0,
        "workspace_bounds": {
          "abs_x_max": 0.2,
          "abs_y_max": 0.2,
          "z_max": 0.08,
          "z_min": -0.02
        }
      },
      "grasp_num_points": 16,
      "grasp_world_xyz": [
        0.08155079185962677,
        -0.19126522541046143,
        0.000884324312210083
      ],
      "metadata": {
        "box_bounds_xyxy_exclusive": [
          38,
          80,
          47,
          89
        ],
        "box_center_world_xyz": [
          0.08447660505771637,
          -0.19461864233016968,
          0.047375962138175964
        ],
        "camera_frame_conversion": "opencv_to_opengl",
        "center_strategy": "median",
        "extrinsics_source": "sensor_param.base_camera.cam2world_gl",
        "intrinsics_source": "provided"
      },
      "num_points": 81,
      "point_cloud_path": null,
      "segmentation_id": null,
      "world_xyz": [
        0.07569238543510437,
        -0.19950851798057556,
        0.004940211772918701
      ]
    }
  ]
}