{
  "min_xy_distance_from_pick": 0.05,
  "place_query": "green cube",
  "place_target_source": "predicted_place_object",
  "selected": {
    "metadata": {
      "num_candidates": 1,
      "num_close_to_pick_rejected": 0,
      "num_eligible_candidates": 1,
      "num_invalid_candidates": 0,
      "place_pick_xy_distance": 0.1413220912218094,
      "place_query": "green cube",
      "place_target_z": 0.02,
      "raw_semantic_world_xyz": [
        0.07569238543510437,
        -0.19950851798057556,
        0.004940211772918701
      ],
      "selected_candidate_index": 0,
      "selected_clip_score": 0.0,
      "selected_depth_valid_ratio": 1.0,
      "selected_det_score": 0.6436489820480347,
      "selected_fused_2d_score": 0.6436489820480347,
      "selected_grasp_world_xyz": [
        0.08155079185962677,
        -0.19126522541046143,
        0.000884324312210083
      ],
      "selected_num_points": 81,
      "selected_phrase": "green cube",
      "selected_world_xyz": [
        0.08155079185962677,
        -0.19126522541046143,
        0.019999999552965164
      ],
      "selection_reason": "first_ranked_candidate_far_from_pick"
    },
    "place_xyz": [
      0.08155079185962677,
      -0.19126522541046143,
      0.019999999552965164
    ],
    "source": "predicted_place_object"
  }
}