{
  "candidates_3d": [
    {
      "box_area": 72,
      "box_xyxy": [
        42.53810119628906,
        75.54122924804688,
        49.32749938964844,
        83.29994201660156
      ],
      "camera_xyz": [
        -0.18361717462539673,
        0.14074218273162842,
        0.6240000128746033
      ],
      "depth_valid_ratio": 0.7222222222222222,
      "grasp_camera_xyz": [
        -0.18524999916553497,
        0.17550000548362732,
        0.6240000128746033
      ],
      "grasp_metadata": {
        "applied": true,
        "component_count": 1,
        "component_fallback_reason": null,
        "component_radius": 0.03,
        "component_selection_strategy": "largest_component_then_low_spread",
        "component_sizes": [
          17
        ],
        "elevated_point_count": 17,
        "elevated_z_offset": 0.015,
        "fallback_reason": null,
        "local_support_point_count": 12,
        "local_support_radius": 0.04,
        "local_support_z_margin": 0.012,
        "min_elevated_points": 12,
        "min_points": 20,
        "num_workspace_points": 38,
        "reason": "component_elevated_xy_with_local_support_z",
        "selected_component_size": 17,
        "selected_component_spread": 0.024288924410939217,
        "selected_component_xy": [
          0.0270424485206604,
          -0.1743749976158142
        ],
        "strategy": "workspace_elevated_xy_low_z",
        "support_z": 0.0035138726234436035,
        "support_z_percentile": 10.0,
        "workspace_bounds": {
          "abs_x_max": 0.2,
          "abs_y_max": 0.2,
          "z_max": 0.08,
          "z_min": -0.02
        }
      },
      "grasp_num_points": 17,
      "grasp_world_xyz": [
        0.0270424485206604,
        -0.1743749976158142,
        0.0036017298698425293
      ],
      "metadata": {
        "box_bounds_xyxy_exclusive": [
          42,
          75,
          50,
          84
        ],
        "box_center_world_xyz": [
          0.03499263525009155,
          -0.16875000298023224,
          0.043631017208099365
        ],
        "camera_frame_conversion": "opencv_to_opengl",
        "center_strategy": "median",
        "extrinsics_source": "sensor_param.base_camera.cam2world_gl",
        "intrinsics_source": "provided"
      },
      "num_points": 52,
      "point_cloud_path": null,
      "segmentation_id": null,
      "world_xyz": [
        0.02685210108757019,
        -0.18361717462539673,
        0.003992140293121338
      ]
    }
  ]
}