{
  "query": {
    "attributes": [
      "red"
    ],
    "normalized_prompt": "red cube",
    "raw_query": "red cube",
    "relations": [],
    "synonyms": [
      "cube",
      "block"
    ],
    "target_name": "cube"
  },
  "top_2d_candidate": {
    "box_xyxy": [
      69.62774658203125,
      71.51078796386719,
      76.26603698730469,
      78.19209289550781
    ],
    "clip_score": 0.0,
    "det_score": 0.5086703300476074,
    "fused_2d_score": 0.5086703300476074,
    "image_crop_path": null,
    "metadata": {
      "detector_metadata": {
        "model_id": "IDEA-Research/grounding-dino-tiny"
      },
      "detector_source": "transformers_groundingdino",
      "skip_clip": true
    },
    "phrase": "red cube",
    "rank": 0,
    "source": "detector_only"
  },
  "top_candidate_3d": {
    "box_area": 64,
    "box_xyxy": [
      69.62774658203125,
      71.51078796386719,
      76.26603698730469,
      78.19209289550781
    ],
    "camera_xyz": [
      0.08831474930047989,
      0.10724343359470367,
      0.6544063091278076
    ],
    "depth_valid_ratio": 1.0,
    "grasp_camera_xyz": [
      0.08240096271038055,
      0.13390156626701355,
      0.6592077016830444
    ],
    "grasp_metadata": {
      "applied": true,
      "component_count": 1,
      "component_fallback_reason": null,
      "component_radius": 0.03,
      "component_selection_strategy": "largest_component_then_low_spread",
      "component_sizes": [
        20
      ],
      "elevated_point_count": 20,
      "elevated_z_offset": 0.015,
      "fallback_reason": null,
      "local_support_point_count": 22,
      "local_support_radius": 0.04,
      "local_support_z_margin": 0.012,
      "min_elevated_points": 12,
      "min_points": 20,
      "num_workspace_points": 64,
      "reason": "component_elevated_xy_with_local_support_z",
      "selected_component_size": 20,
      "selected_component_spread": 0.025395717471837997,
      "selected_component_xy": [
        -0.017997875809669495,
        0.08911379426717758
      ],
      "strategy": "workspace_elevated_xy_low_z",
      "support_z": 0.0007007301319390535,
      "support_z_percentile": 10.0,
      "workspace_bounds": {
        "abs_x_max": 0.2,
        "abs_y_max": 0.2,
        "z_max": 0.08,
        "z_min": -0.02
      }
    },
    "grasp_num_points": 20,
    "grasp_world_xyz": [
      -0.017997875809669495,
      0.08911379426717758,
      0.0038010478019714355
    ],
    "metadata": {
      "box_bounds_xyxy_exclusive": [
        69,
        71,
        77,
        79
      ],
      "box_center_world_xyz": [
        -0.010183192789554596,
        0.08893170952796936,
        0.038275279104709625
      ],
      "camera_frame_conversion": "opencv_to_opengl",
      "center_strategy": "median",
      "extrinsics_source": "sensor_param.base_camera.cam2world_gl",
      "intrinsics_source": "provided"
    },
    "num_points": 64,
    "point_cloud_path": null,
    "segmentation_id": null,
    "world_xyz": [
      -0.02004353702068329,
      0.08831474930047989,
      0.0066627562046051025
    ]
  }
}