{
  "candidates_3d": [
    {
      "box_area": 72,
      "box_xyxy": [
        67.54703521728516,
        77.46348571777344,
        74.3692855834961,
        85.35670471191406
      ],
      "camera_xyz": [
        0.06280478835105896,
        0.15904547274112701,
        0.6108257174491882
      ],
      "depth_valid_ratio": 1.0,
      "grasp_camera_xyz": [
        0.0663975402712822,
        0.18022190034389496,
        0.6070632338523865
      ],
      "grasp_metadata": {
        "applied": true,
        "component_count": 1,
        "component_fallback_reason": null,
        "component_radius": 0.03,
        "component_selection_strategy": "largest_component_then_low_spread",
        "component_sizes": [
          26
        ],
        "elevated_point_count": 26,
        "elevated_z_offset": 0.015,
        "fallback_reason": null,
        "local_support_point_count": 25,
        "local_support_radius": 0.04,
        "local_support_z_margin": 0.012,
        "min_elevated_points": 12,
        "min_points": 20,
        "num_workspace_points": 72,
        "reason": "component_elevated_xy_with_local_support_z",
        "selected_component_size": 26,
        "selected_component_spread": 0.02582845278084278,
        "selected_component_xy": [
          0.046134188771247864,
          0.06426990032196045
        ],
        "strategy": "workspace_elevated_xy_low_z",
        "support_z": -0.0005241096368990839,
        "support_z_percentile": 10.0,
        "workspace_bounds": {
          "abs_x_max": 0.2,
          "abs_y_max": 0.2,
          "z_max": 0.08,
          "z_min": -0.02
        }
      },
      "grasp_num_points": 26,
      "grasp_world_xyz": [
        0.046134188771247864,
        0.06426990032196045,
        0.003759920597076416
      ],
      "metadata": {
        "box_bounds_xyxy_exclusive": [
          67,
          77,
          75,
          86
        ],
        "box_center_world_xyz": [
          0.05373165011405945,
          0.06455092132091522,
          0.04121574014425278
        ],
        "camera_frame_conversion": "opencv_to_opengl",
        "center_strategy": "median",
        "extrinsics_source": "sensor_param.base_camera.cam2world_gl",
        "intrinsics_source": "provided"
      },
      "num_points": 72,
      "point_cloud_path": null,
      "segmentation_id": null,
      "world_xyz": [
        0.04661257565021515,
        0.06280478835105896,
        0.0068807899951934814
      ]
    }
  ]
}