{
  "candidates_3d": [
    {
      "box_area": 2541,
      "box_xyxy": [
        52.71128845214844,
        0.0,
        84.31838989257812,
        76.37193298339844
      ],
      "camera_xyz": [
        0.026374999433755875,
        -0.16901561617851257,
        0.6710000038146973
      ],
      "depth_valid_ratio": 1.0,
      "grasp_camera_xyz": [
        0.07634374499320984,
        0.0767812505364418,
        0.7020000219345093
      ],
      "grasp_metadata": {
        "applied": true,
        "component_count": 1,
        "component_fallback_reason": "too_few_elevated_points",
        "component_radius": 0.03,
        "component_selection_strategy": "largest_workspace_component_then_low_spread",
        "component_sizes": [
          300
        ],
        "elevated_point_count": 6,
        "elevated_z_offset": 0.015,
        "fallback_reason": "too_few_elevated_points",
        "local_support_point_count": 0,
        "local_support_radius": 0.04,
        "local_support_z_margin": 0.012,
        "min_elevated_points": 12,
        "min_points": 20,
        "num_workspace_points": 300,
        "reason": "workspace_filter_passed",
        "selected_component_size": 300,
        "selected_component_spread": 0.1989983320236206,
        "selected_component_xy": [
          -0.078579843044281,
          0.07634374499320984
        ],
        "strategy": "workspace_elevated_xy_low_z",
        "support_z": 0.003709077835083008,
        "support_z_percentile": 10.0,
        "workspace_bounds": {
          "abs_x_max": 0.2,
          "abs_y_max": 0.2,
          "z_max": 0.08,
          "z_min": -0.02
        }
      },
      "grasp_num_points": 300,
      "grasp_world_xyz": [
        -0.078579843044281,
        0.07634374499320984,
        0.0038847923278808594
      ],
      "metadata": {
        "box_bounds_xyxy_exclusive": [
          52,
          0,
          85,
          77
        ],
        "box_center_world_xyz": [
          0.017423108220100403,
          0.01875000074505806,
          0.44187411665916443
        ],
        "camera_frame_conversion": "opencv_to_opengl",
        "center_strategy": "median",
        "extrinsics_source": "sensor_param.base_camera.cam2world_gl",
        "intrinsics_source": "provided"
      },
      "num_points": 2541,
      "point_cloud_path": null,
      "segmentation_id": null,
      "world_xyz": [
        -0.17921674251556396,
        0.026374999433755875,
        0.30003905296325684
      ]
    },
    {
      "box_area": 25,
      "box_xyxy": [
        67.72030639648438,
        67.53144073486328,
        71.41006469726562,
        71.41814422607422
      ],
      "camera_xyz": [
        0.04932812601327896,
        0.04543749988079071,
        0.6779999732971191
      ],
      "depth_valid_ratio": 1.0,
      "grasp_camera_xyz": null,
      "grasp_metadata": {
        "applied": false,
        "component_radius": 0.03,
        "elevated_z_offset": 0.015,
        "local_support_radius": 0.04,
        "local_support_z_margin": 0.012,
        "min_elevated_points": 12,
        "min_points": 20,
        "num_workspace_points": 15,
        "reason": "too_few_workspace_points",
        "strategy": "workspace_elevated_xy_low_z",
        "support_z_percentile": 10.0,
        "workspace_bounds": {
          "abs_x_max": 0.2,
          "abs_y_max": 0.2,
          "z_max": 0.08,
          "z_min": -0.02
        }
      },
      "grasp_num_points": 15,
      "grasp_world_xyz": null,
      "metadata": {
        "box_bounds_xyxy_exclusive": [
          67,
          67,
          72,
          72
        ],
        "box_center_world_xyz": [
          -0.08049054443836212,
          0.052734375,
          0.03997068479657173
        ],
        "camera_frame_conversion": "opencv_to_opengl",
        "center_strategy": "median",
        "extrinsics_source": "sensor_param.base_camera.cam2world_gl",
        "intrinsics_source": "provided"
      },
      "num_points": 25,
      "point_cloud_path": null,
      "segmentation_id": null,
      "world_xyz": [
        -0.078579843044281,
        0.04932812601327896,
        0.03997069597244263
      ]
    }
  ]
}