{
  "query": {
    "attributes": [
      "red"
    ],
    "normalized_prompt": "red cube",
    "raw_query": "red cube",
    "relations": [],
    "synonyms": [
      "cube",
      "block"
    ],
    "target_name": "cube"
  },
  "top_2d_candidate": {
    "box_xyxy": [
      69.5080337524414,
      80.49571228027344,
      76.32621002197266,
      88.1966552734375
    ],
    "clip_score": 0.0,
    "det_score": 0.6412741541862488,
    "fused_2d_score": 0.6412741541862488,
    "image_crop_path": null,
    "metadata": {
      "detector_metadata": {
        "model_id": "IDEA-Research/grounding-dino-tiny"
      },
      "detector_source": "transformers_groundingdino",
      "skip_clip": true
    },
    "phrase": "red cube",
    "rank": 0,
    "source": "detector_only"
  },
  "top_candidate_3d": {
    "box_area": 72,
    "box_xyxy": [
      69.5080337524414,
      80.49571228027344,
      76.32621002197266,
      88.1966552734375
    ],
    "camera_xyz": [
      0.07947656512260437,
      0.1853906214237213,
      0.5929999947547913
    ],
    "depth_valid_ratio": 0.8611111111111112,
    "grasp_camera_xyz": [
      0.06507812440395355,
      0.2045312523841858,
      0.5950000286102295
    ],
    "grasp_metadata": {
      "applied": true,
      "component_count": 1,
      "component_fallback_reason": null,
      "component_radius": 0.03,
      "component_selection_strategy": "largest_component_then_low_spread",
      "component_sizes": [
        20
      ],
      "elevated_point_count": 20,
      "elevated_z_offset": 0.015,
      "fallback_reason": null,
      "local_support_point_count": 25,
      "local_support_radius": 0.04,
      "local_support_z_margin": 0.012,
      "min_elevated_points": 12,
      "min_points": 20,
      "num_workspace_points": 62,
      "reason": "component_elevated_xy_with_local_support_z",
      "selected_component_size": 20,
      "selected_component_spread": 0.023262841627001762,
      "selected_component_xy": [
        0.07863833010196686,
        0.07633593678474426
      ],
      "strategy": "workspace_elevated_xy_low_z",
      "support_z": 0.003103911876678467,
      "support_z_percentile": 10.0,
      "workspace_bounds": {
        "abs_x_max": 0.2,
        "abs_y_max": 0.2,
        "z_max": 0.08,
        "z_min": -0.02
      }
    },
    "grasp_num_points": 20,
    "grasp_world_xyz": [
      0.07863833010196686,
      0.07633593678474426,
      0.0036310553550720215
    ],
    "metadata": {
      "box_bounds_xyxy_exclusive": [
        69,
        80,
        77,
        89
      ],
      "box_center_world_xyz": [
        0.08301608264446259,
        0.08015625178813934,
        0.043631039559841156
      ],
      "camera_frame_conversion": "opencv_to_opengl",
      "center_strategy": "median",
      "extrinsics_source": "sensor_param.base_camera.cam2world_gl",
      "intrinsics_source": "provided"
    },
    "num_points": 62,
    "point_cloud_path": null,
    "segmentation_id": null,
    "world_xyz": [
      0.07979987561702728,
      0.07947656512260437,
      0.0038164854049682617
    ]
  }
}