{
  "query": {
    "attributes": [
      "red"
    ],
    "normalized_prompt": "red cube",
    "raw_query": "red cube",
    "relations": [],
    "synonyms": [
      "cube",
      "block"
    ],
    "target_name": "cube"
  },
  "top_2d_candidate": {
    "box_xyxy": [
      56.69136428833008,
      77.61813354492188,
      63.3483772277832,
      85.14491271972656
    ],
    "clip_score": 0.0,
    "det_score": 0.4936078190803528,
    "fused_2d_score": 0.4936078190803528,
    "image_crop_path": null,
    "metadata": {
      "detector_metadata": {
        "model_id": "IDEA-Research/grounding-dino-tiny"
      },
      "detector_source": "transformers_groundingdino",
      "skip_clip": true
    },
    "phrase": "red cube",
    "rank": 0,
    "source": "detector_only"
  },
  "top_candidate_3d": {
    "box_area": 72,
    "box_xyxy": [
      56.69136428833008,
      77.61813354492188,
      63.3483772277832,
      85.14491271972656
    ],
    "camera_xyz": [
      -0.04570312798023224,
      0.1589999943971634,
      0.6110000014305115
    ],
    "depth_valid_ratio": 0.7777777777777778,
    "grasp_camera_xyz": [
      -0.047734376043081284,
      0.19093750417232513,
      0.6110000014305115
    ],
    "grasp_metadata": {
      "applied": true,
      "component_count": 1,
      "component_fallback_reason": null,
      "component_radius": 0.03,
      "component_selection_strategy": "largest_component_then_low_spread",
      "component_sizes": [
        20
      ],
      "elevated_point_count": 20,
      "elevated_z_offset": 0.015,
      "fallback_reason": null,
      "local_support_point_count": 17,
      "local_support_radius": 0.04,
      "local_support_z_margin": 0.012,
      "min_elevated_points": 12,
      "min_points": 20,
      "num_workspace_points": 56,
      "reason": "component_elevated_xy_with_local_support_z",
      "selected_component_size": 20,
      "selected_component_spread": 0.022784704342484474,
      "selected_component_xy": [
        0.05464126169681549,
        -0.036937497556209564
      ],
      "strategy": "workspace_elevated_xy_low_z",
      "support_z": 0.0035626888275146484,
      "support_z_percentile": 10.0,
      "workspace_bounds": {
        "abs_x_max": 0.2,
        "abs_y_max": 0.2,
        "z_max": 0.08,
        "z_min": -0.02
      }
    },
    "grasp_num_points": 20,
    "grasp_world_xyz": [
      0.05464126169681549,
      -0.036937497556209564,
      0.0036115050315856934
    ],
    "metadata": {
      "box_bounds_xyxy_exclusive": [
        56,
        77,
        64,
        86
      ],
      "box_center_world_xyz": [
        0.05464126914739609,
        -0.03674999997019768,
        0.04327964037656784
      ],
      "camera_frame_conversion": "opencv_to_opengl",
      "center_strategy": "median",
      "extrinsics_source": "sensor_param.base_camera.cam2world_gl",
      "intrinsics_source": "provided"
    },
    "num_points": 56,
    "point_cloud_path": null,
    "segmentation_id": null,
    "world_xyz": [
      0.04723277688026428,
      -0.04570312798023224,
      0.0037578940391540527
    ]
  }
}