{
  "candidates_3d": [
    {
      "box_area": 81,
      "box_xyxy": [
        38.60649871826172,
        80.57664489746094,
        46.13953399658203,
        88.22604370117188
      ],
      "camera_xyz": [
        -0.2017812579870224,
        0.18317186832427979,
        0.5929999947547913
      ],
      "depth_valid_ratio": 1.0,
      "grasp_camera_xyz": [
        -0.18687500059604645,
        0.2055625021457672,
        0.5979999899864197
      ],
      "grasp_metadata": {
        "applied": true,
        "component_count": 1,
        "component_fallback_reason": null,
        "component_radius": 0.03,
        "component_selection_strategy": "largest_component_then_low_spread",
        "component_sizes": [
          12
        ],
        "elevated_point_count": 12,
        "elevated_z_offset": 0.015,
        "fallback_reason": null,
        "local_support_point_count": 20,
        "local_support_radius": 0.04,
        "local_support_z_margin": 0.012,
        "min_elevated_points": 12,
        "min_points": 20,
        "num_workspace_points": 39,
        "reason": "component_elevated_xy_with_local_support_z",
        "selected_component_size": 12,
        "selected_component_spread": 0.017732078209519386,
        "selected_component_xy": [
          0.08225472271442413,
          -0.18998438119888306
        ],
        "strategy": "workspace_elevated_xy_low_z",
        "support_z": 0.003103911876678467,
        "support_z_percentile": 10.0,
        "workspace_bounds": {
          "abs_x_max": 0.2,
          "abs_y_max": 0.2,
          "z_max": 0.08,
          "z_min": -0.02
        }
      },
      "grasp_num_points": 12,
      "grasp_world_xyz": [
        0.08225472271442413,
        -0.18998438119888306,
        0.0036212801933288574
      ],
      "metadata": {
        "box_bounds_xyxy_exclusive": [
          38,
          80,
          47,
          89
        ],
        "box_center_world_xyz": [
          0.08301608264446259,
          -0.19593749940395355,
          0.043631039559841156
        ],
        "camera_frame_conversion": "opencv_to_opengl",
        "center_strategy": "median",
        "extrinsics_source": "sensor_param.base_camera.cam2world_gl",
        "intrinsics_source": "provided"
      },
      "num_points": 81,
      "point_cloud_path": null,
      "segmentation_id": null,
      "world_xyz": [
        0.07707414031028748,
        -0.2017812579870224,
        0.0038164854049682617
      ]
    }
  ]
}