{
  "candidates_3d": [
    {
      "box_area": 28,
      "box_xyxy": [
        67.45564270019531,
        69.49129486083984,
        70.38069152832031,
        75.41004180908203
      ],
      "camera_xyz": [
        0.04635937511920929,
        0.06910155713558197,
        0.6549999713897705
      ],
      "depth_valid_ratio": 0.7857142857142857,
      "grasp_camera_xyz": null,
      "grasp_metadata": {
        "applied": false,
        "component_radius": 0.03,
        "elevated_z_offset": 0.015,
        "local_support_radius": 0.04,
        "local_support_z_margin": 0.012,
        "min_elevated_points": 12,
        "min_points": 20,
        "num_workspace_points": 15,
        "reason": "too_few_workspace_points",
        "strategy": "workspace_elevated_xy_low_z",
        "support_z_percentile": 10.0,
        "workspace_bounds": {
          "abs_x_max": 0.2,
          "abs_y_max": 0.2,
          "z_max": 0.08,
          "z_min": -0.02
        }
      },
      "grasp_num_points": 15,
      "grasp_world_xyz": null,
      "metadata": {
        "box_bounds_xyxy_exclusive": [
          67,
          69,
          71,
          76
        ],
        "box_center_world_xyz": [
          -0.04524160921573639,
          0.05117187276482582,
          0.03738411143422127
        ],
        "camera_frame_conversion": "opencv_to_opengl",
        "center_strategy": "median",
        "extrinsics_source": "sensor_param.base_camera.cam2world_gl",
        "intrinsics_source": "provided"
      },
      "num_points": 22,
      "point_cloud_path": null,
      "segmentation_id": null,
      "world_xyz": [
        -0.03473161160945892,
        0.04635937511920929,
        0.04110294580459595
      ]
    }
  ]
}