{
  "min_xy_distance_from_pick": 0.05,
  "place_query": "green cube",
  "place_target_source": "predicted_place_object",
  "selected": {
    "metadata": {
      "num_candidates": 1,
      "num_close_to_pick_rejected": 0,
      "num_eligible_candidates": 1,
      "num_invalid_candidates": 0,
      "place_pick_xy_distance": 0.2818494141101837,
      "place_query": "green cube",
      "place_target_z": 0.02,
      "raw_semantic_world_xyz": [
        0.12019763141870499,
        -0.14007031917572021,
        0.00364077091217041
      ],
      "selected_candidate_index": 0,
      "selected_clip_score": 0.0,
      "selected_depth_valid_ratio": 0.9382716049382716,
      "selected_det_score": 0.7389036417007446,
      "selected_fused_2d_score": 0.7389036417007446,
      "selected_grasp_world_xyz": [
        0.12642018496990204,
        -0.13850000500679016,
        0.0033382177352905273
      ],
      "selected_num_points": 76,
      "selected_phrase": "green cube",
      "selected_world_xyz": [
        0.12642018496990204,
        -0.13850000500679016,
        0.019999999552965164
      ],
      "selection_reason": "first_ranked_candidate_far_from_pick"
    },
    "place_xyz": [
      0.12642018496990204,
      -0.13850000500679016,
      0.019999999552965164
    ],
    "source": "predicted_place_object"
  }
}