{
  "query": {
    "attributes": [
      "red"
    ],
    "normalized_prompt": "red cube",
    "raw_query": "red cube",
    "relations": [],
    "synonyms": [
      "cube",
      "block"
    ],
    "target_name": "cube"
  },
  "top_2d_candidate": {
    "box_xyxy": [
      61.46384811401367,
      89.59761810302734,
      69.29295349121094,
      98.11829376220703
    ],
    "clip_score": 0.0,
    "det_score": 0.5363556146621704,
    "fused_2d_score": 0.5363556146621704,
    "image_crop_path": null,
    "metadata": {
      "detector_metadata": {
        "model_id": "IDEA-Research/grounding-dino-tiny"
      },
      "detector_source": "transformers_groundingdino",
      "skip_clip": true
    },
    "phrase": "red cube",
    "rank": 0,
    "source": "detector_only"
  },
  "top_candidate_3d": {
    "box_area": 90,
    "box_xyxy": [
      61.46384811401367,
      89.59761810302734,
      69.29295349121094,
      98.11829376220703
    ],
    "camera_xyz": [
      0.008289062418043613,
      0.2454531192779541,
      0.5410000085830688
    ],
    "depth_valid_ratio": 1.0,
    "grasp_camera_xyz": [
      0.016875000670552254,
      0.27000001072883606,
      0.5400000214576721
    ],
    "grasp_metadata": {
      "applied": true,
      "component_count": 1,
      "component_fallback_reason": null,
      "component_radius": 0.03,
      "component_selection_strategy": "largest_component_then_low_spread",
      "component_sizes": [
        29
      ],
      "elevated_point_count": 29,
      "elevated_z_offset": 0.015,
      "fallback_reason": null,
      "local_support_point_count": 40,
      "local_support_radius": 0.04,
      "local_support_z_margin": 0.012,
      "min_elevated_points": 12,
      "min_points": 20,
      "num_workspace_points": 90,
      "reason": "component_elevated_xy_with_local_support_z",
      "selected_component_size": 29,
      "selected_component_spread": 0.02388174831867218,
      "selected_component_xy": [
        0.15833818912506104,
        0.008031249977648258
      ],
      "strategy": "workspace_elevated_xy_low_z",
      "support_z": 0.0030161142349243164,
      "support_z_percentile": 10.0,
      "workspace_bounds": {
        "abs_x_max": 0.2,
        "abs_y_max": 0.2,
        "z_max": 0.08,
        "z_min": -0.02
      }
    },
    "grasp_num_points": 29,
    "grasp_world_xyz": [
      0.15833818912506104,
      0.008031249977648258,
      0.003289341926574707
    ],
    "metadata": {
      "box_bounds_xyxy_exclusive": [
        61,
        89,
        70,
        99
      ],
      "box_center_world_xyz": [
        0.1657540202140808,
        0.008109374903142452,
        0.04275256395339966
      ],
      "camera_frame_conversion": "opencv_to_opengl",
      "center_strategy": "median",
      "extrinsics_source": "sensor_param.base_camera.cam2world_gl",
      "intrinsics_source": "provided"
    },
    "num_points": 90,
    "point_cloud_path": null,
    "segmentation_id": null,
    "world_xyz": [
      0.15833818912506104,
      0.008289062418043613,
      0.003572404384613037
    ]
  }
}