{
  "min_xy_distance_from_pick": 0.05,
  "place_query": "green cube",
  "place_target_source": "predicted_place_object",
  "selected": {
    "metadata": {
      "num_candidates": 2,
      "num_close_to_pick_rejected": 1,
      "num_eligible_candidates": 1,
      "num_invalid_candidates": 0,
      "place_pick_xy_distance": 0.2479802370071411,
      "place_query": "green cube",
      "place_target_z": 0.02,
      "raw_semantic_world_xyz": [
        -0.14573943614959717,
        0.030093751847743988,
        0.3493899703025818
      ],
      "selected_candidate_index": 0,
      "selected_clip_score": 0.0,
      "selected_depth_valid_ratio": 0.9087301587301587,
      "selected_det_score": 0.45839181542396545,
      "selected_fused_2d_score": 0.45839181542396545,
      "selected_grasp_world_xyz": [
        -0.078579843044281,
        0.06365625560283661,
        0.0038847923278808594
      ],
      "selected_num_points": 2519,
      "selected_phrase": "green cube",
      "selected_world_xyz": [
        -0.078579843044281,
        0.06365625560283661,
        0.019999999552965164
      ],
      "selection_reason": "first_ranked_candidate_far_from_pick"
    },
    "place_xyz": [
      -0.078579843044281,
      0.06365625560283661,
      0.019999999552965164
    ],
    "source": "predicted_place_object"
  }
}