{
  "query": {
    "attributes": [
      "red"
    ],
    "normalized_prompt": "red cube",
    "raw_query": "red cube",
    "relations": [],
    "synonyms": [
      "cube",
      "block"
    ],
    "target_name": "cube"
  },
  "top_2d_candidate": {
    "box_xyxy": [
      44.541866302490234,
      68.49968719482422,
      49.7180290222168,
      75.16254425048828
    ],
    "clip_score": 0.0,
    "det_score": 0.6258194446563721,
    "fused_2d_score": 0.6258194446563721,
    "image_crop_path": null,
    "metadata": {
      "detector_metadata": {
        "model_id": "IDEA-Research/grounding-dino-tiny"
      },
      "detector_source": "transformers_groundingdino",
      "skip_clip": true
    },
    "phrase": "red cube",
    "rank": 0,
    "source": "detector_only"
  },
  "top_candidate_3d": {
    "box_area": 48,
    "box_xyxy": [
      44.541866302490234,
      68.49968719482422,
      49.7180290222168,
      75.16254425048828
    ],
    "camera_xyz": [
      -0.1847812384366989,
      0.07889062166213989,
      0.6710000038146973
    ],
    "depth_valid_ratio": 0.8333333333333334,
    "grasp_camera_xyz": [
      -0.1795624941587448,
      0.10562500357627869,
      0.6759999990463257
    ],
    "grasp_metadata": {
      "applied": true,
      "component_count": 1,
      "component_fallback_reason": null,
      "component_radius": 0.03,
      "component_selection_strategy": "largest_component_then_low_spread",
      "component_sizes": [
        18
      ],
      "elevated_point_count": 18,
      "elevated_z_offset": 0.015,
      "fallback_reason": null,
      "local_support_point_count": 10,
      "local_support_radius": 0.04,
      "local_support_z_margin": 0.012,
      "min_elevated_points": 12,
      "min_points": 20,
      "num_workspace_points": 32,
      "reason": "component_elevated_xy_with_local_support_z",
      "selected_component_size": 18,
      "selected_component_spread": 0.0267405454069376,
      "selected_component_xy": [
        -0.05323329567909241,
        -0.18323436379432678
      ],
      "strategy": "workspace_elevated_xy_low_z",
      "support_z": 0.00392383337020874,
      "support_z_percentile": 10.0,
      "workspace_bounds": {
        "abs_x_max": 0.2,
        "abs_y_max": 0.2,
        "z_max": 0.08,
        "z_min": -0.02
      }
    },
    "grasp_num_points": 18,
    "grasp_world_xyz": [
      -0.05323329567909241,
      -0.18323436379432678,
      0.003992140293121338
    ],
    "metadata": {
      "box_bounds_xyxy_exclusive": [
        44,
        68,
        50,
        76
      ],
      "box_center_world_xyz": [
        -0.04155202955007553,
        -0.17212499678134918,
        0.043396759778261185
      ],
      "camera_frame_conversion": "opencv_to_opengl",
      "center_strategy": "median",
      "extrinsics_source": "sensor_param.base_camera.cam2world_gl",
      "intrinsics_source": "provided"
    },
    "num_points": 40,
    "point_cloud_path": null,
    "segmentation_id": null,
    "world_xyz": [
      -0.05323329567909241,
      -0.1847812384366989,
      0.006588578224182129
    ]
  }
}