{
  "query": {
    "attributes": [
      "red"
    ],
    "normalized_prompt": "red cube",
    "raw_query": "red cube",
    "relations": [],
    "synonyms": [
      "cube",
      "block"
    ],
    "target_name": "cube"
  },
  "top_2d_candidate": {
    "box_xyxy": [
      69.66471099853516,
      68.56477355957031,
      75.29302215576172,
      74.2215576171875
    ],
    "clip_score": 0.0,
    "det_score": 0.5947558283805847,
    "fused_2d_score": 0.5947558283805847,
    "image_crop_path": null,
    "metadata": {
      "detector_metadata": {
        "model_id": "IDEA-Research/grounding-dino-tiny"
      },
      "detector_source": "transformers_groundingdino",
      "skip_clip": true
    },
    "phrase": "red cube",
    "rank": 0,
    "source": "detector_only"
  },
  "top_candidate_3d": {
    "box_area": 49,
    "box_xyxy": [
      69.66471099853516,
      68.56477355957031,
      75.29302215576172,
      74.2215576171875
    ],
    "camera_xyz": [
      0.08287499845027924,
      0.07514062523841858,
      0.6790000200271606
    ],
    "depth_valid_ratio": 0.8775510204081632,
    "grasp_camera_xyz": [
      0.0650625005364418,
      0.08675000071525574,
      0.6940000057220459
    ],
    "grasp_metadata": {
      "applied": true,
      "component_count": 1,
      "component_fallback_reason": null,
      "component_radius": 0.03,
      "component_selection_strategy": "largest_component_then_low_spread",
      "component_sizes": [
        15
      ],
      "elevated_point_count": 15,
      "elevated_z_offset": 0.015,
      "fallback_reason": null,
      "local_support_point_count": 15,
      "local_support_radius": 0.04,
      "local_support_z_margin": 0.012,
      "min_elevated_points": 12,
      "min_points": 20,
      "num_workspace_points": 42,
      "reason": "component_elevated_xy_with_local_support_z",
      "selected_component_size": 15,
      "selected_component_spread": 0.022638391703367233,
      "selected_component_xy": [
        -0.06563693284988403,
        0.08150000125169754
      ],
      "strategy": "workspace_elevated_xy_low_z",
      "support_z": 0.0035138726234436035,
      "support_z_percentile": 10.0,
      "workspace_bounds": {
        "abs_x_max": 0.2,
        "abs_y_max": 0.2,
        "z_max": 0.08,
        "z_min": -0.02
      }
    },
    "grasp_num_points": 15,
    "grasp_world_xyz": [
      -0.06563693284988403,
      0.08150000125169754,
      0.0038847923278808594
    ],
    "metadata": {
      "box_bounds_xyxy_exclusive": [
        69,
        68,
        76,
        75
      ],
      "box_center_world_xyz": [
        -0.06186192110180855,
        0.08387500047683716,
        0.03019028902053833
      ],
      "camera_frame_conversion": "opencv_to_opengl",
      "center_strategy": "median",
      "extrinsics_source": "sensor_param.base_camera.cam2world_gl",
      "intrinsics_source": "provided"
    },
    "num_points": 43,
    "point_cloud_path": null,
    "segmentation_id": null,
    "world_xyz": [
      -0.06563693284988403,
      0.08287499845027924,
      0.004294753074645996
    ]
  }
}