{
  "candidates_3d": [
    {
      "box_area": 81,
      "box_xyxy": [
        38.60649871826172,
        80.57664489746094,
        46.13953399658203,
        88.22604370117188
      ],
      "camera_xyz": [
        -0.1994355320930481,
        0.18386836349964142,
        0.598100483417511
      ],
      "depth_valid_ratio": 1.0,
      "grasp_camera_xyz": [
        -0.18746478855609894,
        0.20621126890182495,
        0.5998873114585876
      ],
      "grasp_metadata": {
        "applied": true,
        "component_count": 1,
        "component_fallback_reason": null,
        "component_radius": 0.03,
        "component_selection_strategy": "largest_component_then_low_spread",
        "component_sizes": [
          22
        ],
        "elevated_point_count": 22,
        "elevated_z_offset": 0.015,
        "fallback_reason": null,
        "local_support_point_count": 12,
        "local_support_radius": 0.04,
        "local_support_z_margin": 0.012,
        "min_elevated_points": 12,
        "min_points": 20,
        "num_workspace_points": 41,
        "reason": "component_elevated_xy_with_local_support_z",
        "selected_component_size": 22,
        "selected_component_spread": 0.029698889702558517,
        "selected_component_xy": [
          0.08031729608774185,
          -0.1899259388446808
        ],
        "strategy": "workspace_elevated_xy_low_z",
        "support_z": -0.00839531421661377,
        "support_z_percentile": 10.0,
        "workspace_bounds": {
          "abs_x_max": 0.2,
          "abs_y_max": 0.2,
          "z_max": 0.08,
          "z_min": -0.02
        }
      },
      "grasp_num_points": 22,
      "grasp_world_xyz": [
        0.08031729608774185,
        -0.1899259388446808,
        -0.0045486390590667725
      ],
      "metadata": {
        "box_bounds_xyxy_exclusive": [
          38,
          80,
          47,
          89
        ],
        "box_center_world_xyz": [
          0.08593706786632538,
          -0.1932998150587082,
          0.051120780408382416
        ],
        "camera_frame_conversion": "opencv_to_opengl",
        "center_strategy": "median",
        "extrinsics_source": "sensor_param.base_camera.cam2world_gl",
        "intrinsics_source": "provided"
      },
      "num_points": 81,
      "point_cloud_path": null,
      "segmentation_id": null,
      "world_xyz": [
        0.07760228216648102,
        -0.1994355320930481,
        0.006725907325744629
      ]
    }
  ]
}