{
  "candidates_3d": [
    {
      "box_area": 72,
      "box_xyxy": [
        76.54218292236328,
        71.53923034667969,
        83.3083724975586,
        79.3619384765625
      ],
      "camera_xyz": [
        0.15587499737739563,
        0.10896874964237213,
        0.6499999761581421
      ],
      "depth_valid_ratio": 1.0,
      "grasp_camera_xyz": [
        0.14284375309944153,
        0.13264063000679016,
        0.652999997138977
      ],
      "grasp_metadata": {
        "applied": true,
        "component_count": 1,
        "component_fallback_reason": null,
        "component_radius": 0.03,
        "component_selection_strategy": "largest_component_then_low_spread",
        "component_sizes": [
          24
        ],
        "elevated_point_count": 24,
        "elevated_z_offset": 0.015,
        "fallback_reason": null,
        "local_support_point_count": 22,
        "local_support_radius": 0.04,
        "local_support_z_margin": 0.012,
        "min_elevated_points": 12,
        "min_points": 20,
        "num_workspace_points": 68,
        "reason": "component_elevated_xy_with_local_support_z",
        "selected_component_size": 24,
        "selected_component_spread": 0.02450750209391117,
        "selected_component_xy": [
          -0.018016144633293152,
          0.15343749523162842
        ],
        "strategy": "workspace_elevated_xy_low_z",
        "support_z": 0.0036115050315856934,
        "support_z_percentile": 10.0,
        "workspace_bounds": {
          "abs_x_max": 0.2,
          "abs_y_max": 0.2,
          "z_max": 0.08,
          "z_min": -0.02
        }
      },
      "grasp_num_points": 24,
      "grasp_world_xyz": [
        -0.018016144633293152,
        0.15343749523162842,
        0.0036700665950775146
      ],
      "metadata": {
        "box_bounds_xyxy_exclusive": [
          76,
          71,
          84,
          80
        ],
        "box_center_world_xyz": [
          -0.007532969117164612,
          0.15674999356269836,
          0.04307466000318527
        ],
        "camera_frame_conversion": "opencv_to_opengl",
        "center_strategy": "median",
        "extrinsics_source": "sensor_param.base_camera.cam2world_gl",
        "intrinsics_source": "provided"
      },
      "num_points": 72,
      "point_cloud_path": null,
      "segmentation_id": null,
      "world_xyz": [
        -0.017579346895217896,
        0.15587499737739563,
        0.0038847923278808594
      ]
    }
  ]
}