{
  "candidates_3d": [
    {
      "box_area": 56,
      "box_xyxy": [
        41.63493347167969,
        73.62245178222656,
        47.298851013183594,
        80.35722351074219
      ],
      "camera_xyz": [
        -0.19765624403953552,
        0.12450780719518661,
        0.6359999775886536
      ],
      "depth_valid_ratio": 1.0,
      "grasp_camera_xyz": [
        -0.17265623807907104,
        0.14218749105930328,
        0.6499999761581421
      ],
      "grasp_metadata": {
        "applied": true,
        "component_count": 1,
        "component_fallback_reason": null,
        "component_radius": 0.03,
        "component_selection_strategy": "largest_component_then_low_spread",
        "component_sizes": [
          14
        ],
        "elevated_point_count": 14,
        "elevated_z_offset": 0.015,
        "fallback_reason": null,
        "local_support_point_count": 11,
        "local_support_radius": 0.04,
        "local_support_z_margin": 0.012,
        "min_elevated_points": 12,
        "min_points": 20,
        "num_workspace_points": 29,
        "reason": "component_elevated_xy_with_local_support_z",
        "selected_component_size": 14,
        "selected_component_spread": 0.021526198834180832,
        "selected_component_xy": [
          0.0034650564193725586,
          -0.1833203136920929
        ],
        "strategy": "workspace_elevated_xy_low_z",
        "support_z": 0.0037052035331726074,
        "support_z_percentile": 10.0,
        "workspace_bounds": {
          "abs_x_max": 0.2,
          "abs_y_max": 0.2,
          "z_max": 0.08,
          "z_min": -0.02
        }
      },
      "grasp_num_points": 14,
      "grasp_world_xyz": [
        0.0034650564193725586,
        -0.1833203136920929,
        0.004041016101837158
      ],
      "metadata": {
        "box_bounds_xyxy_exclusive": [
          41,
          73,
          48,
          81
        ],
        "box_center_world_xyz": [
          0.014292314648628235,
          -0.1915624886751175,
          0.043543197214603424
        ],
        "camera_frame_conversion": "opencv_to_opengl",
        "center_strategy": "median",
        "extrinsics_source": "sensor_param.base_camera.cam2world_gl",
        "intrinsics_source": "provided"
      },
      "num_points": 56,
      "point_cloud_path": null,
      "segmentation_id": null,
      "world_xyz": [
        0.0034650564193725586,
        -0.19765624403953552,
        0.004060506820678711
      ]
    }
  ]
}