{
  "query": {
    "attributes": [
      "red"
    ],
    "normalized_prompt": "red cube",
    "raw_query": "red cube",
    "relations": [],
    "synonyms": [
      "cube",
      "block"
    ],
    "target_name": "cube"
  },
  "top_2d_candidate": {
    "box_xyxy": [
      64.01945495605469,
      73.44792175292969,
      69.37435913085938,
      80.00724792480469
    ],
    "clip_score": 0.0,
    "det_score": 0.6293960213661194,
    "fused_2d_score": 0.6293960213661194,
    "image_crop_path": null,
    "metadata": {
      "detector_metadata": {
        "model_id": "IDEA-Research/grounding-dino-tiny"
      },
      "detector_source": "transformers_groundingdino",
      "skip_clip": true
    },
    "phrase": "red cube",
    "rank": 0,
    "source": "detector_only"
  },
  "top_candidate_3d": {
    "box_area": 48,
    "box_xyxy": [
      64.01945495605469,
      73.44792175292969,
      69.37435913085938,
      80.00724792480469
    ],
    "camera_xyz": [
      0.024869486689567566,
      0.12363946437835693,
      0.6394572257995605
    ],
    "depth_valid_ratio": 1.0,
    "grasp_camera_xyz": [
      0.02006513997912407,
      0.15048855543136597,
      0.6420844793319702
    ],
    "grasp_metadata": {
      "applied": true,
      "component_count": 1,
      "component_fallback_reason": null,
      "component_radius": 0.03,
      "component_selection_strategy": "largest_component_then_low_spread",
      "component_sizes": [
        27
      ],
      "elevated_point_count": 27,
      "elevated_z_offset": 0.015,
      "fallback_reason": null,
      "local_support_point_count": 13,
      "local_support_radius": 0.04,
      "local_support_z_margin": 0.012,
      "min_elevated_points": 12,
      "min_points": 20,
      "num_workspace_points": 48,
      "reason": "component_elevated_xy_with_local_support_z",
      "selected_component_size": 27,
      "selected_component_spread": 0.041754916310310364,
      "selected_component_xy": [
        0.0030870437622070312,
        0.028514869511127472
      ],
      "strategy": "workspace_elevated_xy_low_z",
      "support_z": -0.0055220481008291245,
      "support_z_percentile": 10.0,
      "workspace_bounds": {
        "abs_x_max": 0.2,
        "abs_y_max": 0.2,
        "z_max": 0.08,
        "z_min": -0.02
      }
    },
    "grasp_num_points": 27,
    "grasp_world_xyz": [
      0.0030870437622070312,
      0.028514869511127472,
      0.0018360614776611328
    ],
    "metadata": {
      "box_bounds_xyxy_exclusive": [
        64,
        73,
        70,
        81
      ],
      "box_center_world_xyz": [
        0.01647486537694931,
        0.028514869511127472,
        0.047794029116630554
      ],
      "camera_frame_conversion": "opencv_to_opengl",
      "center_strategy": "median",
      "extrinsics_source": "sensor_param.base_camera.cam2world_gl",
      "intrinsics_source": "provided"
    },
    "num_points": 48,
    "point_cloud_path": null,
    "segmentation_id": null,
    "world_xyz": [
      0.0035933852195739746,
      0.024869486689567566,
      0.011094808578491211
    ]
  }
}