{
  "candidates_3d": [
    {
      "box_area": 64,
      "box_xyxy": [
        52.54416275024414,
        73.61618041992188,
        59.02729415893555,
        80.34823608398438
      ],
      "camera_xyz": [
        -0.08570406585931778,
        0.12407276034355164,
        0.642514705657959
      ],
      "depth_valid_ratio": 1.0,
      "grasp_camera_xyz": [
        -0.10040071606636047,
        0.1506010740995407,
        0.642564594745636
      ],
      "grasp_metadata": {
        "applied": true,
        "component_count": 1,
        "component_fallback_reason": null,
        "component_radius": 0.03,
        "component_selection_strategy": "largest_component_then_low_spread",
        "component_sizes": [
          23
        ],
        "elevated_point_count": 23,
        "elevated_z_offset": 0.015,
        "fallback_reason": null,
        "local_support_point_count": 19,
        "local_support_radius": 0.04,
        "local_support_z_margin": 0.012,
        "min_elevated_points": 12,
        "min_points": 20,
        "num_workspace_points": 64,
        "reason": "component_elevated_xy_with_local_support_z",
        "selected_component_size": 23,
        "selected_component_spread": 0.02395552583038807,
        "selected_component_xy": [
          0.007400810718536377,
          -0.086763396859169
        ],
        "strategy": "workspace_elevated_xy_low_z",
        "support_z": -0.00037283889832906425,
        "support_z_percentile": 10.0,
        "workspace_bounds": {
          "abs_x_max": 0.2,
          "abs_y_max": 0.2,
          "z_max": 0.08,
          "z_min": -0.02
        }
      },
      "grasp_num_points": 23,
      "grasp_world_xyz": [
        0.007400810718536377,
        -0.086763396859169,
        0.004136502742767334
      ],
      "metadata": {
        "box_bounds_xyxy_exclusive": [
          52,
          73,
          60,
          81
        ],
        "box_center_world_xyz": [
          0.016275927424430847,
          -0.07609300315380096,
          0.04740658402442932
        ],
        "camera_frame_conversion": "opencv_to_opengl",
        "center_strategy": "median",
        "extrinsics_source": "sensor_param.base_camera.cam2world_gl",
        "intrinsics_source": "provided"
      },
      "num_points": 64,
      "point_cloud_path": null,
      "segmentation_id": null,
      "world_xyz": [
        0.0014500319957733154,
        -0.08570406585931778,
        0.008373469114303589
      ]
    }
  ]
}