{
  "query": {
    "attributes": [
      "red"
    ],
    "normalized_prompt": "red cube",
    "raw_query": "red cube",
    "relations": [],
    "synonyms": [
      "cube",
      "block"
    ],
    "target_name": "cube"
  },
  "top_2d_candidate": {
    "box_xyxy": [
      47.50545883178711,
      74.5704345703125,
      54.3786506652832,
      82.27134704589844
    ],
    "clip_score": 0.0,
    "det_score": 0.5299847722053528,
    "fused_2d_score": 0.5299847722053528,
    "image_crop_path": null,
    "metadata": {
      "detector_metadata": {
        "model_id": "IDEA-Research/grounding-dino-tiny"
      },
      "detector_source": "transformers_groundingdino",
      "skip_clip": true
    },
    "phrase": "red cube",
    "rank": 0,
    "source": "detector_only"
  },
  "top_candidate_3d": {
    "box_area": 72,
    "box_xyxy": [
      47.50545883178711,
      74.5704345703125,
      54.3786506652832,
      82.27134704589844
    ],
    "camera_xyz": [
      -0.13179688155651093,
      0.13823437690734863,
      0.6299999952316284
    ],
    "depth_valid_ratio": 0.7777777777777778,
    "grasp_camera_xyz": [
      -0.13781249523162842,
      0.16734375059604645,
      0.6299999952316284
    ],
    "grasp_metadata": {
      "applied": true,
      "component_count": 1,
      "component_fallback_reason": null,
      "component_radius": 0.03,
      "component_selection_strategy": "largest_component_then_low_spread",
      "component_sizes": [
        18
      ],
      "elevated_point_count": 18,
      "elevated_z_offset": 0.015,
      "fallback_reason": null,
      "local_support_point_count": 17,
      "local_support_radius": 0.04,
      "local_support_z_margin": 0.012,
      "min_elevated_points": 12,
      "min_points": 20,
      "num_workspace_points": 56,
      "reason": "component_elevated_xy_with_local_support_z",
      "selected_component_size": 18,
      "selected_component_spread": 0.02481243759393692,
      "selected_component_xy": [
        0.02131769061088562,
        -0.12859375774860382
      ],
      "strategy": "workspace_elevated_xy_low_z",
      "support_z": 0.003103911876678467,
      "support_z_percentile": 10.0,
      "workspace_bounds": {
        "abs_x_max": 0.2,
        "abs_y_max": 0.2,
        "z_max": 0.08,
        "z_min": -0.02
      }
    },
    "grasp_num_points": 18,
    "grasp_world_xyz": [
      0.02131769061088562,
      -0.12859375774860382,
      0.0035138726234436035
    ],
    "metadata": {
      "box_bounds_xyxy_exclusive": [
        47,
        74,
        55,
        83
      ],
      "box_center_world_xyz": [
        0.02449483424425125,
        -0.12329687178134918,
        0.043064892292022705
      ],
      "camera_frame_conversion": "opencv_to_opengl",
      "center_strategy": "median",
      "extrinsics_source": "sensor_param.base_camera.cam2world_gl",
      "intrinsics_source": "provided"
    },
    "num_points": 56,
    "point_cloud_path": null,
    "segmentation_id": null,
    "world_xyz": [
      0.01949971914291382,
      -0.13179688155651093,
      0.003992140293121338
    ]
  }
}