{
  "candidates_3d": [
    {
      "box_area": 56,
      "box_xyxy": [
        68.58660888671875,
        68.5158920288086,
        74.15255737304688,
        75.45796966552734
      ],
      "camera_xyz": [
        0.07204610109329224,
        0.06935903429985046,
        0.6650762557983398
      ],
      "depth_valid_ratio": 1.0,
      "grasp_camera_xyz": [
        0.07389938831329346,
        0.10557055473327637,
        0.6756515502929688
      ],
      "grasp_metadata": {
        "applied": true,
        "component_count": 1,
        "component_fallback_reason": null,
        "component_radius": 0.03,
        "component_selection_strategy": "largest_component_then_low_spread",
        "component_sizes": [
          20
        ],
        "elevated_point_count": 20,
        "elevated_z_offset": 0.015,
        "fallback_reason": null,
        "local_support_point_count": 11,
        "local_support_radius": 0.04,
        "local_support_z_margin": 0.012,
        "min_elevated_points": 12,
        "min_points": 20,
        "num_workspace_points": 41,
        "reason": "component_elevated_xy_with_local_support_z",
        "selected_component_size": 20,
        "selected_component_spread": 0.045362215489149094,
        "selected_component_xy": [
          -0.04319046437740326,
          0.07204610109329224
        ],
        "strategy": "workspace_elevated_xy_low_z",
        "support_z": -0.004667520523071289,
        "support_z_percentile": 10.0,
        "workspace_bounds": {
          "abs_x_max": 0.2,
          "abs_y_max": 0.2,
          "z_max": 0.08,
          "z_min": -0.02
        }
      },
      "grasp_num_points": 20,
      "grasp_world_xyz": [
        -0.04319046437740326,
        0.07204610109329224,
        0.0007941126823425293
      ],
      "metadata": {
        "box_bounds_xyxy_exclusive": [
          68,
          68,
          75,
          76
        ],
        "box_center_world_xyz": [
          -0.03472936898469925,
          0.06945923715829849,
          0.054515160620212555
        ],
        "camera_frame_conversion": "opencv_to_opengl",
        "center_strategy": "median",
        "extrinsics_source": "sensor_param.base_camera.cam2world_gl",
        "intrinsics_source": "provided"
      },
      "num_points": 56,
      "point_cloud_path": null,
      "segmentation_id": null,
      "world_xyz": [
        -0.03585006296634674,
        0.07204610109329224,
        0.032126933336257935
      ]
    }
  ]
}