{
  "candidates_3d": [
    {
      "box_area": 64,
      "box_xyxy": [
        71.7813949584961,
        81.44168853759766,
        78.38834381103516,
        88.40967559814453
      ],
      "camera_xyz": [
        0.09637024998664856,
        0.18563050031661987,
        0.5881345868110657
      ],
      "depth_valid_ratio": 1.0,
      "grasp_camera_xyz": [
        0.10066759586334229,
        0.2104867845773697,
        0.5857023596763611
      ],
      "grasp_metadata": {
        "applied": true,
        "component_count": 1,
        "component_fallback_reason": null,
        "component_radius": 0.03,
        "component_selection_strategy": "largest_component_then_low_spread",
        "component_sizes": [
          28
        ],
        "elevated_point_count": 28,
        "elevated_z_offset": 0.015,
        "fallback_reason": null,
        "local_support_point_count": 19,
        "local_support_radius": 0.04,
        "local_support_z_margin": 0.012,
        "min_elevated_points": 12,
        "min_points": 20,
        "num_workspace_points": 64,
        "reason": "component_elevated_xy_with_local_support_z",
        "selected_component_size": 28,
        "selected_component_spread": 0.025273440405726433,
        "selected_component_xy": [
          0.08622120320796967,
          0.09637024998664856
        ],
        "strategy": "workspace_elevated_xy_low_z",
        "support_z": -0.0017743825446814299,
        "support_z_percentile": 10.0,
        "workspace_bounds": {
          "abs_x_max": 0.2,
          "abs_y_max": 0.2,
          "z_max": 0.08,
          "z_min": -0.02
        }
      },
      "grasp_num_points": 28,
      "grasp_world_xyz": [
        0.08622120320796967,
        0.09637024998664856,
        0.0037499666213989258
      ],
      "metadata": {
        "box_bounds_xyxy_exclusive": [
          71,
          81,
          79,
          89
        ],
        "box_center_world_xyz": [
          0.0917799174785614,
          0.09712482988834381,
          0.042907893657684326
        ],
        "camera_frame_conversion": "opencv_to_opengl",
        "center_strategy": "median",
        "extrinsics_source": "sensor_param.base_camera.cam2world_gl",
        "intrinsics_source": "provided"
      },
      "num_points": 64,
      "point_cloud_path": null,
      "segmentation_id": null,
      "world_xyz": [
        0.08299555629491806,
        0.09637024998664856,
        0.008732080459594727
      ]
    }
  ]
}