{
  "min_xy_distance_from_pick": 0.05,
  "place_query": "green cube",
  "place_target_source": "predicted_place_object",
  "selected": {
    "metadata": {
      "num_candidates": 1,
      "num_close_to_pick_rejected": 0,
      "num_eligible_candidates": 1,
      "num_invalid_candidates": 0,
      "place_pick_xy_distance": 0.1580253541469574,
      "place_query": "green cube",
      "place_target_z": 0.02,
      "raw_semantic_world_xyz": [
        -0.018199175596237183,
        -0.20805469155311584,
        0.0038847923278808594
      ],
      "selected_candidate_index": 0,
      "selected_clip_score": 0.0,
      "selected_depth_valid_ratio": 1.0,
      "selected_det_score": 0.7178061008453369,
      "selected_fused_2d_score": 0.7178061008453369,
      "selected_grasp_world_xyz": [
        -0.01920454204082489,
        -0.18703123927116394,
        0.004026323556900024
      ],
      "selected_num_points": 64,
      "selected_phrase": "green cube",
      "selected_world_xyz": [
        -0.01920454204082489,
        -0.18703123927116394,
        0.019999999552965164
      ],
      "selection_reason": "first_ranked_candidate_far_from_pick"
    },
    "place_xyz": [
      -0.01920454204082489,
      -0.18703123927116394,
      0.019999999552965164
    ],
    "source": "predicted_place_object"
  }
}