{
  "query": {
    "attributes": [
      "red"
    ],
    "normalized_prompt": "red cube",
    "raw_query": "red cube",
    "relations": [],
    "synonyms": [
      "cube",
      "block"
    ],
    "target_name": "cube"
  },
  "top_2d_candidate": {
    "box_xyxy": [
      77.64855194091797,
      74.42190551757812,
      84.34937286376953,
      81.25541687011719
    ],
    "clip_score": 0.0,
    "det_score": 0.5729915499687195,
    "fused_2d_score": 0.5729915499687195,
    "image_crop_path": null,
    "metadata": {
      "detector_metadata": {
        "model_id": "IDEA-Research/grounding-dino-tiny"
      },
      "detector_source": "transformers_groundingdino",
      "skip_clip": true
    },
    "phrase": "red cube",
    "rank": 0,
    "source": "detector_only"
  },
  "top_candidate_3d": {
    "box_area": 64,
    "box_xyxy": [
      77.64855194091797,
      74.42190551757812,
      84.34937286376953,
      81.25541687011719
    ],
    "camera_xyz": [
      0.1645546853542328,
      0.1331171989440918,
      0.6309999823570251
    ],
    "depth_valid_ratio": 0.90625,
    "grasp_camera_xyz": [
      0.1577499955892563,
      0.1577499955892563,
      0.6309999823570251
    ],
    "grasp_metadata": {
      "applied": true,
      "component_count": 1,
      "component_fallback_reason": null,
      "component_radius": 0.03,
      "component_selection_strategy": "largest_component_then_low_spread",
      "component_sizes": [
        20
      ],
      "elevated_point_count": 20,
      "elevated_z_offset": 0.015,
      "fallback_reason": null,
      "local_support_point_count": 20,
      "local_support_radius": 0.04,
      "local_support_z_margin": 0.012,
      "min_elevated_points": 12,
      "min_points": 20,
      "num_workspace_points": 51,
      "reason": "component_elevated_xy_with_local_support_z",
      "selected_component_size": 20,
      "selected_component_spread": 0.022907083854079247,
      "selected_component_xy": [
        0.014292299747467041,
        0.16362500190734863
      ],
      "strategy": "workspace_elevated_xy_low_z",
      "support_z": 0.0035138726234436035,
      "support_z_percentile": 10.0,
      "workspace_bounds": {
        "abs_x_max": 0.2,
        "abs_y_max": 0.2,
        "z_max": 0.08,
        "z_min": -0.02
      }
    },
    "grasp_num_points": 20,
    "grasp_world_xyz": [
      0.014292299747467041,
      0.16362500190734863,
      0.0037432610988616943
    ],
    "metadata": {
      "box_bounds_xyxy_exclusive": [
        77,
        74,
        85,
        82
      ],
      "box_center_world_xyz": [
        0.02449483424425125,
        0.16123437881469727,
        0.043064892292022705
      ],
      "camera_frame_conversion": "opencv_to_opengl",
      "center_strategy": "median",
      "extrinsics_source": "sensor_param.base_camera.cam2world_gl",
      "intrinsics_source": "provided"
    },
    "num_points": 58,
    "point_cloud_path": null,
    "segmentation_id": null,
    "world_xyz": [
      0.014292299747467041,
      0.1645546853542328,
      0.003992140293121338
    ]
  }
}