{
  "candidates_3d": [
    {
      "box_area": 80,
      "box_xyxy": [
        58.54429626464844,
        91.57603454589844,
        65.36311340332031,
        100.23249816894531
      ],
      "camera_xyz": [
        -0.02357812598347664,
        0.2567499876022339,
        0.5320000052452087
      ],
      "depth_valid_ratio": 0.9,
      "grasp_camera_xyz": [
        -0.042265623807907104,
        0.2789531350135803,
        0.5410000085830688
      ],
      "grasp_metadata": {
        "applied": true,
        "component_count": 1,
        "component_fallback_reason": null,
        "component_radius": 0.03,
        "component_selection_strategy": "largest_component_then_low_spread",
        "component_sizes": [
          26
        ],
        "elevated_point_count": 26,
        "elevated_z_offset": 0.015,
        "fallback_reason": null,
        "local_support_point_count": 26,
        "local_support_radius": 0.04,
        "local_support_z_margin": 0.012,
        "min_elevated_points": 12,
        "min_points": 20,
        "num_workspace_points": 64,
        "reason": "component_elevated_xy_with_local_support_z",
        "selected_component_size": 26,
        "selected_component_spread": 0.022174764424562454,
        "selected_component_xy": [
          0.17331866919994354,
          -0.02357812598347664
        ],
        "strategy": "workspace_elevated_xy_low_z",
        "support_z": 0.0030190288089215755,
        "support_z_percentile": 10.0,
        "workspace_bounds": {
          "abs_x_max": 0.2,
          "abs_y_max": 0.2,
          "z_max": 0.08,
          "z_min": -0.02
        }
      },
      "grasp_num_points": 26,
      "grasp_world_xyz": [
        0.17331866919994354,
        -0.02357812598347664,
        0.003133237361907959
      ],
      "metadata": {
        "box_bounds_xyxy_exclusive": [
          58,
          91,
          66,
          101
        ],
        "box_center_world_xyz": [
          0.18076132237911224,
          -0.01590625010430813,
          0.043552905321121216
        ],
        "camera_frame_conversion": "opencv_to_opengl",
        "center_strategy": "median",
        "extrinsics_source": "sensor_param.base_camera.cam2world_gl",
        "intrinsics_source": "provided"
      },
      "num_points": 72,
      "point_cloud_path": null,
      "segmentation_id": null,
      "world_xyz": [
        0.17331866919994354,
        -0.02357812598347664,
        0.003572404384613037
      ]
    }
  ]
}