{
  "query": {
    "attributes": [
      "red"
    ],
    "normalized_prompt": "red cube",
    "raw_query": "red cube",
    "relations": [],
    "synonyms": [
      "cube",
      "block"
    ],
    "target_name": "cube"
  },
  "top_2d_candidate": {
    "box_xyxy": [
      58.555362701416016,
      81.40705871582031,
      65.08258056640625,
      88.18736267089844
    ],
    "clip_score": 0.0,
    "det_score": 0.6466913819313049,
    "fused_2d_score": 0.6466913819313049,
    "image_crop_path": null,
    "metadata": {
      "detector_metadata": {
        "model_id": "IDEA-Research/grounding-dino-tiny"
      },
      "detector_source": "transformers_groundingdino",
      "skip_clip": true
    },
    "phrase": "red cube",
    "rank": 0,
    "source": "detector_only"
  },
  "top_candidate_3d": {
    "box_area": 64,
    "box_xyxy": [
      58.555362701416016,
      81.40705871582031,
      65.08258056640625,
      88.18736267089844
    ],
    "camera_xyz": [
      -0.022902652621269226,
      0.185909241437912,
      0.5887056589126587
    ],
    "depth_valid_ratio": 1.0,
    "grasp_camera_xyz": [
      -0.02763059362769127,
      0.21183456480503082,
      0.5894526839256287
    ],
    "grasp_metadata": {
      "applied": true,
      "component_count": 1,
      "component_fallback_reason": null,
      "component_radius": 0.03,
      "component_selection_strategy": "largest_component_then_low_spread",
      "component_sizes": [
        27
      ],
      "elevated_point_count": 27,
      "elevated_z_offset": 0.015,
      "fallback_reason": null,
      "local_support_point_count": 21,
      "local_support_radius": 0.04,
      "local_support_z_margin": 0.012,
      "min_elevated_points": 12,
      "min_points": 20,
      "num_workspace_points": 64,
      "reason": "component_elevated_xy_with_local_support_z",
      "selected_component_size": 27,
      "selected_component_spread": 0.024598317220807076,
      "selected_component_xy": [
        0.08570623397827148,
        -0.026420284062623978
      ],
      "strategy": "workspace_elevated_xy_low_z",
      "support_z": -0.00012772076297551394,
      "support_z_percentile": 10.0,
      "workspace_bounds": {
        "abs_x_max": 0.2,
        "abs_y_max": 0.2,
        "z_max": 0.08,
        "z_min": -0.02
      }
    },
    "grasp_num_points": 27,
    "grasp_world_xyz": [
      0.08570623397827148,
      -0.026420284062623978,
      0.004727542400360107
    ],
    "metadata": {
      "box_bounds_xyxy_exclusive": [
        58,
        81,
        66,
        89
      ],
      "box_center_world_xyz": [
        0.09042096138000488,
        -0.017774313688278198,
        0.0392720028758049
      ],
      "camera_frame_conversion": "opencv_to_opengl",
      "center_strategy": "median",
      "extrinsics_source": "sensor_param.base_camera.cam2world_gl",
      "intrinsics_source": "provided"
    },
    "num_points": 64,
    "point_cloud_path": null,
    "segmentation_id": null,
    "world_xyz": [
      0.08302890509366989,
      -0.022902652621269226,
      0.008572131395339966
    ]
  }
}