{
  "min_xy_distance_from_pick": 0.05,
  "place_query": "green cube",
  "place_target_source": "predicted_place_object",
  "selected": {
    "metadata": {
      "num_candidates": 1,
      "num_close_to_pick_rejected": 0,
      "num_eligible_candidates": 1,
      "num_invalid_candidates": 0,
      "place_pick_xy_distance": 0.1626373529434204,
      "place_query": "green cube",
      "place_target_z": 0.02,
      "raw_semantic_world_xyz": [
        0.04723277688026428,
        0.01903124898672104,
        0.003777444362640381
      ],
      "selected_candidate_index": 0,
      "selected_clip_score": 0.0,
      "selected_depth_valid_ratio": 0.8194444444444444,
      "selected_det_score": 0.5303244590759277,
      "selected_fused_2d_score": 0.5303244590759277,
      "selected_grasp_world_xyz": [
        0.049633920192718506,
        0.027562499046325684,
        0.0036115050315856934
      ],
      "selected_num_points": 59,
      "selected_phrase": "green cube",
      "selected_world_xyz": [
        0.049633920192718506,
        0.027562499046325684,
        0.019999999552965164
      ],
      "selection_reason": "first_ranked_candidate_far_from_pick"
    },
    "place_xyz": [
      0.049633920192718506,
      0.027562499046325684,
      0.019999999552965164
    ],
    "source": "predicted_place_object"
  }
}