{
  "candidates_3d": [
    {
      "box_area": 56,
      "box_xyxy": [
        52.5782470703125,
        69.53627014160156,
        58.293861389160156,
        76.14126586914062
      ],
      "camera_xyz": [
        -0.0923776924610138,
        0.08862972259521484,
        0.6712572574615479
      ],
      "depth_valid_ratio": 1.0,
      "grasp_camera_xyz": [
        -0.08408255875110626,
        0.10510319471359253,
        0.6726604700088501
      ],
      "grasp_metadata": {
        "applied": true,
        "component_count": 1,
        "component_fallback_reason": null,
        "component_radius": 0.03,
        "component_selection_strategy": "largest_component_then_low_spread",
        "component_sizes": [
          18
        ],
        "elevated_point_count": 18,
        "elevated_z_offset": 0.015,
        "fallback_reason": null,
        "local_support_point_count": 22,
        "local_support_radius": 0.04,
        "local_support_z_margin": 0.012,
        "min_elevated_points": 12,
        "min_points": 20,
        "num_workspace_points": 56,
        "reason": "component_elevated_xy_with_local_support_z",
        "selected_component_size": 18,
        "selected_component_spread": 0.02490139752626419,
        "selected_component_xy": [
          -0.04308347404003143,
          -0.09184879809617996
        ],
        "strategy": "workspace_elevated_xy_low_z",
        "support_z": 0.00021776556968688965,
        "support_z_percentile": 10.0,
        "workspace_bounds": {
          "abs_x_max": 0.2,
          "abs_y_max": 0.2,
          "z_max": 0.08,
          "z_min": -0.02
        }
      },
      "grasp_num_points": 18,
      "grasp_world_xyz": [
        -0.04308347404003143,
        -0.09184879809617996,
        0.004421055316925049
      ],
      "metadata": {
        "box_bounds_xyxy_exclusive": [
          52,
          69,
          59,
          77
        ],
        "box_center_world_xyz": [
          -0.035264626145362854,
          -0.09156715124845505,
          0.034340281039476395
        ],
        "camera_frame_conversion": "opencv_to_opengl",
        "center_strategy": "median",
        "extrinsics_source": "sensor_param.base_camera.cam2world_gl",
        "intrinsics_source": "provided"
      },
      "num_points": 56,
      "point_cloud_path": null,
      "segmentation_id": null,
      "world_xyz": [
        -0.046134039759635925,
        -0.0923776924610138,
        0.007110089063644409
      ]
    }
  ]
}