{
  "candidates_3d": [
    {
      "box_area": 56,
      "box_xyxy": [
        52.5782470703125,
        69.53627014160156,
        58.293861389160156,
        76.14126586914062
      ],
      "camera_xyz": [
        -0.09250228106975555,
        0.08881412446498871,
        0.6733412742614746
      ],
      "depth_valid_ratio": 1.0,
      "grasp_camera_xyz": [
        -0.0852901041507721,
        0.10661263018846512,
        0.6823208332061768
      ],
      "grasp_metadata": {
        "applied": true,
        "component_count": 1,
        "component_fallback_reason": null,
        "component_radius": 0.03,
        "component_selection_strategy": "largest_component_then_low_spread",
        "component_sizes": [
          26
        ],
        "elevated_point_count": 26,
        "elevated_z_offset": 0.015,
        "fallback_reason": null,
        "local_support_point_count": 13,
        "local_support_radius": 0.04,
        "local_support_z_margin": 0.012,
        "min_elevated_points": 12,
        "min_points": 20,
        "num_workspace_points": 56,
        "reason": "component_elevated_xy_with_local_support_z",
        "selected_component_size": 26,
        "selected_component_spread": 0.03080928325653076,
        "selected_component_xy": [
          -0.04313170909881592,
          -0.09128894656896591
        ],
        "strategy": "workspace_elevated_xy_low_z",
        "support_z": -0.0033223330974578857,
        "support_z_percentile": 10.0,
        "workspace_bounds": {
          "abs_x_max": 0.2,
          "abs_y_max": 0.2,
          "z_max": 0.08,
          "z_min": -0.02
        }
      },
      "grasp_num_points": 26,
      "grasp_world_xyz": [
        -0.04313170909881592,
        -0.09128894656896591,
        -0.0010450482368469238
      ],
      "metadata": {
        "box_bounds_xyxy_exclusive": [
          52,
          69,
          59,
          77
        ],
        "box_center_world_xyz": [
          -0.039972856640815735,
          -0.09285306185483932,
          0.02639652043581009
        ],
        "camera_frame_conversion": "opencv_to_opengl",
        "center_strategy": "median",
        "extrinsics_source": "sensor_param.base_camera.cam2world_gl",
        "intrinsics_source": "provided"
      },
      "num_points": 56,
      "point_cloud_path": null,
      "segmentation_id": null,
      "world_xyz": [
        -0.04618749022483826,
        -0.09250228106975555,
        0.010107725858688354
      ]
    }
  ]
}