{
  "query": {
    "attributes": [
      "red"
    ],
    "normalized_prompt": "red cube",
    "raw_query": "red cube",
    "relations": [],
    "synonyms": [
      "cube",
      "block"
    ],
    "target_name": "cube"
  },
  "top_2d_candidate": {
    "box_xyxy": [
      63.652565002441406,
      78.50688934326172,
      70.3199234008789,
      86.24454498291016
    ],
    "clip_score": 0.0,
    "det_score": 0.6448050737380981,
    "fused_2d_score": 0.6448050737380981,
    "image_crop_path": null,
    "metadata": {
      "detector_metadata": {
        "model_id": "IDEA-Research/grounding-dino-tiny"
      },
      "detector_source": "transformers_groundingdino",
      "skip_clip": true
    },
    "phrase": "red cube",
    "rank": 0,
    "source": "detector_only"
  },
  "top_candidate_3d": {
    "box_area": 72,
    "box_xyxy": [
      63.652565002441406,
      78.50688934326172,
      70.3199234008789,
      86.24454498291016
    ],
    "camera_xyz": [
      0.02355789579451084,
      0.16753587126731873,
      0.6070346832275391
    ],
    "depth_valid_ratio": 1.0,
    "grasp_camera_xyz": [
      0.00966602936387062,
      0.19332058727741241,
      0.6186258792877197
    ],
    "grasp_metadata": {
      "applied": true,
      "component_count": 1,
      "component_fallback_reason": null,
      "component_radius": 0.03,
      "component_selection_strategy": "largest_component_then_low_spread",
      "component_sizes": [
        39
      ],
      "elevated_point_count": 39,
      "elevated_z_offset": 0.015,
      "fallback_reason": null,
      "local_support_point_count": 16,
      "local_support_radius": 0.04,
      "local_support_z_margin": 0.012,
      "min_elevated_points": 12,
      "min_points": 20,
      "num_workspace_points": 72,
      "reason": "component_elevated_xy_with_local_support_z",
      "selected_component_size": 39,
      "selected_component_spread": 0.047093361616134644,
      "selected_component_xy": [
        0.059139519929885864,
        0.02803364396095276
      ],
      "strategy": "workspace_elevated_xy_low_z",
      "support_z": -0.0038929819129407406,
      "support_z_percentile": 10.0,
      "workspace_bounds": {
        "abs_x_max": 0.2,
        "abs_y_max": 0.2,
        "z_max": 0.08,
        "z_min": -0.02
      }
    },
    "grasp_num_points": 39,
    "grasp_world_xyz": [
      0.059139519929885864,
      0.02803364396095276,
      -0.0013602972030639648
    ],
    "metadata": {
      "box_bounds_xyxy_exclusive": [
        63,
        78,
        71,
        87
      ],
      "box_center_world_xyz": [
        0.0631527304649353,
        0.027407754212617874,
        0.04069811850786209
      ],
      "camera_frame_conversion": "opencv_to_opengl",
      "center_strategy": "median",
      "extrinsics_source": "sensor_param.base_camera.cam2world_gl",
      "intrinsics_source": "provided"
    },
    "num_points": 72,
    "point_cloud_path": null,
    "segmentation_id": null,
    "world_xyz": [
      0.05652579665184021,
      0.02355789579451084,
      0.011777728796005249
    ]
  }
}