{
  "candidates_3d": [
    {
      "box_area": 72,
      "box_xyxy": [
        68.52751159667969,
        75.5061264038086,
        75.38058471679688,
        83.26490020751953
      ],
      "camera_xyz": [
        0.07394758611917496,
        0.14226457476615906,
        0.6248196363449097
      ],
      "depth_valid_ratio": 1.0,
      "grasp_camera_xyz": [
        0.06846114993095398,
        0.17604297399520874,
        0.6259305477142334
      ],
      "grasp_metadata": {
        "applied": true,
        "component_count": 1,
        "component_fallback_reason": null,
        "component_radius": 0.03,
        "component_selection_strategy": "largest_component_then_low_spread",
        "component_sizes": [
          36
        ],
        "elevated_point_count": 36,
        "elevated_z_offset": 0.015,
        "fallback_reason": null,
        "local_support_point_count": 17,
        "local_support_radius": 0.04,
        "local_support_z_margin": 0.012,
        "min_elevated_points": 12,
        "min_points": 20,
        "num_workspace_points": 72,
        "reason": "component_elevated_xy_with_local_support_z",
        "selected_component_size": 36,
        "selected_component_spread": 0.04723168909549713,
        "selected_component_xy": [
          0.029243364930152893,
          0.06627194583415985
        ],
        "strategy": "workspace_elevated_xy_low_z",
        "support_z": -0.006608295254409313,
        "support_z_percentile": 10.0,
        "workspace_bounds": {
          "abs_x_max": 0.2,
          "abs_y_max": 0.2,
          "z_max": 0.08,
          "z_min": -0.02
        }
      },
      "grasp_num_points": 36,
      "grasp_world_xyz": [
        0.029243364930152893,
        0.06627194583415985,
        -0.0001118779182434082
      ],
      "metadata": {
        "box_bounds_xyxy_exclusive": [
          68,
          75,
          76,
          84
        ],
        "box_center_world_xyz": [
          0.038049764931201935,
          0.07413479685783386,
          0.0500493198633194
        ],
        "camera_frame_conversion": "opencv_to_opengl",
        "center_strategy": "median",
        "extrinsics_source": "sensor_param.base_camera.cam2world_gl",
        "intrinsics_source": "provided"
      },
      "num_points": 72,
      "point_cloud_path": null,
      "segmentation_id": null,
      "world_xyz": [
        0.027027681469917297,
        0.07394758611917496,
        0.008480310440063477
      ]
    }
  ]
}