{
  "candidates_3d": [
    {
      "box_area": 56,
      "box_xyxy": [
        63.50554656982422,
        79.52626037597656,
        69.3724594116211,
        86.2314453125
      ],
      "camera_xyz": [
        0.018330752849578857,
        0.17101740837097168,
        0.5960848927497864
      ],
      "depth_valid_ratio": 1.0,
      "grasp_camera_xyz": [
        0.028228063136339188,
        0.19759643077850342,
        0.6021986603736877
      ],
      "grasp_metadata": {
        "applied": true,
        "component_count": 1,
        "component_fallback_reason": null,
        "component_radius": 0.03,
        "component_selection_strategy": "largest_component_then_low_spread",
        "component_sizes": [
          34
        ],
        "elevated_point_count": 34,
        "elevated_z_offset": 0.015,
        "fallback_reason": null,
        "local_support_point_count": 8,
        "local_support_radius": 0.04,
        "local_support_z_margin": 0.012,
        "min_elevated_points": 12,
        "min_points": 20,
        "num_workspace_points": 56,
        "reason": "component_elevated_xy_with_local_support_z",
        "selected_component_size": 34,
        "selected_component_spread": 0.02968250773847103,
        "selected_component_xy": [
          0.07078004628419876,
          0.018041741102933884
        ],
        "strategy": "workspace_elevated_xy_low_z",
        "support_z": -0.006244033575057983,
        "support_z_percentile": 10.0,
        "workspace_bounds": {
          "abs_x_max": 0.2,
          "abs_y_max": 0.2,
          "z_max": 0.08,
          "z_min": -0.02
        }
      },
      "grasp_num_points": 34,
      "grasp_world_xyz": [
        0.07078004628419876,
        0.018041741102933884,
        -0.0013410747051239014
      ],
      "metadata": {
        "box_bounds_xyxy_exclusive": [
          63,
          79,
          70,
          87
        ],
        "box_center_world_xyz": [
          0.07220396399497986,
          0.018119333311915398,
          0.03970669209957123
        ],
        "camera_frame_conversion": "opencv_to_opengl",
        "center_strategy": "median",
        "extrinsics_source": "sensor_param.base_camera.cam2world_gl",
        "intrinsics_source": "provided"
      },
      "num_points": 56,
      "point_cloud_path": null,
      "segmentation_id": null,
      "world_xyz": [
        0.06398158520460129,
        0.018330752849578857,
        0.013227194547653198
      ]
    }
  ]
}