{
  "query": {
    "attributes": [
      "red"
    ],
    "normalized_prompt": "red cube",
    "raw_query": "red cube",
    "relations": [],
    "synonyms": [
      "cube",
      "block"
    ],
    "target_name": "cube"
  },
  "top_2d_candidate": {
    "box_xyxy": [
      63.60789489746094,
      74.56975555419922,
      70.32247924804688,
      81.23307037353516
    ],
    "clip_score": 0.0,
    "det_score": 0.6545496582984924,
    "fused_2d_score": 0.6545496582984924,
    "image_crop_path": null,
    "metadata": {
      "detector_metadata": {
        "model_id": "IDEA-Research/grounding-dino-tiny"
      },
      "detector_source": "transformers_groundingdino",
      "skip_clip": true
    },
    "phrase": "red cube",
    "rank": 0,
    "source": "detector_only"
  },
  "top_candidate_3d": {
    "box_area": 64,
    "box_xyxy": [
      63.60789489746094,
      74.56975555419922,
      70.32247924804688,
      81.23307037353516
    ],
    "camera_xyz": [
      0.02483762800693512,
      0.1328691840171814,
      0.6330677270889282
    ],
    "depth_valid_ratio": 1.0,
    "grasp_camera_xyz": [
      0.029673364013433456,
      0.15825794637203217,
      0.6330317854881287
    ],
    "grasp_metadata": {
      "applied": true,
      "component_count": 1,
      "component_fallback_reason": null,
      "component_radius": 0.03,
      "component_selection_strategy": "largest_component_then_low_spread",
      "component_sizes": [
        25
      ],
      "elevated_point_count": 25,
      "elevated_z_offset": 0.015,
      "fallback_reason": null,
      "local_support_point_count": 17,
      "local_support_radius": 0.04,
      "local_support_z_margin": 0.012,
      "min_elevated_points": 12,
      "min_points": 20,
      "num_workspace_points": 64,
      "reason": "component_elevated_xy_with_local_support_z",
      "selected_component_size": 25,
      "selected_component_spread": 0.028516152873635292,
      "selected_component_xy": [
        0.01724708080291748,
        0.01946217752993107
      ],
      "strategy": "workspace_elevated_xy_low_z",
      "support_z": 0.00035908829886466265,
      "support_z_percentile": 10.0,
      "workspace_bounds": {
        "abs_x_max": 0.2,
        "abs_y_max": 0.2,
        "z_max": 0.08,
        "z_min": -0.02
      }
    },
    "grasp_num_points": 25,
    "grasp_world_xyz": [
      0.01724708080291748,
      0.01946217752993107,
      0.003926575183868408
    ],
    "metadata": {
      "box_bounds_xyxy_exclusive": [
        63,
        74,
        71,
        82
      ],
      "box_center_world_xyz": [
        0.023892633616924286,
        0.028515318408608437,
        0.041847534477710724
      ],
      "camera_frame_conversion": "opencv_to_opengl",
      "center_strategy": "median",
      "extrinsics_source": "sensor_param.base_camera.cam2world_gl",
      "intrinsics_source": "provided"
    },
    "num_points": 64,
    "point_cloud_path": null,
    "segmentation_id": null,
    "world_xyz": [
      0.01455599069595337,
      0.02483762800693512,
      0.0069009363651275635
    ]
  }
}