{
  "query": {
    "attributes": [
      "red"
    ],
    "normalized_prompt": "red cube",
    "raw_query": "red cube",
    "relations": [],
    "synonyms": [
      "cube",
      "block"
    ],
    "target_name": "cube"
  },
  "top_2d_candidate": {
    "box_xyxy": [
      59.619407653808594,
      68.57320404052734,
      65.27852630615234,
      75.1974868774414
    ],
    "clip_score": 0.0,
    "det_score": 0.6093550324440002,
    "fused_2d_score": 0.6093550324440002,
    "image_crop_path": null,
    "metadata": {
      "detector_metadata": {
        "model_id": "IDEA-Research/grounding-dino-tiny"
      },
      "detector_source": "transformers_groundingdino",
      "skip_clip": true
    },
    "phrase": "red cube",
    "rank": 0,
    "source": "detector_only"
  },
  "top_candidate_3d": {
    "box_area": 56,
    "box_xyxy": [
      59.619407653808594,
      68.57320404052734,
      65.27852630615234,
      75.1974868774414
    ],
    "camera_xyz": [
      -0.020650967955589294,
      0.07888828217983246,
      0.6754752397537231
    ],
    "depth_valid_ratio": 1.0,
    "grasp_camera_xyz": [
      -0.031984664499759674,
      0.10661555826663971,
      0.6823395490646362
    ],
    "grasp_metadata": {
      "applied": true,
      "component_count": 1,
      "component_fallback_reason": null,
      "component_radius": 0.03,
      "component_selection_strategy": "largest_component_then_low_spread",
      "component_sizes": [
        22
      ],
      "elevated_point_count": 22,
      "elevated_z_offset": 0.015,
      "fallback_reason": null,
      "local_support_point_count": 16,
      "local_support_radius": 0.04,
      "local_support_z_margin": 0.012,
      "min_elevated_points": 12,
      "min_points": 20,
      "num_workspace_points": 56,
      "reason": "component_elevated_xy_with_local_support_z",
      "selected_component_size": 22,
      "selected_component_spread": 0.023251570761203766,
      "selected_component_xy": [
        -0.05127623677253723,
        -0.020550966262817383
      ],
      "strategy": "workspace_elevated_xy_low_z",
      "support_z": -0.0012826621532440186,
      "support_z_percentile": 10.0,
      "workspace_bounds": {
        "abs_x_max": 0.2,
        "abs_y_max": 0.2,
        "z_max": 0.08,
        "z_min": -0.02
      }
    },
    "grasp_num_points": 22,
    "grasp_world_xyz": [
      -0.05127623677253723,
      -0.020550966262817383,
      0.0007434189319610596
    ],
    "metadata": {
      "box_bounds_xyxy_exclusive": [
        59,
        68,
        66,
        76
      ],
      "box_center_world_xyz": [
        -0.040779247879981995,
        -0.02020418457686901,
        0.044656071811914444
      ],
      "camera_frame_conversion": "opencv_to_opengl",
      "center_strategy": "median",
      "extrinsics_source": "sensor_param.base_camera.cam2world_gl",
      "intrinsics_source": "provided"
    },
    "num_points": 56,
    "point_cloud_path": null,
    "segmentation_id": null,
    "world_xyz": [
      -0.055653318762779236,
      -0.020650967955589294,
      0.005777806043624878
    ]
  }
}