{
  "candidates_3d": [
    {
      "box_area": 2541,
      "box_xyxy": [
        51.98655700683594,
        0.0,
        83.33816528320312,
        76.44297790527344
      ],
      "camera_xyz": [
        0.02043749950826168,
        -0.16818749904632568,
        0.6710000038146973
      ],
      "depth_valid_ratio": 0.8051948051948052,
      "grasp_camera_xyz": [
        0.08737500011920929,
        0.06553125381469727,
        0.6990000009536743
      ],
      "grasp_metadata": {
        "applied": true,
        "component_count": 1,
        "component_fallback_reason": null,
        "component_radius": 0.03,
        "component_selection_strategy": "largest_component_then_low_spread",
        "component_sizes": [
          16
        ],
        "elevated_point_count": 16,
        "elevated_z_offset": 0.015,
        "fallback_reason": null,
        "local_support_point_count": 12,
        "local_support_radius": 0.04,
        "local_support_z_margin": 0.012,
        "min_elevated_points": 12,
        "min_points": 20,
        "num_workspace_points": 239,
        "reason": "component_elevated_xy_with_local_support_z",
        "selected_component_size": 16,
        "selected_component_spread": 0.02281062677502632,
        "selected_component_xy": [
          -0.09045392274856567,
          0.10539062321186066
        ],
        "strategy": "workspace_elevated_xy_low_z",
        "support_z": 0.0036700370255857706,
        "support_z_percentile": 10.0,
        "workspace_bounds": {
          "abs_x_max": 0.2,
          "abs_y_max": 0.2,
          "z_max": 0.08,
          "z_min": -0.02
        }
      },
      "grasp_num_points": 16,
      "grasp_world_xyz": [
        -0.09045392274856567,
        0.10539062321186066,
        0.0038847923278808594
      ],
      "metadata": {
        "box_bounds_xyxy_exclusive": [
          51,
          0,
          84,
          77
        ],
        "box_center_world_xyz": [
          0.019306950271129608,
          0.013968750834465027,
          0.4429282546043396
        ],
        "camera_frame_conversion": "opencv_to_opengl",
        "center_strategy": "median",
        "extrinsics_source": "sensor_param.base_camera.cam2world_gl",
        "intrinsics_source": "provided"
      },
      "num_points": 2046,
      "point_cloud_path": null,
      "segmentation_id": null,
      "world_xyz": [
        -0.17664232850074768,
        0.02043749950826168,
        0.30631041526794434
      ]
    }
  ]
}