{
  "query": {
    "attributes": [
      "red"
    ],
    "normalized_prompt": "red cube",
    "raw_query": "red cube",
    "relations": [],
    "synonyms": [
      "cube",
      "block"
    ],
    "target_name": "cube"
  },
  "top_2d_candidate": {
    "box_xyxy": [
      41.71144485473633,
      73.54965209960938,
      48.29558181762695,
      81.08547973632812
    ],
    "clip_score": 0.0,
    "det_score": 0.6885900497436523,
    "fused_2d_score": 0.6885900497436523,
    "image_crop_path": null,
    "metadata": {
      "detector_metadata": {
        "model_id": "IDEA-Research/grounding-dino-tiny"
      },
      "detector_source": "transformers_groundingdino",
      "skip_clip": true
    },
    "phrase": "red cube",
    "rank": 0,
    "source": "detector_only"
  },
  "top_candidate_3d": {
    "box_area": 72,
    "box_xyxy": [
      41.71144485473633,
      73.54965209960938,
      48.29558181762695,
      81.08547973632812
    ],
    "camera_xyz": [
      -0.19593748450279236,
      0.12451562285423279,
      0.6370000243186951
    ],
    "depth_valid_ratio": 0.7916666666666666,
    "grasp_camera_xyz": [
      -0.17859375476837158,
      0.12864843010902405,
      0.6359999775886536
    ],
    "grasp_metadata": {
      "applied": true,
      "component_count": 1,
      "component_fallback_reason": "too_few_elevated_points",
      "component_radius": 0.03,
      "component_selection_strategy": "largest_workspace_component_then_low_spread",
      "component_sizes": [
        32
      ],
      "elevated_point_count": 11,
      "elevated_z_offset": 0.015,
      "fallback_reason": "too_few_elevated_points",
      "local_support_point_count": 0,
      "local_support_radius": 0.04,
      "local_support_z_margin": 0.012,
      "min_elevated_points": 12,
      "min_points": 20,
      "num_workspace_points": 32,
      "reason": "workspace_filter_passed",
      "selected_component_size": 32,
      "selected_component_spread": 0.04631322622299194,
      "selected_component_xy": [
        0.004221528768539429,
        -0.17859375476837158
      ],
      "strategy": "workspace_elevated_xy_low_z",
      "support_z": 0.0035138726234436035,
      "support_z_percentile": 10.0,
      "workspace_bounds": {
        "abs_x_max": 0.2,
        "abs_y_max": 0.2,
        "z_max": 0.08,
        "z_min": -0.02
      }
    },
    "grasp_num_points": 32,
    "grasp_world_xyz": [
      0.004221528768539429,
      -0.17859375476837158,
      0.004060506820678711
    ],
    "metadata": {
      "box_bounds_xyxy_exclusive": [
        41,
        73,
        49,
        82
      ],
      "box_center_world_xyz": [
        0.010563649237155914,
        -0.1843593716621399,
        0.03628110885620117
      ],
      "camera_frame_conversion": "opencv_to_opengl",
      "center_strategy": "median",
      "extrinsics_source": "sensor_param.base_camera.cam2world_gl",
      "intrinsics_source": "provided"
    },
    "num_points": 57,
    "point_cloud_path": null,
    "segmentation_id": null,
    "world_xyz": [
      -0.004817008972167969,
      -0.19593748450279236,
      0.004041016101837158
    ]
  }
}