{
  "candidates_3d": [
    {
      "box_area": 56,
      "box_xyxy": [
        64.58700561523438,
        81.49992370605469,
        70.33555603027344,
        88.30982971191406
      ],
      "camera_xyz": [
        0.02702433243393898,
        0.18460357189178467,
        0.5855075716972351
      ],
      "depth_valid_ratio": 1.0,
      "grasp_camera_xyz": [
        0.018257707357406616,
        0.2099636346101761,
        0.5842466354370117
      ],
      "grasp_metadata": {
        "applied": true,
        "component_count": 1,
        "component_fallback_reason": null,
        "component_radius": 0.03,
        "component_selection_strategy": "largest_component_then_low_spread",
        "component_sizes": [
          24
        ],
        "elevated_point_count": 24,
        "elevated_z_offset": 0.015,
        "fallback_reason": null,
        "local_support_point_count": 16,
        "local_support_radius": 0.04,
        "local_support_z_margin": 0.012,
        "min_elevated_points": 12,
        "min_points": 20,
        "num_workspace_points": 56,
        "reason": "component_elevated_xy_with_local_support_z",
        "selected_component_size": 24,
        "selected_component_spread": 0.022010562941432,
        "selected_component_xy": [
          0.08698654919862747,
          0.02702433243393898
        ],
        "strategy": "workspace_elevated_xy_low_z",
        "support_z": -0.001077890396118164,
        "support_z_percentile": 10.0,
        "workspace_bounds": {
          "abs_x_max": 0.2,
          "abs_y_max": 0.2,
          "z_max": 0.08,
          "z_min": -0.02
        }
      },
      "grasp_num_points": 24,
      "grasp_world_xyz": [
        0.08698654919862747,
        0.02702433243393898,
        0.00394517183303833
      ],
      "metadata": {
        "box_bounds_xyxy_exclusive": [
          64,
          81,
          71,
          89
        ],
        "box_center_world_xyz": [
          0.09444361925125122,
          0.026149731129407883,
          0.05003460496664047
        ],
        "camera_frame_conversion": "opencv_to_opengl",
        "center_strategy": "median",
        "extrinsics_source": "sensor_param.base_camera.cam2world_gl",
        "intrinsics_source": "provided"
      },
      "num_points": 56,
      "point_cloud_path": null,
      "segmentation_id": null,
      "world_xyz": [
        0.0837288498878479,
        0.02702433243393898,
        0.00925058126449585
      ]
    }
  ]
}