{
  "candidates_3d": [
    {
      "box_area": 42,
      "box_xyxy": [
        61.527305603027344,
        68.50765228271484,
        66.42010498046875,
        74.31792449951172
      ],
      "camera_xyz": [
        -0.005109066609293222,
        0.07130704075098038,
        0.6710973978042603
      ],
      "depth_valid_ratio": 1.0,
      "grasp_camera_xyz": [
        0.0,
        0.10718879103660583,
        0.6860082745552063
      ],
      "grasp_metadata": {
        "applied": true,
        "component_count": 1,
        "component_fallback_reason": null,
        "component_radius": 0.03,
        "component_selection_strategy": "largest_component_then_low_spread",
        "component_sizes": [
          18
        ],
        "elevated_point_count": 18,
        "elevated_z_offset": 0.015,
        "fallback_reason": null,
        "local_support_point_count": 12,
        "local_support_radius": 0.04,
        "local_support_z_margin": 0.012,
        "min_elevated_points": 12,
        "min_points": 20,
        "num_workspace_points": 37,
        "reason": "component_elevated_xy_with_local_support_z",
        "selected_component_size": 18,
        "selected_component_spread": 0.027477769181132317,
        "selected_component_xy": [
          -0.051588550209999084,
          0.0
        ],
        "strategy": "workspace_elevated_xy_low_z",
        "support_z": -0.00013371679233387113,
        "support_z_percentile": 10.0,
        "workspace_bounds": {
          "abs_x_max": 0.2,
          "abs_y_max": 0.2,
          "z_max": 0.08,
          "z_min": -0.02
        }
      },
      "grasp_num_points": 18,
      "grasp_world_xyz": [
        -0.051588550209999084,
        0.0,
        0.0049578845500946045
      ],
      "metadata": {
        "box_bounds_xyxy_exclusive": [
          61,
          68,
          67,
          75
        ],
        "box_center_world_xyz": [
          -0.05161904916167259,
          0.0,
          0.046319395303726196
        ],
        "camera_frame_conversion": "opencv_to_opengl",
        "center_strategy": "median",
        "extrinsics_source": "sensor_param.base_camera.cam2world_gl",
        "intrinsics_source": "provided"
      },
      "num_points": 42,
      "point_cloud_path": null,
      "segmentation_id": null,
      "world_xyz": [
        -0.051588550209999084,
        -0.005109066609293222,
        0.027482032775878906
      ]
    }
  ]
}