{
  "candidates_3d": [
    {
      "box_area": 56,
      "box_xyxy": [
        52.5782470703125,
        69.53627014160156,
        58.293861389160156,
        76.14126586914062
      ],
      "camera_xyz": [
        -0.09281250089406967,
        0.08844530582427979,
        0.6710000038146973
      ],
      "depth_valid_ratio": 1.0,
      "grasp_camera_xyz": [
        -0.0943593755364418,
        0.11532812565565109,
        0.6710000038146973
      ],
      "grasp_metadata": {
        "applied": true,
        "component_count": 1,
        "component_fallback_reason": null,
        "component_radius": 0.03,
        "component_selection_strategy": "largest_component_then_low_spread",
        "component_sizes": [
          17
        ],
        "elevated_point_count": 17,
        "elevated_z_offset": 0.015,
        "fallback_reason": null,
        "local_support_point_count": 22,
        "local_support_radius": 0.04,
        "local_support_z_margin": 0.012,
        "min_elevated_points": 12,
        "min_points": 20,
        "num_workspace_points": 56,
        "reason": "component_elevated_xy_with_local_support_z",
        "selected_component_size": 17,
        "selected_component_spread": 0.024818435311317444,
        "selected_component_xy": [
          -0.04155200719833374,
          -0.09239062666893005
        ],
        "strategy": "workspace_elevated_xy_low_z",
        "support_z": 0.003728628158569336,
        "support_z_percentile": 10.0,
        "workspace_bounds": {
          "abs_x_max": 0.2,
          "abs_y_max": 0.2,
          "z_max": 0.08,
          "z_min": -0.02
        }
      },
      "grasp_num_points": 17,
      "grasp_world_xyz": [
        -0.04155200719833374,
        -0.09239062666893005,
        0.003938466310501099
      ],
      "metadata": {
        "box_bounds_xyxy_exclusive": [
          52,
          69,
          59,
          77
        ],
        "box_center_world_xyz": [
          -0.030556410551071167,
          -0.09028125554323196,
          0.042284030467271805
        ],
        "camera_frame_conversion": "opencv_to_opengl",
        "center_strategy": "median",
        "extrinsics_source": "sensor_param.base_camera.cam2world_gl",
        "intrinsics_source": "provided"
      },
      "num_points": 56,
      "point_cloud_path": null,
      "segmentation_id": null,
      "world_xyz": [
        -0.04155200719833374,
        -0.09281250089406967,
        0.004060506820678711
      ]
    }
  ]
}