{
  "candidates_3d": [
    {
      "box_area": 56,
      "box_xyxy": [
        66.51122283935547,
        81.43963623046875,
        72.43090057373047,
        88.33848571777344
      ],
      "camera_xyz": [
        0.04512307047843933,
        0.18532802164554596,
        0.5860923528671265
      ],
      "depth_valid_ratio": 1.0,
      "grasp_camera_xyz": [
        0.045653022825717926,
        0.21000391244888306,
        0.5843586921691895
      ],
      "grasp_metadata": {
        "applied": true,
        "component_count": 1,
        "component_fallback_reason": null,
        "component_radius": 0.03,
        "component_selection_strategy": "largest_component_then_low_spread",
        "component_sizes": [
          26
        ],
        "elevated_point_count": 26,
        "elevated_z_offset": 0.015,
        "fallback_reason": null,
        "local_support_point_count": 17,
        "local_support_radius": 0.04,
        "local_support_z_margin": 0.012,
        "min_elevated_points": 12,
        "min_points": 20,
        "num_workspace_points": 56,
        "reason": "component_elevated_xy_with_local_support_z",
        "selected_component_size": 26,
        "selected_component_spread": 0.026790816336870193,
        "selected_component_xy": [
          0.08626341074705124,
          0.040010906755924225
        ],
        "strategy": "workspace_elevated_xy_low_z",
        "support_z": -0.0009757578372955322,
        "support_z_percentile": 10.0,
        "workspace_bounds": {
          "abs_x_max": 0.2,
          "abs_y_max": 0.2,
          "z_max": 0.08,
          "z_min": -0.02
        }
      },
      "grasp_num_points": 26,
      "grasp_world_xyz": [
        0.08626341074705124,
        0.040010906755924225,
        0.003380000591278076
      ],
      "metadata": {
        "box_bounds_xyxy_exclusive": [
          66,
          81,
          73,
          89
        ],
        "box_center_world_xyz": [
          0.09212629497051239,
          0.04407420754432678,
          0.043834686279296875
        ],
        "camera_frame_conversion": "opencv_to_opengl",
        "center_strategy": "median",
        "extrinsics_source": "sensor_param.base_camera.cam2world_gl",
        "intrinsics_source": "provided"
      },
      "num_points": 56,
      "point_cloud_path": null,
      "segmentation_id": null,
      "world_xyz": [
        0.0846845880150795,
        0.04512307047843933,
        0.011688858270645142
      ]
    }
  ]
}