{
  "candidates_3d": [
    {
      "box_area": 81,
      "box_xyxy": [
        48.595096588134766,
        82.5335922241211,
        56.307804107666016,
        90.34029388427734
      ],
      "camera_xyz": [
        -0.10725000500679016,
        0.1985156238079071,
        0.5820000171661377
      ],
      "depth_valid_ratio": 1.0,
      "grasp_camera_xyz": [
        -0.09187500178813934,
        0.22049999237060547,
        0.5879999995231628
      ],
      "grasp_metadata": {
        "applied": true,
        "component_count": 1,
        "component_fallback_reason": null,
        "component_radius": 0.03,
        "component_selection_strategy": "largest_component_then_low_spread",
        "component_sizes": [
          25
        ],
        "elevated_point_count": 25,
        "elevated_z_offset": 0.015,
        "fallback_reason": null,
        "local_support_point_count": 30,
        "local_support_radius": 0.04,
        "local_support_z_margin": 0.012,
        "min_elevated_points": 12,
        "min_points": 20,
        "num_workspace_points": 81,
        "reason": "component_elevated_xy_with_local_support_z",
        "selected_component_size": 25,
        "selected_component_spread": 0.022266656160354614,
        "selected_component_xy": [
          0.09181305766105652,
          -0.10687500238418579
        ],
        "strategy": "workspace_elevated_xy_low_z",
        "support_z": 0.003006279468536377,
        "support_z_percentile": 10.0,
        "workspace_bounds": {
          "abs_x_max": 0.2,
          "abs_y_max": 0.2,
          "z_max": 0.08,
          "z_min": -0.02
        }
      },
      "grasp_num_points": 25,
      "grasp_world_xyz": [
        0.09181305766105652,
        -0.10687500238418579,
        0.0035138726234436035
      ],
      "metadata": {
        "box_bounds_xyxy_exclusive": [
          48,
          82,
          57,
          91
        ],
        "box_center_world_xyz": [
          0.10084429383277893,
          -0.10481250286102295,
          0.04345531761646271
        ],
        "camera_frame_conversion": "opencv_to_opengl",
        "center_strategy": "median",
        "extrinsics_source": "sensor_param.base_camera.cam2world_gl",
        "intrinsics_source": "provided"
      },
      "num_points": 81,
      "point_cloud_path": null,
      "segmentation_id": null,
      "world_xyz": [
        0.09596630930900574,
        -0.10725000500679016,
        0.0036310553550720215
      ]
    }
  ]
}