{
  "candidates_3d": [
    {
      "box_area": 56,
      "box_xyxy": [
        41.63755416870117,
        71.54145050048828,
        47.267879486083984,
        78.19889068603516
      ],
      "camera_xyz": [
        -0.20281249284744263,
        0.10776562243700027,
        0.6499999761581421
      ],
      "depth_valid_ratio": 0.8928571428571429,
      "grasp_camera_xyz": [
        -0.18450000882148743,
        0.10776562243700027,
        0.6499999761581421
      ],
      "grasp_metadata": {
        "applied": true,
        "component_count": 1,
        "component_fallback_reason": "too_few_elevated_points",
        "component_radius": 0.03,
        "component_selection_strategy": "largest_workspace_component_then_low_spread",
        "component_sizes": [
          23
        ],
        "elevated_point_count": 10,
        "elevated_z_offset": 0.015,
        "fallback_reason": "too_few_elevated_points",
        "local_support_point_count": 0,
        "local_support_radius": 0.04,
        "local_support_z_margin": 0.012,
        "min_elevated_points": 12,
        "min_points": 20,
        "num_workspace_points": 23,
        "reason": "workspace_filter_passed",
        "selected_component_size": 23,
        "selected_component_spread": 0.04509652778506279,
        "selected_component_xy": [
          -0.018199175596237183,
          -0.18450000882148743
        ],
        "strategy": "workspace_elevated_xy_low_z",
        "support_z": 0.0036115050315856934,
        "support_z_percentile": 10.0,
        "workspace_bounds": {
          "abs_x_max": 0.2,
          "abs_y_max": 0.2,
          "z_max": 0.08,
          "z_min": -0.02
        }
      },
      "grasp_num_points": 23,
      "grasp_world_xyz": [
        -0.018199175596237183,
        -0.18450000882148743,
        0.010863840579986572
      ],
      "metadata": {
        "box_bounds_xyxy_exclusive": [
          41,
          71,
          48,
          79
        ],
        "box_center_world_xyz": [
          -0.007532969117164612,
          -0.19593748450279236,
          0.04307466000318527
        ],
        "camera_frame_conversion": "opencv_to_opengl",
        "center_strategy": "median",
        "extrinsics_source": "sensor_param.base_camera.cam2world_gl",
        "intrinsics_source": "provided"
      },
      "num_points": 50,
      "point_cloud_path": null,
      "segmentation_id": null,
      "world_xyz": [
        -0.018199175596237183,
        -0.20281249284744263,
        0.004060506820678711
      ]
    }
  ]
}