{
  "query": {
    "attributes": [
      "red"
    ],
    "normalized_prompt": "red cube",
    "raw_query": "red cube",
    "relations": [],
    "synonyms": [
      "cube",
      "block"
    ],
    "target_name": "cube"
  },
  "top_2d_candidate": {
    "box_xyxy": [
      56.579795837402344,
      68.707763671875,
      61.31480407714844,
      75.23805236816406
    ],
    "clip_score": 0.0,
    "det_score": 0.6583757996559143,
    "fused_2d_score": 0.6583757996559143,
    "image_crop_path": null,
    "metadata": {
      "detector_metadata": {
        "model_id": "IDEA-Research/grounding-dino-tiny"
      },
      "detector_source": "transformers_groundingdino",
      "skip_clip": true
    },
    "phrase": "red cube",
    "rank": 0,
    "source": "detector_only"
  },
  "top_candidate_3d": {
    "box_area": 48,
    "box_xyxy": [
      56.579795837402344,
      68.707763671875,
      61.31480407714844,
      75.23805236816406
    ],
    "camera_xyz": [
      -0.05679687485098839,
      0.08100000023841858,
      0.6710000038146973
    ],
    "depth_valid_ratio": 0.8958333333333334,
    "grasp_camera_xyz": [
      -0.052421875298023224,
      0.10484375059604645,
      0.6710000038146973
    ],
    "grasp_metadata": {
      "applied": true,
      "component_count": 1,
      "component_fallback_reason": null,
      "component_radius": 0.03,
      "component_selection_strategy": "largest_component_then_low_spread",
      "component_sizes": [
        14
      ],
      "elevated_point_count": 14,
      "elevated_z_offset": 0.015,
      "fallback_reason": null,
      "local_support_point_count": 14,
      "local_support_radius": 0.04,
      "local_support_z_margin": 0.012,
      "min_elevated_points": 12,
      "min_points": 20,
      "num_workspace_points": 42,
      "reason": "component_elevated_xy_with_local_support_z",
      "selected_component_size": 14,
      "selected_component_spread": 0.028895476832985878,
      "selected_component_xy": [
        -0.04155200719833374,
        -0.05596093833446503
      ],
      "strategy": "workspace_elevated_xy_low_z",
      "support_z": 0.0038847923278808594,
      "support_z_percentile": 10.0,
      "workspace_bounds": {
        "abs_x_max": 0.2,
        "abs_y_max": 0.2,
        "z_max": 0.08,
        "z_min": -0.02
      }
    },
    "grasp_num_points": 14,
    "grasp_world_xyz": [
      -0.04155200719833374,
      -0.05596093833446503,
      0.003992140293121338
    ],
    "metadata": {
      "box_bounds_xyxy_exclusive": [
        56,
        68,
        62,
        76
      ],
      "box_center_world_xyz": [
        -0.04155202955007553,
        -0.05062500014901161,
        0.043396759778261185
      ],
      "camera_frame_conversion": "opencv_to_opengl",
      "center_strategy": "median",
      "extrinsics_source": "sensor_param.base_camera.cam2world_gl",
      "intrinsics_source": "provided"
    },
    "num_points": 43,
    "point_cloud_path": null,
    "segmentation_id": null,
    "world_xyz": [
      -0.05323329567909241,
      -0.05679687485098839,
      0.004294753074645996
    ]
  }
}