{
  "candidates_3d": [
    {
      "box_area": 90,
      "box_xyxy": [
        52.72655487060547,
        81.64512634277344,
        60.225425720214844,
        90.26615905761719
      ],
      "camera_xyz": [
        -0.07173356413841248,
        0.19603173434734344,
        0.5864839553833008
      ],
      "depth_valid_ratio": 1.0,
      "grasp_camera_xyz": [
        -0.08241556584835052,
        0.21977484226226807,
        0.5860662460327148
      ],
      "grasp_metadata": {
        "applied": true,
        "component_count": 1,
        "component_fallback_reason": null,
        "component_radius": 0.03,
        "component_selection_strategy": "largest_component_then_low_spread",
        "component_sizes": [
          45
        ],
        "elevated_point_count": 45,
        "elevated_z_offset": 0.015,
        "fallback_reason": null,
        "local_support_point_count": 16,
        "local_support_radius": 0.04,
        "local_support_z_margin": 0.012,
        "min_elevated_points": 12,
        "min_points": 20,
        "num_workspace_points": 90,
        "reason": "component_elevated_xy_with_local_support_z",
        "selected_component_size": 45,
        "selected_component_spread": 0.04897921532392502,
        "selected_component_xy": [
          0.09809547662734985,
          -0.0705687627196312
        ],
        "strategy": "workspace_elevated_xy_low_z",
        "support_z": -0.007208013441413641,
        "support_z_percentile": 10.0,
        "workspace_bounds": {
          "abs_x_max": 0.2,
          "abs_y_max": 0.2,
          "z_max": 0.08,
          "z_min": -0.02
        }
      },
      "grasp_num_points": 45,
      "grasp_world_xyz": [
        0.09809547662734985,
        -0.0705687627196312,
        -0.0006294846534729004
      ],
      "metadata": {
        "box_bounds_xyxy_exclusive": [
          52,
          81,
          61,
          91
        ],
        "box_center_world_xyz": [
          0.09886695444583893,
          -0.0705687627196312,
          0.037929609417915344
        ],
        "camera_frame_conversion": "opencv_to_opengl",
        "center_strategy": "median",
        "extrinsics_source": "sensor_param.base_camera.cam2world_gl",
        "intrinsics_source": "provided"
      },
      "num_points": 90,
      "point_cloud_path": null,
      "segmentation_id": null,
      "world_xyz": [
        0.09152660518884659,
        -0.07173356413841248,
        0.00810745358467102
      ]
    }
  ]
}