{
  "candidates_3d": [
    {
      "box_area": 81,
      "box_xyxy": [
        43.754310607910156,
        77.55308532714844,
        51.152198791503906,
        85.32708740234375
      ],
      "camera_xyz": [
        -0.16073697805404663,
        0.15962179005146027,
        0.6127393841743469
      ],
      "depth_valid_ratio": 1.0,
      "grasp_camera_xyz": [
        -0.1485428512096405,
        0.17825143039226532,
        0.6337828636169434
      ],
      "grasp_metadata": {
        "applied": true,
        "component_count": 1,
        "component_fallback_reason": null,
        "component_radius": 0.03,
        "component_selection_strategy": "largest_component_then_low_spread",
        "component_sizes": [
          39
        ],
        "elevated_point_count": 39,
        "elevated_z_offset": 0.015,
        "fallback_reason": null,
        "local_support_point_count": 17,
        "local_support_radius": 0.04,
        "local_support_z_margin": 0.012,
        "min_elevated_points": 12,
        "min_points": 20,
        "num_workspace_points": 72,
        "reason": "component_elevated_xy_with_local_support_z",
        "selected_component_size": 39,
        "selected_component_spread": 0.0480579175055027,
        "selected_component_xy": [
          0.050822317600250244,
          -0.15798847377300262
        ],
        "strategy": "workspace_elevated_xy_low_z",
        "support_z": -0.00461967010051012,
        "support_z_percentile": 10.0,
        "workspace_bounds": {
          "abs_x_max": 0.2,
          "abs_y_max": 0.2,
          "z_max": 0.08,
          "z_min": -0.02
        }
      },
      "grasp_num_points": 39,
      "grasp_world_xyz": [
        0.050822317600250244,
        -0.15798847377300262,
        -0.0012832283973693848
      ],
      "metadata": {
        "box_bounds_xyxy_exclusive": [
          43,
          77,
          52,
          86
        ],
        "box_center_world_xyz": [
          0.05214855074882507,
          -0.15777428448200226,
          0.03762363642454147
        ],
        "camera_frame_conversion": "opencv_to_opengl",
        "center_strategy": "median",
        "extrinsics_source": "sensor_param.base_camera.cam2world_gl",
        "intrinsics_source": "provided"
      },
      "num_points": 81,
      "point_cloud_path": null,
      "segmentation_id": null,
      "world_xyz": [
        0.043866872787475586,
        -0.16073697805404663,
        0.011652767658233643
      ]
    }
  ]
}