{
  "candidates_3d": [
    {
      "box_area": 72,
      "box_xyxy": [
        52.80072784423828,
        73.62539672851562,
        59.41041564941406,
        81.25581359863281
      ],
      "camera_xyz": [
        -0.08555468916893005,
        0.12563282251358032,
        0.6359999775886536
      ],
      "depth_valid_ratio": 1.0,
      "grasp_camera_xyz": [
        -0.06028125062584877,
        0.15070313215255737,
        0.6430000066757202
      ],
      "grasp_metadata": {
        "applied": true,
        "component_count": 1,
        "component_fallback_reason": null,
        "component_radius": 0.03,
        "component_selection_strategy": "largest_component_then_low_spread",
        "component_sizes": [
          21
        ],
        "elevated_point_count": 21,
        "elevated_z_offset": 0.015,
        "fallback_reason": null,
        "local_support_point_count": 21,
        "local_support_radius": 0.04,
        "local_support_z_margin": 0.012,
        "min_elevated_points": 12,
        "min_points": 20,
        "num_workspace_points": 72,
        "reason": "component_elevated_xy_with_local_support_z",
        "selected_component_size": 21,
        "selected_component_spread": 0.02241995558142662,
        "selected_component_xy": [
          0.009165406227111816,
          -0.07837499678134918
        ],
        "strategy": "workspace_elevated_xy_low_z",
        "support_z": 0.0035138726234436035,
        "support_z_percentile": 10.0,
        "workspace_bounds": {
          "abs_x_max": 0.2,
          "abs_y_max": 0.2,
          "z_max": 0.08,
          "z_min": -0.02
        }
      },
      "grasp_num_points": 21,
      "grasp_world_xyz": [
        0.009165406227111816,
        -0.07837499678134918,
        0.0037578940391540527
      ],
      "metadata": {
        "box_bounds_xyxy_exclusive": [
          52,
          73,
          60,
          82
        ],
        "box_center_world_xyz": [
          0.014292314648628235,
          -0.07662499696016312,
          0.043543197214603424
        ],
        "camera_frame_conversion": "opencv_to_opengl",
        "center_strategy": "median",
        "extrinsics_source": "sensor_param.base_camera.cam2world_gl",
        "intrinsics_source": "provided"
      },
      "num_points": 72,
      "point_cloud_path": null,
      "segmentation_id": null,
      "world_xyz": [
        0.004978001117706299,
        -0.08555468916893005,
        0.004041016101837158
      ]
    }
  ]
}