{
  "candidates_3d": [
    {
      "box_area": 56,
      "box_xyxy": [
        63.50554656982422,
        79.52626037597656,
        69.3724594116211,
        86.2314453125
      ],
      "camera_xyz": [
        0.01838589459657669,
        0.17100870609283447,
        0.5977563858032227
      ],
      "depth_valid_ratio": 1.0,
      "grasp_camera_xyz": [
        0.0280593428760767,
        0.19641539454460144,
        0.5985993146896362
      ],
      "grasp_metadata": {
        "applied": true,
        "component_count": 1,
        "component_fallback_reason": null,
        "component_radius": 0.03,
        "component_selection_strategy": "largest_component_then_low_spread",
        "component_sizes": [
          25
        ],
        "elevated_point_count": 25,
        "elevated_z_offset": 0.015,
        "fallback_reason": null,
        "local_support_point_count": 17,
        "local_support_radius": 0.04,
        "local_support_z_margin": 0.012,
        "min_elevated_points": 12,
        "min_points": 20,
        "num_workspace_points": 56,
        "reason": "component_elevated_xy_with_local_support_z",
        "selected_component_size": 25,
        "selected_component_spread": 0.021496063098311424,
        "selected_component_xy": [
          0.06632436811923981,
          0.018059667199850082
        ],
        "strategy": "workspace_elevated_xy_low_z",
        "support_z": -0.0012991726398468018,
        "support_z_percentile": 10.0,
        "workspace_bounds": {
          "abs_x_max": 0.2,
          "abs_y_max": 0.2,
          "z_max": 0.08,
          "z_min": -0.02
        }
      },
      "grasp_num_points": 25,
      "grasp_world_xyz": [
        0.06632436811923981,
        0.018059667199850082,
        0.005570709705352783
      ],
      "metadata": {
        "box_bounds_xyxy_exclusive": [
          63,
          79,
          70,
          87
        ],
        "box_center_world_xyz": [
          0.07295408844947815,
          0.018059667199850082,
          0.04155170917510986
        ],
        "camera_frame_conversion": "opencv_to_opengl",
        "center_strategy": "median",
        "extrinsics_source": "sensor_param.base_camera.cam2world_gl",
        "intrinsics_source": "provided"
      },
      "num_points": 56,
      "point_cloud_path": null,
      "segmentation_id": null,
      "world_xyz": [
        0.06448858231306076,
        0.01838589459657669,
        0.009940922260284424
      ]
    }
  ]
}