{
  "candidates_3d": [
    {
      "box_area": 56,
      "box_xyxy": [
        47.4697380065918,
        88.41673278808594,
        53.403011322021484,
        95.21609497070312
      ],
      "camera_xyz": [
        -0.11867830157279968,
        0.23198597133159637,
        0.5411361455917358
      ],
      "depth_valid_ratio": 1.0,
      "grasp_camera_xyz": [
        -0.12025950103998184,
        0.2662889063358307,
        0.549757719039917
      ],
      "grasp_metadata": {
        "applied": true,
        "component_count": 1,
        "component_fallback_reason": null,
        "component_radius": 0.03,
        "component_selection_strategy": "largest_component_then_low_spread",
        "component_sizes": [
          39
        ],
        "elevated_point_count": 39,
        "elevated_z_offset": 0.015,
        "fallback_reason": null,
        "local_support_point_count": 7,
        "local_support_radius": 0.04,
        "local_support_z_margin": 0.012,
        "min_elevated_points": 12,
        "min_points": 20,
        "num_workspace_points": 53,
        "reason": "component_elevated_xy_with_local_support_z",
        "selected_component_size": 39,
        "selected_component_spread": 0.029327111318707466,
        "selected_component_xy": [
          0.1492314636707306,
          -0.11652223020792007
        ],
        "strategy": "workspace_elevated_xy_low_z",
        "support_z": -0.005212008487433195,
        "support_z_percentile": 10.0,
        "workspace_bounds": {
          "abs_x_max": 0.2,
          "abs_y_max": 0.2,
          "z_max": 0.08,
          "z_min": -0.02
        }
      },
      "grasp_num_points": 39,
      "grasp_world_xyz": [
        0.1492314636707306,
        -0.11652223020792007,
        -0.003908991813659668
      ],
      "metadata": {
        "box_bounds_xyxy_exclusive": [
          47,
          88,
          54,
          96
        ],
        "box_center_world_xyz": [
          0.1492314636707306,
          -0.11651254445314407,
          0.03851723670959473
        ],
        "camera_frame_conversion": "opencv_to_opengl",
        "center_strategy": "median",
        "extrinsics_source": "sensor_param.base_camera.cam2world_gl",
        "intrinsics_source": "provided"
      },
      "num_points": 56,
      "point_cloud_path": null,
      "segmentation_id": null,
      "world_xyz": [
        0.1446411907672882,
        -0.11867830157279968,
        0.027960598468780518
      ]
    }
  ]
}