{
  "candidates_3d": [
    {
      "box_area": 64,
      "box_xyxy": [
        45.7455940246582,
        78.52936553955078,
        52.28181076049805,
        85.34569549560547
      ],
      "camera_xyz": [
        -0.14522942900657654,
        0.16406624019145966,
        0.6088921427726746
      ],
      "depth_valid_ratio": 1.0,
      "grasp_camera_xyz": [
        -0.13363152742385864,
        0.19090218842029572,
        0.6108869910240173
      ],
      "grasp_metadata": {
        "applied": true,
        "component_count": 1,
        "component_fallback_reason": null,
        "component_radius": 0.03,
        "component_selection_strategy": "largest_component_then_low_spread",
        "component_sizes": [
          31
        ],
        "elevated_point_count": 31,
        "elevated_z_offset": 0.015,
        "fallback_reason": null,
        "local_support_point_count": 13,
        "local_support_radius": 0.04,
        "local_support_z_margin": 0.012,
        "min_elevated_points": 12,
        "min_points": 20,
        "num_workspace_points": 64,
        "reason": "component_elevated_xy_with_local_support_z",
        "selected_component_size": 31,
        "selected_component_spread": 0.030605699867010117,
        "selected_component_xy": [
          0.055244266986846924,
          -0.14483745396137238
        ],
        "strategy": "workspace_elevated_xy_low_z",
        "support_z": -0.0014360419008880854,
        "support_z_percentile": 10.0,
        "workspace_bounds": {
          "abs_x_max": 0.2,
          "abs_y_max": 0.2,
          "z_max": 0.08,
          "z_min": -0.02
        }
      },
      "grasp_num_points": 31,
      "grasp_world_xyz": [
        0.055244266986846924,
        -0.14483745396137238,
        0.004613399505615234
      ],
      "metadata": {
        "box_bounds_xyxy_exclusive": [
          45,
          78,
          53,
          86
        ],
        "box_center_world_xyz": [
          0.06567201018333435,
          -0.1355811357498169,
          0.04664717614650726
        ],
        "camera_frame_conversion": "opencv_to_opengl",
        "center_strategy": "median",
        "extrinsics_source": "sensor_param.base_camera.cam2world_gl",
        "intrinsics_source": "provided"
      },
      "num_points": 64,
      "point_cloud_path": null,
      "segmentation_id": null,
      "world_xyz": [
        0.053328000009059906,
        -0.14522942900657654,
        0.011873692274093628
      ]
    }
  ]
}