{
  "query": {
    "attributes": [
      "red"
    ],
    "normalized_prompt": "red cube",
    "raw_query": "red cube",
    "relations": [],
    "synonyms": [
      "cube",
      "block"
    ],
    "target_name": "cube"
  },
  "top_2d_candidate": {
    "box_xyxy": [
      64.50701904296875,
      80.61062622070312,
      71.17398071289062,
      88.233642578125
    ],
    "clip_score": 0.0,
    "det_score": 0.45518895983695984,
    "fused_2d_score": 0.45518895983695984,
    "image_crop_path": null,
    "metadata": {
      "detector_metadata": {
        "model_id": "IDEA-Research/grounding-dino-tiny"
      },
      "detector_source": "transformers_groundingdino",
      "skip_clip": true
    },
    "phrase": "red cube",
    "rank": 0,
    "source": "detector_only"
  },
  "top_candidate_3d": {
    "box_area": 72,
    "box_xyxy": [
      64.50701904296875,
      80.61062622070312,
      71.17398071289062,
      88.233642578125
    ],
    "camera_xyz": [
      0.032429322600364685,
      0.18343311548233032,
      0.5911306738853455
    ],
    "depth_valid_ratio": 1.0,
    "grasp_camera_xyz": [
      0.01858345977962017,
      0.2137097865343094,
      0.5946707129478455
    ],
    "grasp_metadata": {
      "applied": true,
      "component_count": 1,
      "component_fallback_reason": null,
      "component_radius": 0.03,
      "component_selection_strategy": "largest_component_then_low_spread",
      "component_sizes": [
        25
      ],
      "elevated_point_count": 25,
      "elevated_z_offset": 0.015,
      "fallback_reason": null,
      "local_support_point_count": 21,
      "local_support_radius": 0.04,
      "local_support_z_margin": 0.012,
      "min_elevated_points": 12,
      "min_points": 20,
      "num_workspace_points": 72,
      "reason": "component_elevated_xy_with_local_support_z",
      "selected_component_size": 25,
      "selected_component_spread": 0.023424312472343445,
      "selected_component_xy": [
        0.08313895761966705,
        0.027053270488977432
      ],
      "strategy": "workspace_elevated_xy_low_z",
      "support_z": -0.0011338293552398682,
      "support_z_percentile": 10.0,
      "workspace_bounds": {
        "abs_x_max": 0.2,
        "abs_y_max": 0.2,
        "z_max": 0.08,
        "z_min": -0.02
      }
    },
    "grasp_num_points": 25,
    "grasp_world_xyz": [
      0.08313895761966705,
      0.027053270488977432,
      0.0021367669105529785
    ],
    "metadata": {
      "box_bounds_xyxy_exclusive": [
        64,
        80,
        72,
        89
      ],
      "box_center_world_xyz": [
        0.08433520793914795,
        0.035408422350883484,
        0.047013379633426666
      ],
      "camera_frame_conversion": "opencv_to_opengl",
      "center_strategy": "median",
      "extrinsics_source": "sensor_param.base_camera.cam2world_gl",
      "intrinsics_source": "provided"
    },
    "num_points": 72,
    "point_cloud_path": null,
    "segmentation_id": null,
    "world_xyz": [
      0.07524248957633972,
      0.032429322600364685,
      0.008200496435165405
    ]
  }
}