{
  "candidates_3d": [
    {
      "box_area": 56,
      "box_xyxy": [
        44.69358444213867,
        66.47901153564453,
        51.182796478271484,
        72.42285919189453
      ],
      "camera_xyz": [
        -0.17916405200958252,
        0.052421875298023224,
        0.6980000138282776
      ],
      "depth_valid_ratio": 0.7857142857142857,
      "grasp_camera_xyz": [
        -0.15531249344348907,
        0.06656249612569809,
        0.7099999785423279
      ],
      "grasp_metadata": {
        "applied": true,
        "component_count": 1,
        "component_fallback_reason": null,
        "component_radius": 0.03,
        "component_selection_strategy": "largest_component_then_low_spread",
        "component_sizes": [
          16
        ],
        "elevated_point_count": 16,
        "elevated_z_offset": 0.015,
        "fallback_reason": null,
        "local_support_point_count": 8,
        "local_support_radius": 0.04,
        "local_support_z_margin": 0.012,
        "min_elevated_points": 12,
        "min_points": 20,
        "num_workspace_points": 32,
        "reason": "component_elevated_xy_with_local_support_z",
        "selected_component_size": 16,
        "selected_component_spread": 0.02397417277097702,
        "selected_component_xy": [
          -0.08659961819648743,
          -0.174992173910141
        ],
        "strategy": "workspace_elevated_xy_low_z",
        "support_z": 0.0037110329139977694,
        "support_z_percentile": 10.0,
        "workspace_bounds": {
          "abs_x_max": 0.2,
          "abs_y_max": 0.2,
          "z_max": 0.08,
          "z_min": -0.02
        }
      },
      "grasp_num_points": 16,
      "grasp_world_xyz": [
        -0.08659961819648743,
        -0.174992173910141,
        0.003943383693695068
      ],
      "metadata": {
        "box_bounds_xyxy_exclusive": [
          44,
          66,
          52,
          73
        ],
        "box_center_world_xyz": [
          -0.08556373417377472,
          -0.17100000381469727,
          0.0325036384165287
        ],
        "camera_frame_conversion": "opencv_to_opengl",
        "center_strategy": "median",
        "extrinsics_source": "sensor_param.base_camera.cam2world_gl",
        "intrinsics_source": "provided"
      },
      "num_points": 44,
      "point_cloud_path": null,
      "segmentation_id": null,
      "world_xyz": [
        -0.09100541472434998,
        -0.17916405200958252,
        0.004001975059509277
      ]
    }
  ]
}