{
  "min_xy_distance_from_pick": 0.05,
  "place_query": "green cube",
  "place_target_source": "predicted_place_object",
  "selected": {
    "metadata": {
      "num_candidates": 1,
      "num_close_to_pick_rejected": 0,
      "num_eligible_candidates": 1,
      "num_invalid_candidates": 0,
      "place_pick_xy_distance": 0.0880199447274208,
      "place_query": "green cube",
      "place_target_z": 0.02,
      "raw_semantic_world_xyz": [
        -0.0004120469093322754,
        -0.08607999980449677,
        0.010956048965454102
      ],
      "selected_candidate_index": 0,
      "selected_clip_score": 0.0,
      "selected_depth_valid_ratio": 1.0,
      "selected_det_score": 0.7007248997688293,
      "selected_fused_2d_score": 0.7007248997688293,
      "selected_grasp_world_xyz": [
        -0.0001144111156463623,
        -0.08735471218824387,
        0.0023092031478881836
      ],
      "selected_num_points": 64,
      "selected_phrase": "green cube",
      "selected_world_xyz": [
        -0.0001144111156463623,
        -0.08735471218824387,
        0.019999999552965164
      ],
      "selection_reason": "first_ranked_candidate_far_from_pick"
    },
    "place_xyz": [
      -0.0001144111156463623,
      -0.08735471218824387,
      0.019999999552965164
    ],
    "source": "predicted_place_object"
  }
}