{
  "candidates_3d": [
    {
      "box_area": 72,
      "box_xyxy": [
        67.54703521728516,
        77.46348571777344,
        74.3692855834961,
        85.35670471191406
      ],
      "camera_xyz": [
        0.06398437917232513,
        0.156187504529953,
        0.6069999933242798
      ],
      "depth_valid_ratio": 0.8333333333333334,
      "grasp_camera_xyz": [
        0.0767500028014183,
        0.1822812557220459,
        0.6140000224113464
      ],
      "grasp_metadata": {
        "applied": true,
        "component_count": 1,
        "component_fallback_reason": null,
        "component_radius": 0.03,
        "component_selection_strategy": "largest_component_then_low_spread",
        "component_sizes": [
          25
        ],
        "elevated_point_count": 25,
        "elevated_z_offset": 0.015,
        "fallback_reason": null,
        "local_support_point_count": 20,
        "local_support_radius": 0.04,
        "local_support_z_margin": 0.012,
        "min_elevated_points": 12,
        "min_points": 20,
        "num_workspace_points": 60,
        "reason": "component_elevated_xy_with_local_support_z",
        "selected_component_size": 25,
        "selected_component_spread": 0.0255739763379097,
        "selected_component_xy": [
          0.04489016532897949,
          0.06431250274181366
        ],
        "strategy": "workspace_elevated_xy_low_z",
        "support_z": 0.0035626888275146484,
        "support_z_percentile": 10.0,
        "workspace_bounds": {
          "abs_x_max": 0.2,
          "abs_y_max": 0.2,
          "z_max": 0.08,
          "z_min": -0.02
        }
      },
      "grasp_num_points": 25,
      "grasp_world_xyz": [
        0.04489016532897949,
        0.06431250274181366,
        0.0036115050315856934
      ],
      "metadata": {
        "box_bounds_xyxy_exclusive": [
          67,
          77,
          75,
          86
        ],
        "box_center_world_xyz": [
          0.05464126914739609,
          0.06431250274181366,
          0.04327964037656784
        ],
        "camera_frame_conversion": "opencv_to_opengl",
        "center_strategy": "median",
        "extrinsics_source": "sensor_param.base_camera.cam2world_gl",
        "intrinsics_source": "provided"
      },
      "num_points": 60,
      "point_cloud_path": null,
      "segmentation_id": null,
      "world_xyz": [
        0.04606147110462189,
        0.06398437917232513,
        0.003777444362640381
      ]
    }
  ]
}