{
  "candidates_3d": [
    {
      "box_area": 72,
      "box_xyxy": [
        33.71638107299805,
        68.5394515991211,
        40.403560638427734,
        76.31954193115234
      ],
      "camera_xyz": [
        -0.289249986410141,
        0.08675000071525574,
        0.6710000038146973
      ],
      "depth_valid_ratio": 0.8888888888888888,
      "grasp_camera_xyz": null,
      "grasp_metadata": {
        "applied": false,
        "component_radius": 0.03,
        "elevated_z_offset": 0.015,
        "local_support_radius": 0.04,
        "local_support_z_margin": 0.012,
        "min_elevated_points": 12,
        "min_points": 20,
        "num_workspace_points": 0,
        "reason": "too_few_workspace_points",
        "strategy": "workspace_elevated_xy_low_z",
        "support_z_percentile": 10.0,
        "workspace_bounds": {
          "abs_x_max": 0.2,
          "abs_y_max": 0.2,
          "z_max": 0.08,
          "z_min": -0.02
        }
      },
      "grasp_num_points": 0,
      "grasp_world_xyz": null,
      "metadata": {
        "box_bounds_xyxy_exclusive": [
          33,
          68,
          41,
          77
        ],
        "box_center_world_xyz": [
          -0.04576870799064636,
          -0.27674999833106995,
          0.03652508184313774
        ],
        "camera_frame_conversion": "opencv_to_opengl",
        "center_strategy": "median",
        "extrinsics_source": "sensor_param.base_camera.cam2world_gl",
        "intrinsics_source": "provided"
      },
      "num_points": 64,
      "point_cloud_path": null,
      "segmentation_id": null,
      "world_xyz": [
        -0.053211361169815063,
        -0.289249986410141,
        0.004001975059509277
      ]
    }
  ]
}