{
  "candidates_3d": [
    {
      "box_area": 56,
      "box_xyxy": [
        55.584625244140625,
        65.6930923461914,
        61.24864959716797,
        72.40491485595703
      ],
      "camera_xyz": [
        -0.06440624594688416,
        0.04543749988079071,
        0.6940000057220459
      ],
      "depth_valid_ratio": 0.7321428571428571,
      "grasp_camera_xyz": [
        -0.054765623062849045,
        0.07667186856269836,
        0.7009999752044678
      ],
      "grasp_metadata": {
        "applied": true,
        "component_count": 1,
        "component_fallback_reason": null,
        "component_radius": 0.03,
        "component_selection_strategy": "largest_component_then_low_spread",
        "component_sizes": [
          15
        ],
        "elevated_point_count": 15,
        "elevated_z_offset": 0.015,
        "fallback_reason": null,
        "local_support_point_count": 12,
        "local_support_radius": 0.04,
        "local_support_z_margin": 0.012,
        "min_elevated_points": 12,
        "min_points": 20,
        "num_workspace_points": 37,
        "reason": "component_elevated_xy_with_local_support_z",
        "selected_component_size": 15,
        "selected_component_spread": 0.025402477011084557,
        "selected_component_xy": [
          -0.09045392274856567,
          -0.06356249749660492
        ],
        "strategy": "workspace_elevated_xy_low_z",
        "support_z": 0.0037208080757409334,
        "support_z_percentile": 10.0,
        "workspace_bounds": {
          "abs_x_max": 0.2,
          "abs_y_max": 0.2,
          "z_max": 0.08,
          "z_min": -0.02
        }
      },
      "grasp_num_points": 15,
      "grasp_world_xyz": [
        -0.09045392274856567,
        -0.06356249749660492,
        0.0038847923278808594
      ],
      "metadata": {
        "box_bounds_xyxy_exclusive": [
          55,
          65,
          62,
          73
        ],
        "box_center_world_xyz": [
          -0.07823576033115387,
          -0.06290625035762787,
          0.043289363384246826
        ],
        "camera_frame_conversion": "opencv_to_opengl",
        "center_strategy": "median",
        "extrinsics_source": "sensor_param.base_camera.cam2world_gl",
        "intrinsics_source": "provided"
      },
      "num_points": 41,
      "point_cloud_path": null,
      "segmentation_id": null,
      "world_xyz": [
        -0.08328458666801453,
        -0.06440624594688416,
        0.011507987976074219
      ]
    }
  ]
}