{
  "query": {
    "attributes": [
      "red"
    ],
    "normalized_prompt": "red cube",
    "raw_query": "red cube",
    "relations": [],
    "synonyms": [
      "cube",
      "block"
    ],
    "target_name": "cube"
  },
  "top_2d_candidate": {
    "box_xyxy": [
      51.53653335571289,
      74.71229553222656,
      58.26750564575195,
      82.2305908203125
    ],
    "clip_score": 0.0,
    "det_score": 0.6349121928215027,
    "fused_2d_score": 0.6349121928215027,
    "image_crop_path": null,
    "metadata": {
      "detector_metadata": {
        "model_id": "IDEA-Research/grounding-dino-tiny"
      },
      "detector_source": "transformers_groundingdino",
      "skip_clip": true
    },
    "phrase": "red cube",
    "rank": 0,
    "source": "detector_only"
  },
  "top_candidate_3d": {
    "box_area": 72,
    "box_xyxy": [
      51.53653335571289,
      74.71229553222656,
      58.26750564575195,
      82.2305908203125
    ],
    "camera_xyz": [
      -0.0943593755364418,
      0.13343749940395355,
      0.6299999952316284
    ],
    "depth_valid_ratio": 0.9305555555555556,
    "grasp_camera_xyz": [
      -0.07900000363588333,
      0.15800000727176666,
      0.6320000290870667
    ],
    "grasp_metadata": {
      "applied": true,
      "component_count": 1,
      "component_fallback_reason": null,
      "component_radius": 0.03,
      "component_selection_strategy": "largest_component_then_low_spread",
      "component_sizes": [
        22
      ],
      "elevated_point_count": 22,
      "elevated_z_offset": 0.015,
      "fallback_reason": null,
      "local_support_point_count": 22,
      "local_support_radius": 0.04,
      "local_support_z_margin": 0.012,
      "min_elevated_points": 12,
      "min_points": 20,
      "num_workspace_points": 67,
      "reason": "component_elevated_xy_with_local_support_z",
      "selected_component_size": 22,
      "selected_component_spread": 0.024912068620324135,
      "selected_component_xy": [
        0.018712744116783142,
        -0.09523437172174454
      ],
      "strategy": "workspace_elevated_xy_low_z",
      "support_z": 0.0033498883713036776,
      "support_z_percentile": 10.0,
      "workspace_bounds": {
        "abs_x_max": 0.2,
        "abs_y_max": 0.2,
        "z_max": 0.08,
        "z_min": -0.02
      }
    },
    "grasp_num_points": 22,
    "grasp_world_xyz": [
      0.018712744116783142,
      -0.09523437172174454,
      0.0036115050315856934
    ],
    "metadata": {
      "box_bounds_xyxy_exclusive": [
        51,
        74,
        59,
        83
      ],
      "box_center_world_xyz": [
        0.02449483424425125,
        -0.0853593721985817,
        0.043064892292022705
      ],
      "camera_frame_conversion": "opencv_to_opengl",
      "center_strategy": "median",
      "extrinsics_source": "sensor_param.base_camera.cam2world_gl",
      "intrinsics_source": "provided"
    },
    "num_points": 67,
    "point_cloud_path": null,
    "segmentation_id": null,
    "world_xyz": [
      0.014292299747467041,
      -0.0943593755364418,
      0.003992140293121338
    ]
  }
}