{
  "candidates_3d": [
    {
      "box_area": 72,
      "box_xyxy": [
        83.58124542236328,
        79.57686614990234,
        90.42317962646484,
        87.20276641845703
      ],
      "camera_xyz": [
        0.20484374463558197,
        0.17812499403953552,
        0.5929999947547913
      ],
      "depth_valid_ratio": 0.8194444444444444,
      "grasp_camera_xyz": [
        0.1889062523841858,
        0.18276561796665192,
        0.5964999794960022
      ],
      "grasp_metadata": {
        "applied": true,
        "component_count": 1,
        "component_fallback_reason": "too_few_elevated_points",
        "component_radius": 0.03,
        "component_selection_strategy": "largest_workspace_component_then_low_spread",
        "component_sizes": [
          24
        ],
        "elevated_point_count": 8,
        "elevated_z_offset": 0.015,
        "fallback_reason": "too_few_elevated_points",
        "local_support_point_count": 0,
        "local_support_radius": 0.04,
        "local_support_z_margin": 0.012,
        "min_elevated_points": 12,
        "min_points": 20,
        "num_workspace_points": 24,
        "reason": "workspace_filter_passed",
        "selected_component_size": 24,
        "selected_component_spread": 0.04579159617424011,
        "selected_component_xy": [
          0.07547702640295029,
          0.1889062523841858
        ],
        "strategy": "workspace_elevated_xy_low_z",
        "support_z": 0.0035285174380987883,
        "support_z_percentile": 10.0,
        "workspace_bounds": {
          "abs_x_max": 0.2,
          "abs_y_max": 0.2,
          "z_max": 0.08,
          "z_min": -0.02
        }
      },
      "grasp_num_points": 24,
      "grasp_world_xyz": [
        0.07547702640295029,
        0.1889062523841858,
        0.00392875075340271
      ],
      "metadata": {
        "box_bounds_xyxy_exclusive": [
          83,
          79,
          91,
          88
        ],
        "box_center_world_xyz": [
          0.07193626463413239,
          0.2086171954870224,
          0.03904827684164047
        ],
        "camera_frame_conversion": "opencv_to_opengl",
        "center_strategy": "median",
        "extrinsics_source": "sensor_param.base_camera.cam2world_gl",
        "intrinsics_source": "provided"
      },
      "num_points": 59,
      "point_cloud_path": null,
      "segmentation_id": null,
      "world_xyz": [
        0.06740845739841461,
        0.20484374463558197,
        0.004041016101837158
      ]
    }
  ]
}