{
  "min_xy_distance_from_pick": 0.05,
  "place_query": "green cube",
  "place_target_source": "predicted_place_object",
  "selected": {
    "metadata": {
      "num_candidates": 1,
      "num_close_to_pick_rejected": 0,
      "num_eligible_candidates": 1,
      "num_invalid_candidates": 0,
      "place_pick_xy_distance": 0.17881183326244354,
      "place_query": "green cube",
      "place_target_z": 0.02,
      "raw_semantic_world_xyz": [
        0.06740845739841461,
        0.20484374463558197,
        0.004041016101837158
      ],
      "selected_candidate_index": 0,
      "selected_clip_score": 0.0,
      "selected_depth_valid_ratio": 0.8194444444444444,
      "selected_det_score": 0.7776677012443542,
      "selected_fused_2d_score": 0.7776677012443542,
      "selected_grasp_world_xyz": [
        0.07547702640295029,
        0.1889062523841858,
        0.00392875075340271
      ],
      "selected_num_points": 59,
      "selected_phrase": "green cube",
      "selected_world_xyz": [
        0.07547702640295029,
        0.1889062523841858,
        0.019999999552965164
      ],
      "selection_reason": "first_ranked_candidate_far_from_pick"
    },
    "place_xyz": [
      0.07547702640295029,
      0.1889062523841858,
      0.019999999552965164
    ],
    "source": "predicted_place_object"
  }
}