{
  "query": {
    "attributes": [
      "red"
    ],
    "normalized_prompt": "red cube",
    "raw_query": "red cube",
    "relations": [],
    "synonyms": [
      "cube",
      "block"
    ],
    "target_name": "cube"
  },
  "top_2d_candidate": {
    "box_xyxy": [
      72.52571105957031,
      80.55370330810547,
      79.30128479003906,
      88.20519256591797
    ],
    "clip_score": 0.0,
    "det_score": 0.6479641199111938,
    "fused_2d_score": 0.6479641199111938,
    "image_crop_path": null,
    "metadata": {
      "detector_metadata": {
        "model_id": "IDEA-Research/grounding-dino-tiny"
      },
      "detector_source": "transformers_groundingdino",
      "skip_clip": true
    },
    "phrase": "red cube",
    "rank": 0,
    "source": "detector_only"
  },
  "top_candidate_3d": {
    "box_area": 72,
    "box_xyxy": [
      72.52571105957031,
      80.55370330810547,
      79.30128479003906,
      88.20519256591797
    ],
    "camera_xyz": [
      0.10640624910593033,
      0.18064843118190765,
      0.590499997138977
    ],
    "depth_valid_ratio": 0.7777777777777778,
    "grasp_camera_xyz": [
      0.09265624731779099,
      0.21310937404632568,
      0.5929999947547913
    ],
    "grasp_metadata": {
      "applied": true,
      "component_count": 1,
      "component_fallback_reason": null,
      "component_radius": 0.03,
      "component_selection_strategy": "largest_component_then_low_spread",
      "component_sizes": [
        21
      ],
      "elevated_point_count": 21,
      "elevated_z_offset": 0.015,
      "fallback_reason": null,
      "local_support_point_count": 18,
      "local_support_radius": 0.04,
      "local_support_z_margin": 0.012,
      "min_elevated_points": 12,
      "min_points": 20,
      "num_workspace_points": 56,
      "reason": "component_elevated_xy_with_local_support_z",
      "selected_component_size": 21,
      "selected_component_spread": 0.023625001311302185,
      "selected_component_xy": [
        0.08301608264446259,
        0.10106249898672104
      ],
      "strategy": "workspace_elevated_xy_low_z",
      "support_z": 0.003103911876678467,
      "support_z_percentile": 10.0,
      "workspace_bounds": {
        "abs_x_max": 0.2,
        "abs_y_max": 0.2,
        "z_max": 0.08,
        "z_min": -0.02
      }
    },
    "grasp_num_points": 21,
    "grasp_world_xyz": [
      0.08301608264446259,
      0.10106249898672104,
      0.0036212801933288574
    ],
    "metadata": {
      "box_bounds_xyxy_exclusive": [
        72,
        80,
        80,
        89
      ],
      "box_center_world_xyz": [
        0.08301608264446259,
        0.10687500238418579,
        0.043631039559841156
      ],
      "camera_frame_conversion": "opencv_to_opengl",
      "center_strategy": "median",
      "extrinsics_source": "sensor_param.base_camera.cam2world_gl",
      "intrinsics_source": "provided"
    },
    "num_points": 56,
    "point_cloud_path": null,
    "segmentation_id": null,
    "world_xyz": [
      0.08004511147737503,
      0.10640624910593033,
      0.004041016101837158
    ]
  }
}