{
  "candidates_3d": [
    {
      "box_area": 2772,
      "box_xyxy": [
        52.22031784057617,
        0.00102996826171875,
        87.31535339355469,
        76.27076721191406
      ],
      "camera_xyz": [
        0.030515626072883606,
        -0.15723437070846558,
        0.6525000333786011
      ],
      "depth_valid_ratio": 1.0,
      "grasp_camera_xyz": [
        0.06468750536441803,
        0.0767812505364418,
        0.7020000219345093
      ],
      "grasp_metadata": {
        "applied": true,
        "component_count": 1,
        "component_fallback_reason": "too_few_elevated_points",
        "component_radius": 0.03,
        "component_selection_strategy": "largest_workspace_component_then_low_spread",
        "component_sizes": [
          306
        ],
        "elevated_point_count": 0,
        "elevated_z_offset": 0.015,
        "fallback_reason": "too_few_elevated_points",
        "local_support_point_count": 0,
        "local_support_radius": 0.04,
        "local_support_z_margin": 0.012,
        "min_elevated_points": 12,
        "min_points": 20,
        "num_workspace_points": 306,
        "reason": "workspace_filter_passed",
        "selected_component_size": 306,
        "selected_component_spread": 0.1877066195011139,
        "selected_component_xy": [
          -0.078579843044281,
          0.06468750536441803
        ],
        "strategy": "workspace_elevated_xy_low_z",
        "support_z": 0.003709077835083008,
        "support_z_percentile": 10.0,
        "workspace_bounds": {
          "abs_x_max": 0.2,
          "abs_y_max": 0.2,
          "z_max": 0.08,
          "z_min": -0.02
        }
      },
      "grasp_num_points": 306,
      "grasp_world_xyz": [
        -0.078579843044281,
        0.06468750536441803,
        0.0038847923278808594
      ],
      "metadata": {
        "box_bounds_xyxy_exclusive": [
          52,
          0,
          88,
          77
        ],
        "box_center_world_xyz": [
          0.03531966358423233,
          0.026343747973442078,
          0.4518887400627136
        ],
        "camera_frame_conversion": "opencv_to_opengl",
        "center_strategy": "median",
        "extrinsics_source": "sensor_param.base_camera.cam2world_gl",
        "intrinsics_source": "provided"
      },
      "num_points": 2772,
      "point_cloud_path": null,
      "segmentation_id": null,
      "world_xyz": [
        -0.1455734819173813,
        0.030515626072883606,
        0.3493899703025818
      ]
    },
    {
      "box_area": 64,
      "box_xyxy": [
        45.64339065551758,
        78.60741424560547,
        52.11655807495117,
        85.12308502197266
      ],
      "camera_xyz": [
        -0.1458750069141388,
        0.16368749737739563,
        0.6050000190734863
      ],
      "depth_valid_ratio": 1.0,
      "grasp_camera_xyz": [
        -0.15174999833106995,
        0.18968749046325684,
        0.6069999933242798
      ],
      "grasp_metadata": {
        "applied": true,
        "component_count": 1,
        "component_fallback_reason": null,
        "component_radius": 0.03,
        "component_selection_strategy": "largest_component_then_low_spread",
        "component_sizes": [
          25
        ],
        "elevated_point_count": 25,
        "elevated_z_offset": 0.015,
        "fallback_reason": null,
        "local_support_point_count": 24,
        "local_support_radius": 0.04,
        "local_support_z_margin": 0.012,
        "min_elevated_points": 12,
        "min_points": 20,
        "num_workspace_points": 64,
        "reason": "component_elevated_xy_with_local_support_z",
        "selected_component_size": 25,
        "selected_component_spread": 0.023932084441184998,
        "selected_component_xy": [
          0.05464126169681549,
          -0.14624999463558197
        ],
        "strategy": "workspace_elevated_xy_low_z",
        "support_z": 0.0035626888275146484,
        "support_z_percentile": 10.0,
        "workspace_bounds": {
          "abs_x_max": 0.2,
          "abs_y_max": 0.2,
          "z_max": 0.08,
          "z_min": -0.02
        }
      },
      "grasp_num_points": 25,
      "grasp_world_xyz": [
        0.05464126169681549,
        -0.14624999463558197,
        0.0036115050315856934
      ],
      "metadata": {
        "box_bounds_xyxy_exclusive": [
          45,
          78,
          53,
          86
        ],
        "box_center_world_xyz": [
          0.06424592435359955,
          -0.13640625774860382,
          0.04327962547540665
        ],
        "camera_frame_conversion": "opencv_to_opengl",
        "center_strategy": "median",
        "extrinsics_source": "sensor_param.base_camera.cam2world_gl",
        "intrinsics_source": "provided"
      },
      "num_points": 64,
      "point_cloud_path": null,
      "segmentation_id": null,
      "world_xyz": [
        0.05464126169681549,
        -0.1458750069141388,
        0.003777444362640381
      ]
    }
  ]
}