{
  "candidates_3d": [
    {
      "box_area": 72,
      "box_xyxy": [
        75.49324035644531,
        79.45980834960938,
        82.32672119140625,
        87.42105102539062
      ],
      "camera_xyz": [
        0.1357264667749405,
        0.17320847511291504,
        0.597754180431366
      ],
      "depth_valid_ratio": 1.0,
      "grasp_camera_xyz": [
        0.14955322444438934,
        0.2056356817483902,
        0.5982128977775574
      ],
      "grasp_metadata": {
        "applied": true,
        "component_count": 1,
        "component_fallback_reason": null,
        "component_radius": 0.03,
        "component_selection_strategy": "largest_component_then_low_spread",
        "component_sizes": [
          39
        ],
        "elevated_point_count": 39,
        "elevated_z_offset": 0.015,
        "fallback_reason": null,
        "local_support_point_count": 15,
        "local_support_radius": 0.04,
        "local_support_z_margin": 0.012,
        "min_elevated_points": 12,
        "min_points": 20,
        "num_workspace_points": 72,
        "reason": "component_elevated_xy_with_local_support_z",
        "selected_component_size": 39,
        "selected_component_spread": 0.03789883852005005,
        "selected_component_xy": [
          0.07286924123764038,
          0.13725514709949493
        ],
        "strategy": "workspace_elevated_xy_low_z",
        "support_z": -0.002898317761719227,
        "support_z_percentile": 10.0,
        "workspace_bounds": {
          "abs_x_max": 0.2,
          "abs_y_max": 0.2,
          "z_max": 0.08,
          "z_min": -0.02
        }
      },
      "grasp_num_points": 39,
      "grasp_world_xyz": [
        0.07286924123764038,
        0.13725514709949493,
        0.003063797950744629
      ],
      "metadata": {
        "box_bounds_xyxy_exclusive": [
          75,
          79,
          83,
          88
        ],
        "box_center_world_xyz": [
          0.07698759436607361,
          0.13304124772548676,
          0.05147268623113632
        ],
        "camera_frame_conversion": "opencv_to_opengl",
        "center_strategy": "median",
        "extrinsics_source": "sensor_param.base_camera.cam2world_gl",
        "intrinsics_source": "provided"
      },
      "num_points": 72,
      "point_cloud_path": null,
      "segmentation_id": null,
      "world_xyz": [
        0.0662681832909584,
        0.1357264667749405,
        0.014614284038543701
      ]
    }
  ]
}