{
  "query": {
    "attributes": [
      "red"
    ],
    "normalized_prompt": "red cube",
    "raw_query": "red cube",
    "relations": [],
    "synonyms": [
      "cube",
      "block"
    ],
    "target_name": "cube"
  },
  "top_2d_candidate": {
    "box_xyxy": [
      74.6377944946289,
      67.4289779663086,
      80.14282989501953,
      73.1279067993164
    ],
    "clip_score": 0.0,
    "det_score": 0.6377659440040588,
    "fused_2d_score": 0.6377659440040588,
    "image_crop_path": null,
    "metadata": {
      "detector_metadata": {
        "model_id": "IDEA-Research/grounding-dino-tiny"
      },
      "detector_source": "transformers_groundingdino",
      "skip_clip": true
    },
    "phrase": "red cube",
    "rank": 0,
    "source": "detector_only"
  },
  "top_candidate_3d": {
    "box_area": 49,
    "box_xyxy": [
      74.6377944946289,
      67.4289779663086,
      80.14282989501953,
      73.1279067993164
    ],
    "camera_xyz": [
      0.13771873712539673,
      0.06656249612569809,
      0.6859999895095825
    ],
    "depth_valid_ratio": 0.7959183673469388,
    "grasp_camera_xyz": [
      0.1393437534570694,
      0.09646874666213989,
      0.6859999895095825
    ],
    "grasp_metadata": {
      "applied": true,
      "component_count": 1,
      "component_fallback_reason": null,
      "component_radius": 0.03,
      "component_selection_strategy": "largest_component_then_low_spread",
      "component_sizes": [
        15
      ],
      "elevated_point_count": 15,
      "elevated_z_offset": 0.015,
      "fallback_reason": null,
      "local_support_point_count": 11,
      "local_support_radius": 0.04,
      "local_support_z_margin": 0.012,
      "min_elevated_points": 12,
      "min_points": 20,
      "num_workspace_points": 39,
      "reason": "component_elevated_xy_with_local_support_z",
      "selected_component_size": 15,
      "selected_component_spread": 0.025564806535840034,
      "selected_component_xy": [
        -0.06563693284988403,
        0.1346718668937683
      ],
      "strategy": "workspace_elevated_xy_low_z",
      "support_z": 0.003728628158569336,
      "support_z_percentile": 10.0,
      "workspace_bounds": {
        "abs_x_max": 0.2,
        "abs_y_max": 0.2,
        "z_max": 0.08,
        "z_min": -0.02
      }
    },
    "grasp_num_points": 15,
    "grasp_world_xyz": [
      -0.06563693284988403,
      0.1346718668937683,
      0.004060506820678711
    ],
    "metadata": {
      "box_bounds_xyxy_exclusive": [
        74,
        67,
        81,
        74
      ],
      "box_center_world_xyz": [
        -0.06563694775104523,
        0.1346718668937683,
        0.0434553325176239
      ],
      "camera_frame_conversion": "opencv_to_opengl",
      "center_strategy": "median",
      "extrinsics_source": "sensor_param.base_camera.cam2world_gl",
      "intrinsics_source": "provided"
    },
    "num_points": 39,
    "point_cloud_path": null,
    "segmentation_id": null,
    "world_xyz": [
      -0.06941196322441101,
      0.13771873712539673,
      0.004060506820678711
    ]
  }
}