{
  "query": {
    "attributes": [
      "red"
    ],
    "normalized_prompt": "red cube",
    "raw_query": "red cube",
    "relations": [],
    "synonyms": [
      "cube",
      "block"
    ],
    "target_name": "cube"
  },
  "top_2d_candidate": {
    "box_xyxy": [
      64.58694458007812,
      78.4715347290039,
      70.29644775390625,
      85.19591522216797
    ],
    "clip_score": 0.0,
    "det_score": 0.7471643686294556,
    "fused_2d_score": 0.7471643686294556,
    "image_crop_path": null,
    "metadata": {
      "detector_metadata": {
        "model_id": "IDEA-Research/grounding-dino-tiny"
      },
      "detector_source": "transformers_groundingdino",
      "skip_clip": true
    },
    "phrase": "red cube",
    "rank": 0,
    "source": "detector_only"
  },
  "top_candidate_3d": {
    "box_area": 56,
    "box_xyxy": [
      64.58694458007812,
      78.4715347290039,
      70.29644775390625,
      85.19591522216797
    ],
    "camera_xyz": [
      0.028101563453674316,
      0.15892186760902405,
      0.6050000190734863
    ],
    "depth_valid_ratio": 0.6785714285714286,
    "grasp_camera_xyz": [
      0.00957812462002039,
      0.17240624129772186,
      0.6129999756813049
    ],
    "grasp_metadata": {
      "applied": true,
      "component_count": 1,
      "component_fallback_reason": null,
      "component_radius": 0.03,
      "component_selection_strategy": "largest_component_then_low_spread",
      "component_sizes": [
        14
      ],
      "elevated_point_count": 14,
      "elevated_z_offset": 0.015,
      "fallback_reason": null,
      "local_support_point_count": 10,
      "local_support_radius": 0.04,
      "local_support_z_margin": 0.012,
      "min_elevated_points": 12,
      "min_points": 20,
      "num_workspace_points": 38,
      "reason": "component_elevated_xy_with_local_support_z",
      "selected_component_size": 14,
      "selected_component_spread": 0.025870749726891518,
      "selected_component_xy": [
        0.05464126169681549,
        0.018656250089406967
      ],
      "strategy": "workspace_elevated_xy_low_z",
      "support_z": 0.0035626888275146484,
      "support_z_percentile": 10.0,
      "workspace_bounds": {
        "abs_x_max": 0.2,
        "abs_y_max": 0.2,
        "z_max": 0.08,
        "z_min": -0.02
      }
    },
    "grasp_num_points": 14,
    "grasp_world_xyz": [
      0.05464126169681549,
      0.018656250089406967,
      0.0035626888275146484
    ],
    "metadata": {
      "box_bounds_xyxy_exclusive": [
        64,
        78,
        71,
        86
      ],
      "box_center_world_xyz": [
        0.06424592435359955,
        0.027281250804662704,
        0.04327962547540665
      ],
      "camera_frame_conversion": "opencv_to_opengl",
      "center_strategy": "median",
      "extrinsics_source": "sensor_param.base_camera.cam2world_gl",
      "intrinsics_source": "provided"
    },
    "num_points": 38,
    "point_cloud_path": null,
    "segmentation_id": null,
    "world_xyz": [
      0.04885063320398331,
      0.028101563453674316,
      0.003684699535369873
    ]
  }
}