{
  "candidates_3d": [
    {
      "box_area": 90,
      "box_xyxy": [
        47.520694732666016,
        82.56060028076172,
        55.26255416870117,
        91.2624740600586
      ],
      "camera_xyz": [
        -0.11573436856269836,
        0.199093759059906,
        0.5770000219345093
      ],
      "depth_valid_ratio": 1.0,
      "grasp_camera_xyz": [
        -0.10003125667572021,
        0.22734375298023224,
        0.5820000171661377
      ],
      "grasp_metadata": {
        "applied": true,
        "component_count": 1,
        "component_fallback_reason": null,
        "component_radius": 0.03,
        "component_selection_strategy": "largest_component_then_low_spread",
        "component_sizes": [
          29
        ],
        "elevated_point_count": 29,
        "elevated_z_offset": 0.015,
        "fallback_reason": null,
        "local_support_point_count": 26,
        "local_support_radius": 0.04,
        "local_support_z_margin": 0.012,
        "min_elevated_points": 12,
        "min_points": 20,
        "num_workspace_points": 90,
        "reason": "component_elevated_xy_with_local_support_z",
        "selected_component_size": 29,
        "selected_component_spread": 0.02638220228254795,
        "selected_component_xy": [
          0.10084427893161774,
          -0.11476562172174454
        ],
        "strategy": "workspace_elevated_xy_low_z",
        "support_z": 0.003103911876678467,
        "support_z_percentile": 10.0,
        "workspace_bounds": {
          "abs_x_max": 0.2,
          "abs_y_max": 0.2,
          "z_max": 0.08,
          "z_min": -0.02
        }
      },
      "grasp_num_points": 29,
      "grasp_world_xyz": [
        0.10084427893161774,
        -0.11476562172174454,
        0.0035138726234436035
      ],
      "metadata": {
        "box_bounds_xyxy_exclusive": [
          47,
          82,
          56,
          92
        ],
        "box_center_world_xyz": [
          0.10938502848148346,
          -0.11253125220537186,
          0.04302583634853363
        ],
        "camera_frame_conversion": "opencv_to_opengl",
        "center_strategy": "median",
        "extrinsics_source": "sensor_param.base_camera.cam2world_gl",
        "intrinsics_source": "provided"
      },
      "num_points": 90,
      "point_cloud_path": null,
      "segmentation_id": null,
      "world_xyz": [
        0.10084427893161774,
        -0.11573436856269836,
        0.00364077091217041
      ]
    }
  ]
}