{
  "min_xy_distance_from_pick": 0.05,
  "place_query": "green cube",
  "place_target_source": "predicted_place_object",
  "selected": {
    "metadata": {
      "num_candidates": 1,
      "num_close_to_pick_rejected": 0,
      "num_eligible_candidates": 1,
      "num_invalid_candidates": 0,
      "place_pick_xy_distance": 0.1354670524597168,
      "place_query": "green cube",
      "place_target_z": 0.02,
      "raw_semantic_world_xyz": [
        0.10486087203025818,
        -0.11699999868869781,
        0.00364077091217041
      ],
      "selected_candidate_index": 0,
      "selected_clip_score": 0.0,
      "selected_depth_valid_ratio": 0.8333333333333334,
      "selected_det_score": 0.7628235816955566,
      "selected_fused_2d_score": 0.7628235816955566,
      "selected_grasp_world_xyz": [
        0.10319174826145172,
        -0.11578124761581421,
        0.0035138726234436035
      ],
      "selected_num_points": 75,
      "selected_phrase": "green cube",
      "selected_world_xyz": [
        0.10319174826145172,
        -0.11578124761581421,
        0.019999999552965164
      ],
      "selection_reason": "first_ranked_candidate_far_from_pick"
    },
    "place_xyz": [
      0.10319174826145172,
      -0.11578124761581421,
      0.019999999552965164
    ],
    "source": "predicted_place_object"
  }
}