{
  "query": {
    "attributes": [
      "red"
    ],
    "normalized_prompt": "red cube",
    "raw_query": "red cube",
    "relations": [],
    "synonyms": [
      "cube",
      "block"
    ],
    "target_name": "cube"
  },
  "top_2d_candidate": {
    "box_xyxy": [
      69.62774658203125,
      71.51078796386719,
      76.26603698730469,
      78.19209289550781
    ],
    "clip_score": 0.0,
    "det_score": 0.5086703300476074,
    "fused_2d_score": 0.5086703300476074,
    "image_crop_path": null,
    "metadata": {
      "detector_metadata": {
        "model_id": "IDEA-Research/grounding-dino-tiny"
      },
      "detector_source": "transformers_groundingdino",
      "skip_clip": true
    },
    "phrase": "red cube",
    "rank": 0,
    "source": "detector_only"
  },
  "top_candidate_3d": {
    "box_area": 64,
    "box_xyxy": [
      69.62774658203125,
      71.51078796386719,
      76.26603698730469,
      78.19209289550781
    ],
    "camera_xyz": [
      0.08796093612909317,
      0.10692968964576721,
      0.6570000052452087
    ],
    "depth_valid_ratio": 0.90625,
    "grasp_camera_xyz": [
      0.0820000022649765,
      0.13324999809265137,
      0.656000018119812
    ],
    "grasp_metadata": {
      "applied": true,
      "component_count": 1,
      "component_fallback_reason": null,
      "component_radius": 0.03,
      "component_selection_strategy": "largest_component_then_low_spread",
      "component_sizes": [
        17
      ],
      "elevated_point_count": 17,
      "elevated_z_offset": 0.015,
      "fallback_reason": null,
      "local_support_point_count": 22,
      "local_support_radius": 0.04,
      "local_support_z_margin": 0.012,
      "min_elevated_points": 12,
      "min_points": 20,
      "num_workspace_points": 58,
      "reason": "component_elevated_xy_with_local_support_z",
      "selected_component_size": 17,
      "selected_component_spread": 0.025969021022319794,
      "selected_component_xy": [
        -0.018199175596237183,
        0.08873437345027924
      ],
      "strategy": "workspace_elevated_xy_low_z",
      "support_z": 0.0036017298698425293,
      "support_z_percentile": 10.0,
      "workspace_bounds": {
        "abs_x_max": 0.2,
        "abs_y_max": 0.2,
        "z_max": 0.08,
        "z_min": -0.02
      }
    },
    "grasp_num_points": 17,
    "grasp_world_xyz": [
      -0.018199175596237183,
      0.08873437345027924,
      0.0036115050315856934
    ],
    "metadata": {
      "box_bounds_xyxy_exclusive": [
        69,
        71,
        77,
        79
      ],
      "box_center_world_xyz": [
        -0.007532969117164612,
        0.08817186951637268,
        0.04307466000318527
      ],
      "camera_frame_conversion": "opencv_to_opengl",
      "center_strategy": "median",
      "extrinsics_source": "sensor_param.base_camera.cam2world_gl",
      "intrinsics_source": "provided"
    },
    "num_points": 58,
    "point_cloud_path": null,
    "segmentation_id": null,
    "world_xyz": [
      -0.018199175596237183,
      0.08796093612909317,
      0.0038847923278808594
    ]
  }
}