{
  "query": {
    "attributes": [
      "red"
    ],
    "normalized_prompt": "red cube",
    "raw_query": "red cube",
    "relations": [],
    "synonyms": [
      "cube",
      "block"
    ],
    "target_name": "cube"
  },
  "top_2d_candidate": {
    "box_xyxy": [
      64.51366424560547,
      70.62449645996094,
      71.22429656982422,
      78.10267639160156
    ],
    "clip_score": 0.0,
    "det_score": 0.5822794437408447,
    "fused_2d_score": 0.5822794437408447,
    "image_crop_path": null,
    "metadata": {
      "detector_metadata": {
        "model_id": "IDEA-Research/grounding-dino-tiny"
      },
      "detector_source": "transformers_groundingdino",
      "skip_clip": true
    },
    "phrase": "red cube",
    "rank": 0,
    "source": "detector_only"
  },
  "top_candidate_3d": {
    "box_area": 72,
    "box_xyxy": [
      64.51366424560547,
      70.62449645996094,
      71.22429656982422,
      78.10267639160156
    ],
    "camera_xyz": [
      0.03610587492585182,
      0.09966421872377396,
      0.6584786772727966
    ],
    "depth_valid_ratio": 1.0,
    "grasp_camera_xyz": [
      0.02084103785455227,
      0.12504622340202332,
      0.6669132113456726
    ],
    "grasp_metadata": {
      "applied": true,
      "component_count": 1,
      "component_fallback_reason": null,
      "component_radius": 0.03,
      "component_selection_strategy": "largest_component_then_low_spread",
      "component_sizes": [
        22
      ],
      "elevated_point_count": 22,
      "elevated_z_offset": 0.015,
      "fallback_reason": null,
      "local_support_point_count": 21,
      "local_support_radius": 0.04,
      "local_support_z_margin": 0.012,
      "min_elevated_points": 12,
      "min_points": 20,
      "num_workspace_points": 72,
      "reason": "component_elevated_xy_with_local_support_z",
      "selected_component_size": 22,
      "selected_component_spread": 0.027301358059048653,
      "selected_component_xy": [
        -0.020637691020965576,
        0.03044998273253441
      ],
      "strategy": "workspace_elevated_xy_low_z",
      "support_z": 0.0011145711177960038,
      "support_z_percentile": 10.0,
      "workspace_bounds": {
        "abs_x_max": 0.2,
        "abs_y_max": 0.2,
        "z_max": 0.08,
        "z_min": -0.02
      }
    },
    "grasp_num_points": 22,
    "grasp_world_xyz": [
      -0.020637691020965576,
      0.03044998273253441,
      0.003880918025970459
    ],
    "metadata": {
      "box_bounds_xyxy_exclusive": [
        64,
        70,
        72,
        79
      ],
      "box_center_world_xyz": [
        -0.021067611873149872,
        0.03991914168000221,
        0.03891102969646454
      ],
      "camera_frame_conversion": "opencv_to_opengl",
      "center_strategy": "median",
      "extrinsics_source": "sensor_param.base_camera.cam2world_gl",
      "intrinsics_source": "provided"
    },
    "num_points": 72,
    "point_cloud_path": null,
    "segmentation_id": null,
    "world_xyz": [
      -0.027852609753608704,
      0.03610587492585182,
      0.006935298442840576
    ]
  }
}