{
  "candidates_3d": [
    {
      "box_area": 64,
      "box_xyxy": [
        73.82652282714844,
        75.47811126708984,
        80.22227478027344,
        82.1368179321289
      ],
      "camera_xyz": [
        0.12260831892490387,
        0.14192889630794525,
        0.629582405090332
      ],
      "depth_valid_ratio": 1.0,
      "grasp_camera_xyz": [
        0.11781139671802521,
        0.16689947247505188,
        0.6283274292945862
      ],
      "grasp_metadata": {
        "applied": true,
        "component_count": 1,
        "component_fallback_reason": null,
        "component_radius": 0.03,
        "component_selection_strategy": "largest_component_then_low_spread",
        "component_sizes": [
          21
        ],
        "elevated_point_count": 21,
        "elevated_z_offset": 0.015,
        "fallback_reason": null,
        "local_support_point_count": 24,
        "local_support_radius": 0.04,
        "local_support_z_margin": 0.012,
        "min_elevated_points": 12,
        "min_points": 20,
        "num_workspace_points": 64,
        "reason": "component_elevated_xy_with_local_support_z",
        "selected_component_size": 21,
        "selected_component_spread": 0.0230622049421072,
        "selected_component_xy": [
          0.023435115814208984,
          0.12237643450498581
        ],
        "strategy": "workspace_elevated_xy_low_z",
        "support_z": 0.0010891318088397384,
        "support_z_percentile": 10.0,
        "workspace_bounds": {
          "abs_x_max": 0.2,
          "abs_y_max": 0.2,
          "z_max": 0.08,
          "z_min": -0.02
        }
      },
      "grasp_num_points": 21,
      "grasp_world_xyz": [
        0.023435115814208984,
        0.12237643450498581,
        0.004406958818435669
      ],
      "metadata": {
        "box_bounds_xyxy_exclusive": [
          73,
          75,
          81,
          83
        ],
        "box_center_world_xyz": [
          0.03289387375116348,
          0.12284021079540253,
          0.03922474384307861
        ],
        "camera_frame_conversion": "opencv_to_opengl",
        "center_strategy": "median",
        "extrinsics_source": "sensor_param.base_camera.cam2world_gl",
        "intrinsics_source": "provided"
      },
      "num_points": 64,
      "point_cloud_path": null,
      "segmentation_id": null,
      "world_xyz": [
        0.022003039717674255,
        0.12260831892490387,
        0.007567703723907471
      ]
    }
  ]
}