{
  "candidates_3d": [
    {
      "box_area": 56,
      "box_xyxy": [
        66.51122283935547,
        81.43963623046875,
        72.43090057373047,
        88.33848571777344
      ],
      "camera_xyz": [
        0.045011769980192184,
        0.1858004629611969,
        0.5884917974472046
      ],
      "depth_valid_ratio": 1.0,
      "grasp_camera_xyz": [
        0.03801468759775162,
        0.2280881255865097,
        0.6082350015640259
      ],
      "grasp_metadata": {
        "applied": true,
        "component_count": 1,
        "component_fallback_reason": null,
        "component_radius": 0.03,
        "component_selection_strategy": "largest_component_then_low_spread",
        "component_sizes": [
          29
        ],
        "elevated_point_count": 29,
        "elevated_z_offset": 0.015,
        "fallback_reason": null,
        "local_support_point_count": 11,
        "local_support_radius": 0.04,
        "local_support_z_margin": 0.012,
        "min_elevated_points": 12,
        "min_points": 20,
        "num_workspace_points": 56,
        "reason": "component_elevated_xy_with_local_support_z",
        "selected_component_size": 29,
        "selected_component_spread": 0.03229016810655594,
        "selected_component_xy": [
          0.089291051030159,
          0.04318929836153984
        ],
        "strategy": "workspace_elevated_xy_low_z",
        "support_z": -0.005660504102706909,
        "support_z_percentile": 10.0,
        "workspace_bounds": {
          "abs_x_max": 0.2,
          "abs_y_max": 0.2,
          "z_max": 0.08,
          "z_min": -0.02
        }
      },
      "grasp_num_points": 29,
      "grasp_world_xyz": [
        0.089291051030159,
        0.04318929836153984,
        -0.00510096549987793
      ],
      "metadata": {
        "box_bounds_xyxy_exclusive": [
          66,
          81,
          73,
          89
        ],
        "box_center_world_xyz": [
          0.09243957698345184,
          0.044007785618305206,
          0.04467283934354782
        ],
        "camera_frame_conversion": "opencv_to_opengl",
        "center_strategy": "median",
        "extrinsics_source": "sensor_param.base_camera.cam2world_gl",
        "intrinsics_source": "provided"
      },
      "num_points": 56,
      "point_cloud_path": null,
      "segmentation_id": null,
      "world_xyz": [
        0.08635308593511581,
        0.045011769980192184,
        0.010090678930282593
      ]
    }
  ]
}