{
  "min_xy_distance_from_pick": 0.05,
  "place_query": "green cube",
  "place_target_source": "predicted_place_object",
  "selected": {
    "metadata": {
      "num_candidates": 1,
      "num_close_to_pick_rejected": 0,
      "num_eligible_candidates": 1,
      "num_invalid_candidates": 0,
      "place_pick_xy_distance": 0.278387188911438,
      "place_query": "green cube",
      "place_target_z": 0.02,
      "raw_semantic_world_xyz": [
        0.08635308593511581,
        0.045011769980192184,
        0.010090678930282593
      ],
      "selected_candidate_index": 0,
      "selected_clip_score": 0.0,
      "selected_depth_valid_ratio": 1.0,
      "selected_det_score": 0.7387399077415466,
      "selected_fused_2d_score": 0.7387399077415466,
      "selected_grasp_world_xyz": [
        0.089291051030159,
        0.04318929836153984,
        -0.00510096549987793
      ],
      "selected_num_points": 56,
      "selected_phrase": "green cube",
      "selected_world_xyz": [
        0.089291051030159,
        0.04318929836153984,
        0.019999999552965164
      ],
      "selection_reason": "first_ranked_candidate_far_from_pick"
    },
    "place_xyz": [
      0.089291051030159,
      0.04318929836153984,
      0.019999999552965164
    ],
    "source": "predicted_place_object"
  }
}