{
  "candidates_3d": [
    {
      "box_area": 64,
      "box_xyxy": [
        52.54416275024414,
        73.61618041992188,
        59.02729415893555,
        80.34823608398438
      ],
      "camera_xyz": [
        -0.08576563000679016,
        0.12450780719518661,
        0.6419999599456787
      ],
      "depth_valid_ratio": 1.0,
      "grasp_camera_xyz": [
        -0.10015624761581421,
        0.1502343714237213,
        0.640999972820282
      ],
      "grasp_metadata": {
        "applied": true,
        "component_count": 1,
        "component_fallback_reason": null,
        "component_radius": 0.03,
        "component_selection_strategy": "largest_component_then_low_spread",
        "component_sizes": [
          22
        ],
        "elevated_point_count": 22,
        "elevated_z_offset": 0.015,
        "fallback_reason": null,
        "local_support_point_count": 18,
        "local_support_radius": 0.04,
        "local_support_z_margin": 0.012,
        "min_elevated_points": 12,
        "min_points": 20,
        "num_workspace_points": 64,
        "reason": "component_elevated_xy_with_local_support_z",
        "selected_component_size": 22,
        "selected_component_spread": 0.024782035499811172,
        "selected_component_xy": [
          0.0034650564193725586,
          -0.08669531345367432
        ],
        "strategy": "workspace_elevated_xy_low_z",
        "support_z": 0.0036017298698425293,
        "support_z_percentile": 10.0,
        "workspace_bounds": {
          "abs_x_max": 0.2,
          "abs_y_max": 0.2,
          "z_max": 0.08,
          "z_min": -0.02
        }
      },
      "grasp_num_points": 22,
      "grasp_world_xyz": [
        0.0034650564193725586,
        -0.08669531345367432,
        0.0037578940391540527
      ],
      "metadata": {
        "box_bounds_xyxy_exclusive": [
          52,
          73,
          60,
          81
        ],
        "box_center_world_xyz": [
          0.014292314648628235,
          -0.07662499696016312,
          0.043543197214603424
        ],
        "camera_frame_conversion": "opencv_to_opengl",
        "center_strategy": "median",
        "extrinsics_source": "sensor_param.base_camera.cam2world_gl",
        "intrinsics_source": "provided"
      },
      "num_points": 64,
      "point_cloud_path": null,
      "segmentation_id": null,
      "world_xyz": [
        0.0034650564193725586,
        -0.08576563000679016,
        0.004060506820678711
      ]
    }
  ]
}