{
  "candidates_3d": [
    {
      "box_area": 64,
      "box_xyxy": [
        76.50547790527344,
        71.49043273925781,
        83.28680419921875,
        78.29678344726562
      ],
      "camera_xyz": [
        0.1557701826095581,
        0.10712038725614548,
        0.6556605100631714
      ],
      "depth_valid_ratio": 1.0,
      "grasp_camera_xyz": [
        0.14473557472229004,
        0.13439731299877167,
        0.6616483330726624
      ],
      "grasp_metadata": {
        "applied": true,
        "component_count": 1,
        "component_fallback_reason": null,
        "component_radius": 0.03,
        "component_selection_strategy": "largest_component_then_low_spread",
        "component_sizes": [
          24
        ],
        "elevated_point_count": 24,
        "elevated_z_offset": 0.015,
        "fallback_reason": null,
        "local_support_point_count": 18,
        "local_support_radius": 0.04,
        "local_support_z_margin": 0.012,
        "min_elevated_points": 12,
        "min_points": 20,
        "num_workspace_points": 60,
        "reason": "component_elevated_xy_with_local_support_z",
        "selected_component_size": 24,
        "selected_component_spread": 0.026113666594028473,
        "selected_component_xy": [
          -0.016807585954666138,
          0.15013250708580017
        ],
        "strategy": "workspace_elevated_xy_low_z",
        "support_z": -0.0003082096518483013,
        "support_z_percentile": 10.0,
        "workspace_bounds": {
          "abs_x_max": 0.2,
          "abs_y_max": 0.2,
          "z_max": 0.08,
          "z_min": -0.02
        }
      },
      "grasp_num_points": 24,
      "grasp_world_xyz": [
        -0.016807585954666138,
        0.15013250708580017,
        0.0021148324012756348
      ],
      "metadata": {
        "box_bounds_xyxy_exclusive": [
          76,
          71,
          84,
          79
        ],
        "box_center_world_xyz": [
          -0.005741551518440247,
          0.15583691000938416,
          0.04631880670785904
        ],
        "camera_frame_conversion": "opencv_to_opengl",
        "center_strategy": "median",
        "extrinsics_source": "sensor_param.base_camera.cam2world_gl",
        "intrinsics_source": "provided"
      },
      "num_points": 64,
      "point_cloud_path": null,
      "segmentation_id": null,
      "world_xyz": [
        -0.019361376762390137,
        0.1557701826095581,
        0.006102532148361206
      ]
    }
  ]
}