{
  "candidates_3d": [
    {
      "box_area": 2730,
      "box_xyxy": [
        52.39214324951172,
        0.0,
        86.28128814697266,
        77.78726196289062
      ],
      "camera_xyz": [
        0.03345254436135292,
        -0.18637549877166748,
        0.6962101459503174
      ],
      "depth_valid_ratio": 1.0,
      "grasp_camera_xyz": [
        -0.06552102416753769,
        0.09828153252601624,
        0.6988909244537354
      ],
      "grasp_metadata": {
        "applied": true,
        "component_count": 4,
        "component_fallback_reason": null,
        "component_radius": 0.03,
        "component_selection_strategy": "largest_component_then_low_spread",
        "component_sizes": [
          60,
          49,
          2,
          1
        ],
        "elevated_point_count": 112,
        "elevated_z_offset": 0.015,
        "fallback_reason": null,
        "local_support_point_count": 17,
        "local_support_radius": 0.04,
        "local_support_z_margin": 0.012,
        "min_elevated_points": 12,
        "min_points": 20,
        "num_workspace_points": 335,
        "reason": "component_elevated_xy_with_local_support_z",
        "selected_component_size": 60,
        "selected_component_spread": 0.10681949555873871,
        "selected_component_xy": [
          -0.06709592044353485,
          -0.0726652517914772
        ],
        "strategy": "workspace_elevated_xy_low_z",
        "support_z": -0.006211268715560436,
        "support_z_percentile": 10.0,
        "workspace_bounds": {
          "abs_x_max": 0.2,
          "abs_y_max": 0.2,
          "z_max": 0.08,
          "z_min": -0.02
        }
      },
      "grasp_num_points": 60,
      "grasp_world_xyz": [
        -0.06709592044353485,
        -0.0726652517914772,
        -0.0029473304748535156
      ],
      "metadata": {
        "box_bounds_xyxy_exclusive": [
          52,
          0,
          87,
          78
        ],
        "box_center_world_xyz": [
          0.027451880276203156,
          0.0229023564606905,
          0.4426231384277344
        ],
        "camera_frame_conversion": "opencv_to_opengl",
        "center_strategy": "median",
        "extrinsics_source": "sensor_param.base_camera.cam2world_gl",
        "intrinsics_source": "provided"
      },
      "num_points": 2730,
      "point_cloud_path": null,
      "segmentation_id": null,
      "world_xyz": [
        -0.18937118351459503,
        0.03345254436135292,
        0.2358432561159134
      ]
    }
  ]
}