{
  "min_xy_distance_from_pick": 0.05,
  "place_query": "green cube",
  "place_target_source": "predicted_place_object",
  "selected": {
    "metadata": {
      "num_candidates": 1,
      "num_close_to_pick_rejected": 0,
      "num_eligible_candidates": 1,
      "num_invalid_candidates": 0,
      "place_pick_xy_distance": 0.24798959493637085,
      "place_query": "green cube",
      "place_target_z": 0.02,
      "raw_semantic_world_xyz": [
        -0.18937118351459503,
        0.03345254436135292,
        0.2358432561159134
      ],
      "selected_candidate_index": 0,
      "selected_clip_score": 0.0,
      "selected_depth_valid_ratio": 1.0,
      "selected_det_score": 0.4493308961391449,
      "selected_fused_2d_score": 0.4493308961391449,
      "selected_grasp_world_xyz": [
        -0.06709592044353485,
        -0.0726652517914772,
        -0.0029473304748535156
      ],
      "selected_num_points": 2730,
      "selected_phrase": "green cube",
      "selected_world_xyz": [
        -0.06709592044353485,
        -0.0726652517914772,
        0.019999999552965164
      ],
      "selection_reason": "first_ranked_candidate_far_from_pick"
    },
    "place_xyz": [
      -0.06709592044353485,
      -0.0726652517914772,
      0.019999999552965164
    ],
    "source": "predicted_place_object"
  }
}