{
  "candidates_3d": [
    {
      "box_area": 90,
      "box_xyxy": [
        78.75748443603516,
        85.81082153320312,
        86.20476531982422,
        94.18812561035156
      ],
      "camera_xyz": [
        0.1560937464237213,
        0.22049999237060547,
        0.5609999895095825
      ],
      "depth_valid_ratio": 1.0,
      "grasp_camera_xyz": [
        0.14149999618530273,
        0.24762499332427979,
        0.5659999847412109
      ],
      "grasp_metadata": {
        "applied": true,
        "component_count": 1,
        "component_fallback_reason": null,
        "component_radius": 0.03,
        "component_selection_strategy": "largest_component_then_low_spread",
        "component_sizes": [
          33
        ],
        "elevated_point_count": 33,
        "elevated_z_offset": 0.015,
        "fallback_reason": null,
        "local_support_point_count": 32,
        "local_support_radius": 0.04,
        "local_support_z_margin": 0.012,
        "min_elevated_points": 12,
        "min_points": 20,
        "num_workspace_points": 87,
        "reason": "component_elevated_xy_with_local_support_z",
        "selected_component_size": 33,
        "selected_component_spread": 0.04628649726510048,
        "selected_component_xy": [
          0.12642018496990204,
          0.1582343727350235
        ],
        "strategy": "workspace_elevated_xy_low_z",
        "support_z": 0.003025829792022705,
        "support_z_percentile": 10.0,
        "workspace_bounds": {
          "abs_x_max": 0.2,
          "abs_y_max": 0.2,
          "z_max": 0.08,
          "z_min": -0.02
        }
      },
      "grasp_num_points": 33,
      "grasp_world_xyz": [
        0.12642018496990204,
        0.1582343727350235,
        0.0033382177352905273
      ],
      "metadata": {
        "box_bounds_xyxy_exclusive": [
          78,
          85,
          87,
          95
        ],
        "box_center_world_xyz": [
          0.13458269834518433,
          0.15131250023841858,
          0.043357715010643005
        ],
        "camera_frame_conversion": "opencv_to_opengl",
        "center_strategy": "median",
        "extrinsics_source": "sensor_param.base_camera.cam2world_gl",
        "intrinsics_source": "provided"
      },
      "num_points": 90,
      "point_cloud_path": null,
      "segmentation_id": null,
      "world_xyz": [
        0.12642018496990204,
        0.1560937464237213,
        0.003728628158569336
      ]
    }
  ]
}