{
  "query": {
    "attributes": [
      "red"
    ],
    "normalized_prompt": "red cube",
    "raw_query": "red cube",
    "relations": [],
    "synonyms": [
      "cube",
      "block"
    ],
    "target_name": "cube"
  },
  "top_2d_candidate": {
    "box_xyxy": [
      63.652565002441406,
      78.50688934326172,
      70.3199234008789,
      86.24454498291016
    ],
    "clip_score": 0.0,
    "det_score": 0.6448050737380981,
    "fused_2d_score": 0.6448050737380981,
    "image_crop_path": null,
    "metadata": {
      "detector_metadata": {
        "model_id": "IDEA-Research/grounding-dino-tiny"
      },
      "detector_source": "transformers_groundingdino",
      "skip_clip": true
    },
    "phrase": "red cube",
    "rank": 0,
    "source": "detector_only"
  },
  "top_candidate_3d": {
    "box_area": 72,
    "box_xyxy": [
      63.652565002441406,
      78.50688934326172,
      70.3199234008789,
      86.24454498291016
    ],
    "camera_xyz": [
      0.023607071489095688,
      0.16652575135231018,
      0.6039600372314453
    ],
    "depth_valid_ratio": 1.0,
    "grasp_camera_xyz": [
      0.009575202129781246,
      0.19150404632091522,
      0.6128129363059998
    ],
    "grasp_metadata": {
      "applied": true,
      "component_count": 1,
      "component_fallback_reason": null,
      "component_radius": 0.03,
      "component_selection_strategy": "largest_component_then_low_spread",
      "component_sizes": [
        25
      ],
      "elevated_point_count": 25,
      "elevated_z_offset": 0.015,
      "fallback_reason": null,
      "local_support_point_count": 21,
      "local_support_radius": 0.04,
      "local_support_z_margin": 0.012,
      "min_elevated_points": 12,
      "min_points": 20,
      "num_workspace_points": 72,
      "reason": "component_elevated_xy_with_local_support_z",
      "selected_component_size": 25,
      "selected_component_spread": 0.027065463364124298,
      "selected_component_xy": [
        0.055189549922943115,
        0.026960305869579315
      ],
      "strategy": "workspace_elevated_xy_low_z",
      "support_z": -2.1421958081191406e-05,
      "support_z_percentile": 10.0,
      "workspace_bounds": {
        "abs_x_max": 0.2,
        "abs_y_max": 0.2,
        "z_max": 0.08,
        "z_min": -0.02
      }
    },
    "grasp_num_points": 25,
    "grasp_world_xyz": [
      0.055189549922943115,
      0.026960305869579315,
      0.004178285598754883
    ],
    "metadata": {
      "box_bounds_xyxy_exclusive": [
        63,
        78,
        71,
        87
      ],
      "box_center_world_xyz": [
        0.06369933485984802,
        0.02734450064599514,
        0.04198888689279556
      ],
      "camera_frame_conversion": "opencv_to_opengl",
      "center_strategy": "median",
      "extrinsics_source": "sensor_param.base_camera.cam2world_gl",
      "intrinsics_source": "provided"
    },
    "num_points": 72,
    "point_cloud_path": null,
    "segmentation_id": null,
    "world_xyz": [
      0.05690062791109085,
      0.023607071489095688,
      0.007828831672668457
    ]
  }
}