{
  "candidates_3d": [
    {
      "box_area": 64,
      "box_xyxy": [
        73.82652282714844,
        75.47811126708984,
        80.22227478027344,
        82.1368179321289
      ],
      "camera_xyz": [
        0.12277710437774658,
        0.142672598361969,
        0.6307498216629028
      ],
      "depth_valid_ratio": 1.0,
      "grasp_camera_xyz": [
        0.11824779957532883,
        0.16751772165298462,
        0.6306549310684204
      ],
      "grasp_metadata": {
        "applied": true,
        "component_count": 1,
        "component_fallback_reason": null,
        "component_radius": 0.03,
        "component_selection_strategy": "largest_component_then_low_spread",
        "component_sizes": [
          29
        ],
        "elevated_point_count": 29,
        "elevated_z_offset": 0.015,
        "fallback_reason": null,
        "local_support_point_count": 18,
        "local_support_radius": 0.04,
        "local_support_z_margin": 0.012,
        "min_elevated_points": 12,
        "min_points": 20,
        "num_workspace_points": 63,
        "reason": "component_elevated_xy_with_local_support_z",
        "selected_component_size": 29,
        "selected_component_spread": 0.04595961421728134,
        "selected_component_xy": [
          0.02125146985054016,
          0.12380543351173401
        ],
        "strategy": "workspace_elevated_xy_low_z",
        "support_z": -0.001015984918922186,
        "support_z_percentile": 10.0,
        "workspace_bounds": {
          "abs_x_max": 0.2,
          "abs_y_max": 0.2,
          "z_max": 0.08,
          "z_min": -0.02
        }
      },
      "grasp_num_points": 29,
      "grasp_world_xyz": [
        0.02125146985054016,
        0.12380543351173401,
        0.0026776492595672607
      ],
      "metadata": {
        "box_bounds_xyxy_exclusive": [
          73,
          75,
          81,
          83
        ],
        "box_center_world_xyz": [
          0.030795074999332428,
          0.12380543351173401,
          0.03481841832399368
        ],
        "camera_frame_conversion": "opencv_to_opengl",
        "center_strategy": "median",
        "extrinsics_source": "sensor_param.base_camera.cam2world_gl",
        "intrinsics_source": "provided"
      },
      "num_points": 64,
      "point_cloud_path": null,
      "segmentation_id": null,
      "world_xyz": [
        0.021143779158592224,
        0.12277710437774658,
        0.011981546878814697
      ]
    }
  ]
}