{
  "candidates_3d": [
    {
      "box_area": 80,
      "box_xyxy": [
        73.58589935302734,
        77.56607818603516,
        80.3575210571289,
        86.23828887939453
      ],
      "camera_xyz": [
        0.1181279718875885,
        0.16466861963272095,
        0.6104735136032104
      ],
      "depth_valid_ratio": 1.0,
      "grasp_camera_xyz": [
        0.10626008361577988,
        0.19320014119148254,
        0.618240475654602
      ],
      "grasp_metadata": {
        "applied": true,
        "component_count": 1,
        "component_fallback_reason": null,
        "component_radius": 0.03,
        "component_selection_strategy": "largest_component_then_low_spread",
        "component_sizes": [
          44
        ],
        "elevated_point_count": 44,
        "elevated_z_offset": 0.015,
        "fallback_reason": null,
        "local_support_point_count": 17,
        "local_support_radius": 0.04,
        "local_support_z_margin": 0.012,
        "min_elevated_points": 12,
        "min_points": 20,
        "num_workspace_points": 80,
        "reason": "component_elevated_xy_with_local_support_z",
        "selected_component_size": 44,
        "selected_component_spread": 0.05453737452626228,
        "selected_component_xy": [
          0.053990744054317474,
          0.1181279718875885
        ],
        "strategy": "workspace_elevated_xy_low_z",
        "support_z": -0.007725882343947887,
        "support_z_percentile": 10.0,
        "workspace_bounds": {
          "abs_x_max": 0.2,
          "abs_y_max": 0.2,
          "z_max": 0.08,
          "z_min": -0.02
        }
      },
      "grasp_num_points": 44,
      "grasp_world_xyz": [
        0.053990744054317474,
        0.1181279718875885,
        -0.001472175121307373
      ],
      "metadata": {
        "box_bounds_xyxy_exclusive": [
          73,
          77,
          81,
          87
        ],
        "box_center_world_xyz": [
          0.06255902349948883,
          0.11906465888023376,
          0.03929603099822998
        ],
        "camera_frame_conversion": "opencv_to_opengl",
        "center_strategy": "median",
        "extrinsics_source": "sensor_param.base_camera.cam2world_gl",
        "intrinsics_source": "provided"
      },
      "num_points": 80,
      "point_cloud_path": null,
      "segmentation_id": null,
      "world_xyz": [
        0.052863895893096924,
        0.1181279718875885,
        0.009464263916015625
      ]
    }
  ]
}