{
  "candidates_3d": [
    {
      "box_area": 56,
      "box_xyxy": [
        55.584625244140625,
        65.6930923461914,
        61.24864959716797,
        72.40491485595703
      ],
      "camera_xyz": [
        -0.06433549523353577,
        0.04892474040389061,
        0.6943033933639526
      ],
      "depth_valid_ratio": 1.0,
      "grasp_camera_xyz": [
        -0.05483085662126541,
        0.07676319777965546,
        0.7018349766731262
      ],
      "grasp_metadata": {
        "applied": true,
        "component_count": 1,
        "component_fallback_reason": null,
        "component_radius": 0.03,
        "component_selection_strategy": "largest_component_then_low_spread",
        "component_sizes": [
          19
        ],
        "elevated_point_count": 19,
        "elevated_z_offset": 0.015,
        "fallback_reason": null,
        "local_support_point_count": 18,
        "local_support_radius": 0.04,
        "local_support_z_margin": 0.012,
        "min_elevated_points": 12,
        "min_points": 20,
        "num_workspace_points": 49,
        "reason": "component_elevated_xy_with_local_support_z",
        "selected_component_size": 19,
        "selected_component_spread": 0.02529481053352356,
        "selected_component_xy": [
          -0.08472970128059387,
          -0.06416138261556625
        ],
        "strategy": "workspace_elevated_xy_low_z",
        "support_z": 0.0010874987347051501,
        "support_z_percentile": 10.0,
        "workspace_bounds": {
          "abs_x_max": 0.2,
          "abs_y_max": 0.2,
          "z_max": 0.08,
          "z_min": -0.02
        }
      },
      "grasp_num_points": 19,
      "grasp_world_xyz": [
        -0.08472970128059387,
        -0.06416138261556625,
        0.0026310086250305176
      ],
      "metadata": {
        "box_bounds_xyxy_exclusive": [
          55,
          65,
          62,
          73
        ],
        "box_center_world_xyz": [
          -0.0840098112821579,
          -0.06386655569076538,
          0.034790799021720886
        ],
        "camera_frame_conversion": "opencv_to_opengl",
        "center_strategy": "median",
        "extrinsics_source": "sensor_param.base_camera.cam2world_gl",
        "intrinsics_source": "provided"
      },
      "num_points": 56,
      "point_cloud_path": null,
      "segmentation_id": null,
      "world_xyz": [
        -0.08316318690776825,
        -0.06433549523353577,
        0.009501904249191284
      ]
    }
  ]
}