{
  "query": {
    "attributes": [
      "red"
    ],
    "normalized_prompt": "red cube",
    "raw_query": "red cube",
    "relations": [],
    "synonyms": [
      "cube",
      "block"
    ],
    "target_name": "cube"
  },
  "top_2d_candidate": {
    "box_xyxy": [
      52.594703674316406,
      80.54917907714844,
      58.35205078125,
      87.13554382324219
    ],
    "clip_score": 0.0,
    "det_score": 0.788768470287323,
    "fused_2d_score": 0.788768470287323,
    "image_crop_path": null,
    "metadata": {
      "detector_metadata": {
        "model_id": "IDEA-Research/grounding-dino-tiny"
      },
      "detector_source": "transformers_groundingdino",
      "skip_clip": true
    },
    "phrase": "red cube",
    "rank": 0,
    "source": "detector_only"
  },
  "top_candidate_3d": {
    "box_area": 56,
    "box_xyxy": [
      52.594703674316406,
      80.54917907714844,
      58.35205078125,
      87.13554382324219
    ],
    "camera_xyz": [
      -0.08254687488079071,
      0.17812499403953552,
      0.5929999947547913
    ],
    "depth_valid_ratio": 0.9107142857142857,
    "grasp_camera_xyz": [
      -0.08254687488079071,
      0.2017812579870224,
      0.5870000123977661
    ],
    "grasp_metadata": {
      "applied": true,
      "component_count": 1,
      "component_fallback_reason": null,
      "component_radius": 0.03,
      "component_selection_strategy": "largest_component_then_low_spread",
      "component_sizes": [
        23
      ],
      "elevated_point_count": 23,
      "elevated_z_offset": 0.015,
      "fallback_reason": null,
      "local_support_point_count": 16,
      "local_support_radius": 0.04,
      "local_support_z_margin": 0.012,
      "min_elevated_points": 12,
      "min_points": 20,
      "num_workspace_points": 51,
      "reason": "component_elevated_xy_with_local_support_z",
      "selected_component_size": 23,
      "selected_component_spread": 0.023588771000504494,
      "selected_component_xy": [
        0.07370421290397644,
        -0.08015625178813934
      ],
      "strategy": "workspace_elevated_xy_low_z",
      "support_z": 0.0035626888275146484,
      "support_z_percentile": 10.0,
      "workspace_bounds": {
        "abs_x_max": 0.2,
        "abs_y_max": 0.2,
        "z_max": 0.08,
        "z_min": -0.02
      }
    },
    "grasp_num_points": 23,
    "grasp_world_xyz": [
      0.07370421290397644,
      -0.08015625178813934,
      0.0038164854049682617
    ],
    "metadata": {
      "box_bounds_xyxy_exclusive": [
        52,
        80,
        59,
        88
      ],
      "box_center_world_xyz": [
        0.08301608264446259,
        -0.08015625178813934,
        0.043631039559841156
      ],
      "camera_frame_conversion": "opencv_to_opengl",
      "center_strategy": "median",
      "extrinsics_source": "sensor_param.base_camera.cam2world_gl",
      "intrinsics_source": "provided"
    },
    "num_points": 51,
    "point_cloud_path": null,
    "segmentation_id": null,
    "world_xyz": [
      0.07370421290397644,
      -0.08254687488079071,
      0.009604692459106445
    ]
  }
}