{
  "candidates_3d": [
    {
      "box_area": 72,
      "box_xyxy": [
        42.53810119628906,
        75.54122924804688,
        49.32749938964844,
        83.29994201660156
      ],
      "camera_xyz": [
        -0.1780708134174347,
        0.1421869397163391,
        0.6232452392578125
      ],
      "depth_valid_ratio": 1.0,
      "grasp_camera_xyz": [
        -0.1598738729953766,
        0.1598738729953766,
        0.6394954919815063
      ],
      "grasp_metadata": {
        "applied": true,
        "component_count": 1,
        "component_fallback_reason": null,
        "component_radius": 0.03,
        "component_selection_strategy": "largest_component_then_low_spread",
        "component_sizes": [
          27
        ],
        "elevated_point_count": 27,
        "elevated_z_offset": 0.015,
        "fallback_reason": null,
        "local_support_point_count": 17,
        "local_support_radius": 0.04,
        "local_support_z_margin": 0.012,
        "min_elevated_points": 12,
        "min_points": 20,
        "num_workspace_points": 53,
        "reason": "component_elevated_xy_with_local_support_z",
        "selected_component_size": 27,
        "selected_component_spread": 0.02649615705013275,
        "selected_component_xy": [
          0.028806090354919434,
          -0.17124319076538086
        ],
        "strategy": "workspace_elevated_xy_low_z",
        "support_z": -0.00022279021504800767,
        "support_z_percentile": 10.0,
        "workspace_bounds": {
          "abs_x_max": 0.2,
          "abs_y_max": 0.2,
          "z_max": 0.08,
          "z_min": -0.02
        }
      },
      "grasp_num_points": 27,
      "grasp_world_xyz": [
        0.028806090354919434,
        -0.17124319076538086,
        0.0023893117904663086
      ],
      "metadata": {
        "box_bounds_xyxy_exclusive": [
          42,
          75,
          50,
          84
        ],
        "box_center_world_xyz": [
          0.03634047508239746,
          -0.1678917407989502,
          0.04646071791648865
        ],
        "camera_frame_conversion": "opencv_to_opengl",
        "center_strategy": "median",
        "extrinsics_source": "sensor_param.base_camera.cam2world_gl",
        "intrinsics_source": "provided"
      },
      "num_points": 72,
      "point_cloud_path": null,
      "segmentation_id": null,
      "world_xyz": [
        0.026366695761680603,
        -0.1780708134174347,
        0.007895350456237793
      ]
    }
  ]
}