{
  "min_xy_distance_from_pick": 0.05,
  "place_query": "green cube",
  "place_target_source": "predicted_place_object",
  "selected": {
    "metadata": {
      "num_candidates": 1,
      "num_close_to_pick_rejected": 0,
      "num_eligible_candidates": 1,
      "num_invalid_candidates": 0,
      "place_pick_xy_distance": 0.0957086905837059,
      "place_query": "green cube",
      "place_target_z": 0.02,
      "raw_semantic_world_xyz": [
        0.026366695761680603,
        -0.1780708134174347,
        0.007895350456237793
      ],
      "selected_candidate_index": 0,
      "selected_clip_score": 0.0,
      "selected_depth_valid_ratio": 1.0,
      "selected_det_score": 0.7481666803359985,
      "selected_fused_2d_score": 0.7481666803359985,
      "selected_grasp_world_xyz": [
        0.028806090354919434,
        -0.17124319076538086,
        0.0023893117904663086
      ],
      "selected_num_points": 72,
      "selected_phrase": "green cube",
      "selected_world_xyz": [
        0.028806090354919434,
        -0.17124319076538086,
        0.019999999552965164
      ],
      "selection_reason": "first_ranked_candidate_far_from_pick"
    },
    "place_xyz": [
      0.028806090354919434,
      -0.17124319076538086,
      0.019999999552965164
    ],
    "source": "predicted_place_object"
  }
}