{
  "query": {
    "attributes": [
      "red"
    ],
    "normalized_prompt": "red cube",
    "raw_query": "red cube",
    "relations": [],
    "synonyms": [
      "cube",
      "block"
    ],
    "target_name": "cube"
  },
  "top_2d_candidate": {
    "box_xyxy": [
      66.55742645263672,
      82.54027557373047,
      73.31197357177734,
      90.2061538696289
    ],
    "clip_score": 0.0,
    "det_score": 0.7202944755554199,
    "fused_2d_score": 0.7202944755554199,
    "image_crop_path": null,
    "metadata": {
      "detector_metadata": {
        "model_id": "IDEA-Research/grounding-dino-tiny"
      },
      "detector_source": "transformers_groundingdino",
      "skip_clip": true
    },
    "phrase": "red cube",
    "rank": 0,
    "source": "detector_only"
  },
  "top_candidate_3d": {
    "box_area": 72,
    "box_xyxy": [
      66.55742645263672,
      82.54027557373047,
      73.31197357177734,
      90.2061538696289
    ],
    "camera_xyz": [
      0.05095856264233589,
      0.19636645913124084,
      0.5837389230728149
    ],
    "depth_valid_ratio": 1.0,
    "grasp_camera_xyz": [
      0.04572795331478119,
      0.22863976657390594,
      0.5853177905082703
    ],
    "grasp_metadata": {
      "applied": true,
      "component_count": 1,
      "component_fallback_reason": null,
      "component_radius": 0.03,
      "component_selection_strategy": "largest_component_then_low_spread",
      "component_sizes": [
        37
      ],
      "elevated_point_count": 37,
      "elevated_z_offset": 0.015,
      "fallback_reason": null,
      "local_support_point_count": 15,
      "local_support_radius": 0.04,
      "local_support_z_margin": 0.012,
      "min_elevated_points": 12,
      "min_points": 20,
      "num_workspace_points": 71,
      "reason": "component_elevated_xy_with_local_support_z",
      "selected_component_size": 37,
      "selected_component_spread": 0.035606421530246735,
      "selected_component_xy": [
        0.10047978162765503,
        0.050973303616046906
      ],
      "strategy": "workspace_elevated_xy_low_z",
      "support_z": -0.0066124796867370605,
      "support_z_percentile": 10.0,
      "workspace_bounds": {
        "abs_x_max": 0.2,
        "abs_y_max": 0.2,
        "z_max": 0.08,
        "z_min": -0.02
      }
    },
    "grasp_num_points": 37,
    "grasp_world_xyz": [
      0.10047978162765503,
      0.050973303616046906,
      -0.0011264681816101074
    ],
    "metadata": {
      "box_bounds_xyxy_exclusive": [
        66,
        82,
        74,
        91
      ],
      "box_center_world_xyz": [
        0.10047978162765503,
        0.05250217020511627,
        0.04243669658899307
      ],
      "camera_frame_conversion": "opencv_to_opengl",
      "center_strategy": "median",
      "extrinsics_source": "sensor_param.base_camera.cam2world_gl",
      "intrinsics_source": "provided"
    },
    "num_points": 72,
    "point_cloud_path": null,
    "segmentation_id": null,
    "world_xyz": [
      0.09398863464593887,
      0.05095856264233589,
      0.008884340524673462
    ]
  }
}