{
  "candidates_3d": [
    {
      "box_area": 90,
      "box_xyxy": [
        75.66998291015625,
        86.46125793457031,
        83.31539916992188,
        95.20530700683594
      ],
      "camera_xyz": [
        0.12834590673446655,
        0.226929172873497,
        0.5571005344390869
      ],
      "depth_valid_ratio": 1.0,
      "grasp_camera_xyz": [
        0.1307789385318756,
        0.25283926725387573,
        0.5579901337623596
      ],
      "grasp_metadata": {
        "applied": true,
        "component_count": 1,
        "component_fallback_reason": null,
        "component_radius": 0.03,
        "component_selection_strategy": "largest_component_then_low_spread",
        "component_sizes": [
          46
        ],
        "elevated_point_count": 46,
        "elevated_z_offset": 0.015,
        "fallback_reason": null,
        "local_support_point_count": 23,
        "local_support_radius": 0.04,
        "local_support_z_margin": 0.012,
        "min_elevated_points": 12,
        "min_points": 20,
        "num_workspace_points": 89,
        "reason": "component_elevated_xy_with_local_support_z",
        "selected_component_size": 46,
        "selected_component_spread": 0.040727198123931885,
        "selected_component_xy": [
          0.13248315453529358,
          0.13301512598991394
        ],
        "strategy": "workspace_elevated_xy_low_z",
        "support_z": -0.0031915903091430664,
        "support_z_percentile": 10.0,
        "workspace_bounds": {
          "abs_x_max": 0.2,
          "abs_y_max": 0.2,
          "z_max": 0.08,
          "z_min": -0.02
        }
      },
      "grasp_num_points": 46,
      "grasp_world_xyz": [
        0.13248315453529358,
        0.13301512598991394,
        0.0022233128547668457
      ],
      "metadata": {
        "box_bounds_xyxy_exclusive": [
          75,
          86,
          84,
          96
        ],
        "box_center_world_xyz": [
          0.14118900895118713,
          0.12606030702590942,
          0.03825540840625763
        ],
        "camera_frame_conversion": "opencv_to_opengl",
        "center_strategy": "median",
        "extrinsics_source": "sensor_param.base_camera.cam2world_gl",
        "intrinsics_source": "provided"
      },
      "num_points": 90,
      "point_cloud_path": null,
      "segmentation_id": null,
      "world_xyz": [
        0.13350912928581238,
        0.12834590673446655,
        0.012783437967300415
      ]
    }
  ]
}