{
  "candidates_3d": [
    {
      "box_area": 56,
      "box_xyxy": [
        44.69358444213867,
        66.47901153564453,
        51.182796478271484,
        72.42285919189453
      ],
      "camera_xyz": [
        -0.17845316231250763,
        0.05330577492713928,
        0.695988655090332
      ],
      "depth_valid_ratio": 1.0,
      "grasp_camera_xyz": [
        -0.1656375229358673,
        0.07729750871658325,
        0.7067201137542725
      ],
      "grasp_metadata": {
        "applied": true,
        "component_count": 1,
        "component_fallback_reason": null,
        "component_radius": 0.03,
        "component_selection_strategy": "largest_component_then_low_spread",
        "component_sizes": [
          24
        ],
        "elevated_point_count": 24,
        "elevated_z_offset": 0.015,
        "fallback_reason": null,
        "local_support_point_count": 9,
        "local_support_radius": 0.04,
        "local_support_z_margin": 0.012,
        "min_elevated_points": 12,
        "min_points": 20,
        "num_workspace_points": 41,
        "reason": "component_elevated_xy_with_local_support_z",
        "selected_component_size": 24,
        "selected_component_spread": 0.026928098872303963,
        "selected_component_xy": [
          -0.08134874701499939,
          -0.17113816738128662
        ],
        "strategy": "workspace_elevated_xy_low_z",
        "support_z": -0.0022830963134765625,
        "support_z_percentile": 10.0,
        "workspace_bounds": {
          "abs_x_max": 0.2,
          "abs_y_max": 0.2,
          "z_max": 0.08,
          "z_min": -0.02
        }
      },
      "grasp_num_points": 24,
      "grasp_world_xyz": [
        -0.08134874701499939,
        -0.17113816738128662,
        0.0002009272575378418
      ],
      "metadata": {
        "box_bounds_xyxy_exclusive": [
          44,
          66,
          52,
          73
        ],
        "box_center_world_xyz": [
          -0.08316847681999207,
          -0.16993768513202667,
          0.036029152572155
        ],
        "camera_frame_conversion": "opencv_to_opengl",
        "center_strategy": "median",
        "extrinsics_source": "sensor_param.base_camera.cam2world_gl",
        "intrinsics_source": "provided"
      },
      "num_points": 56,
      "point_cloud_path": null,
      "segmentation_id": null,
      "world_xyz": [
        -0.09150312840938568,
        -0.17845316231250763,
        0.013832658529281616
      ]
    }
  ]
}