{
  "candidates_3d": [
    {
      "box_area": 64,
      "box_xyxy": [
        45.7455940246582,
        78.52936553955078,
        52.28181076049805,
        85.34569549560547
      ],
      "camera_xyz": [
        -0.14590591192245483,
        0.16386984288692474,
        0.6074651479721069
      ],
      "depth_valid_ratio": 1.0,
      "grasp_camera_xyz": [
        -0.14113816618919373,
        0.1881842315196991,
        0.6021895408630371
      ],
      "grasp_metadata": {
        "applied": true,
        "component_count": 1,
        "component_fallback_reason": null,
        "component_radius": 0.03,
        "component_selection_strategy": "largest_component_then_low_spread",
        "component_sizes": [
          25
        ],
        "elevated_point_count": 25,
        "elevated_z_offset": 0.015,
        "fallback_reason": null,
        "local_support_point_count": 20,
        "local_support_radius": 0.04,
        "local_support_z_margin": 0.012,
        "min_elevated_points": 12,
        "min_points": 20,
        "num_workspace_points": 64,
        "reason": "component_elevated_xy_with_local_support_z",
        "selected_component_size": 25,
        "selected_component_spread": 0.026604395359754562,
        "selected_component_xy": [
          0.0573962926864624,
          -0.14556069672107697
        ],
        "strategy": "workspace_elevated_xy_low_z",
        "support_z": 0.0010116223711520433,
        "support_z_percentile": 10.0,
        "workspace_bounds": {
          "abs_x_max": 0.2,
          "abs_y_max": 0.2,
          "z_max": 0.08,
          "z_min": -0.02
        }
      },
      "grasp_num_points": 25,
      "grasp_world_xyz": [
        0.0573962926864624,
        -0.14556069672107697,
        0.005924850702285767
      ],
      "metadata": {
        "box_bounds_xyxy_exclusive": [
          45,
          78,
          53,
          86
        ],
        "box_center_world_xyz": [
          0.06495895981788635,
          -0.13599368929862976,
          0.044963397085666656
        ],
        "camera_frame_conversion": "opencv_to_opengl",
        "center_strategy": "median",
        "extrinsics_source": "sensor_param.base_camera.cam2world_gl",
        "intrinsics_source": "provided"
      },
      "num_points": 64,
      "point_cloud_path": null,
      "segmentation_id": null,
      "world_xyz": [
        0.05311397463083267,
        -0.14590591192245483,
        0.008508622646331787
      ]
    }
  ]
}