{
  "candidates_3d": [
    {
      "box_area": 56,
      "box_xyxy": [
        41.63755416870117,
        71.54145050048828,
        47.267879486083984,
        78.19889068603516
      ],
      "camera_xyz": [
        -0.20214581489562988,
        0.10635656118392944,
        0.6482521891593933
      ],
      "depth_valid_ratio": 1.0,
      "grasp_camera_xyz": [
        -0.18299303948879242,
        0.12199535965919495,
        0.650641918182373
      ],
      "grasp_metadata": {
        "applied": true,
        "component_count": 1,
        "component_fallback_reason": null,
        "component_radius": 0.03,
        "component_selection_strategy": "largest_component_then_low_spread",
        "component_sizes": [
          12
        ],
        "elevated_point_count": 12,
        "elevated_z_offset": 0.015,
        "fallback_reason": null,
        "local_support_point_count": 10,
        "local_support_radius": 0.04,
        "local_support_z_margin": 0.012,
        "min_elevated_points": 12,
        "min_points": 20,
        "num_workspace_points": 26,
        "reason": "component_elevated_xy_with_local_support_z",
        "selected_component_size": 12,
        "selected_component_spread": 0.0219303946942091,
        "selected_component_xy": [
          -0.01744168996810913,
          -0.18688541650772095
        ],
        "strategy": "workspace_elevated_xy_low_z",
        "support_z": 0.0031287670135498047,
        "support_z_percentile": 10.0,
        "workspace_bounds": {
          "abs_x_max": 0.2,
          "abs_y_max": 0.2,
          "z_max": 0.08,
          "z_min": -0.02
        }
      },
      "grasp_num_points": 12,
      "grasp_world_xyz": [
        -0.01744168996810913,
        -0.18688541650772095,
        0.007397949695587158
      ],
      "metadata": {
        "box_bounds_xyxy_exclusive": [
          41,
          71,
          48,
          79
        ],
        "box_center_world_xyz": [
          -0.008748874068260193,
          -0.1967121809720993,
          0.040872715413570404
        ],
        "camera_frame_conversion": "opencv_to_opengl",
        "center_strategy": "median",
        "extrinsics_source": "sensor_param.base_camera.cam2world_gl",
        "intrinsics_source": "provided"
      },
      "num_points": 56,
      "point_cloud_path": null,
      "segmentation_id": null,
      "world_xyz": [
        -0.019359588623046875,
        -0.20214581489562988,
        0.010508537292480469
      ]
    }
  ]
}