{
  "query": {
    "attributes": [
      "red"
    ],
    "normalized_prompt": "red cube",
    "raw_query": "red cube",
    "relations": [],
    "synonyms": [
      "cube",
      "block"
    ],
    "target_name": "cube"
  },
  "top_2d_candidate": {
    "box_xyxy": [
      69.58827209472656,
      67.54120635986328,
      74.39436340332031,
      73.1630630493164
    ],
    "clip_score": 0.0,
    "det_score": 0.5096944570541382,
    "fused_2d_score": 0.5096944570541382,
    "image_crop_path": null,
    "metadata": {
      "detector_metadata": {
        "model_id": "IDEA-Research/grounding-dino-tiny"
      },
      "detector_source": "transformers_groundingdino",
      "skip_clip": true
    },
    "phrase": "red cube",
    "rank": 0,
    "source": "detector_only"
  },
  "top_candidate_3d": {
    "box_area": 42,
    "box_xyxy": [
      69.58827209472656,
      67.54120635986328,
      74.39436340332031,
      73.1630630493164
    ],
    "camera_xyz": [
      0.07399218529462814,
      0.06215624883770943,
      0.6819999814033508
    ],
    "depth_valid_ratio": 0.9047619047619048,
    "grasp_camera_xyz": [
      0.07459374517202377,
      0.08524999767541885,
      0.6819999814033508
    ],
    "grasp_metadata": {
      "applied": true,
      "component_count": 1,
      "component_fallback_reason": null,
      "component_radius": 0.03,
      "component_selection_strategy": "largest_component_then_low_spread",
      "component_sizes": [
        12
      ],
      "elevated_point_count": 12,
      "elevated_z_offset": 0.015,
      "fallback_reason": null,
      "local_support_point_count": 16,
      "local_support_radius": 0.04,
      "local_support_z_margin": 0.012,
      "min_elevated_points": 12,
      "min_points": 20,
      "num_workspace_points": 34,
      "reason": "component_elevated_xy_with_local_support_z",
      "selected_component_size": 12,
      "selected_component_spread": 0.023271381855010986,
      "selected_component_xy": [
        -0.07193635404109955,
        0.07813280820846558
      ],
      "strategy": "workspace_elevated_xy_low_z",
      "support_z": 0.0038652420043945312,
      "support_z_percentile": 10.0,
      "workspace_bounds": {
        "abs_x_max": 0.2,
        "abs_y_max": 0.2,
        "z_max": 0.08,
        "z_min": -0.02
      }
    },
    "grasp_num_points": 12,
    "grasp_world_xyz": [
      -0.07193635404109955,
      0.07813280820846558,
      0.004060506820678711
    ],
    "metadata": {
      "box_bounds_xyxy_exclusive": [
        69,
        67,
        75,
        74
      ],
      "box_center_world_xyz": [
        -0.06563694775104523,
        0.08287499845027924,
        0.0434553325176239
      ],
      "camera_frame_conversion": "opencv_to_opengl",
      "center_strategy": "median",
      "extrinsics_source": "sensor_param.base_camera.cam2world_gl",
      "intrinsics_source": "provided"
    },
    "num_points": 38,
    "point_cloud_path": null,
    "segmentation_id": null,
    "world_xyz": [
      -0.06571745872497559,
      0.07399218529462814,
      0.014192283153533936
    ]
  }
}