{
  "query": {
    "attributes": [
      "red"
    ],
    "normalized_prompt": "red cube",
    "raw_query": "red cube",
    "relations": [],
    "synonyms": [
      "cube",
      "block"
    ],
    "target_name": "cube"
  },
  "top_2d_candidate": {
    "box_xyxy": [
      69.59391784667969,
      77.46099853515625,
      74.36587524414062,
      84.13604736328125
    ],
    "clip_score": 0.0,
    "det_score": 0.585971474647522,
    "fused_2d_score": 0.585971474647522,
    "image_crop_path": null,
    "metadata": {
      "detector_metadata": {
        "model_id": "IDEA-Research/grounding-dino-tiny"
      },
      "detector_source": "transformers_groundingdino",
      "skip_clip": true
    },
    "phrase": "red cube",
    "rank": 0,
    "source": "detector_only"
  },
  "top_candidate_3d": {
    "box_area": 48,
    "box_xyxy": [
      69.59391784667969,
      77.46099853515625,
      74.36587524414062,
      84.13604736328125
    ],
    "camera_xyz": [
      0.06595312058925629,
      0.1589999943971634,
      0.6069999933242798
    ],
    "depth_valid_ratio": 0.7291666666666666,
    "grasp_camera_xyz": [
      0.048750001937150955,
      0.17550000548362732,
      0.6240000128746033
    ],
    "grasp_metadata": {
      "applied": true,
      "component_count": 1,
      "component_fallback_reason": null,
      "component_radius": 0.03,
      "component_selection_strategy": "largest_component_then_low_spread",
      "component_sizes": [
        15
      ],
      "elevated_point_count": 15,
      "elevated_z_offset": 0.015,
      "fallback_reason": null,
      "local_support_point_count": 14,
      "local_support_radius": 0.04,
      "local_support_z_margin": 0.012,
      "min_elevated_points": 12,
      "min_points": 20,
      "num_workspace_points": 35,
      "reason": "component_elevated_xy_with_local_support_z",
      "selected_component_size": 15,
      "selected_component_spread": 0.024053722620010376,
      "selected_component_xy": [
        0.04489016532897949,
        0.06496874988079071
      ],
      "strategy": "workspace_elevated_xy_low_z",
      "support_z": 0.0035490156151354313,
      "support_z_percentile": 10.0,
      "workspace_bounds": {
        "abs_x_max": 0.2,
        "abs_y_max": 0.2,
        "z_max": 0.08,
        "z_min": -0.02
      }
    },
    "grasp_num_points": 15,
    "grasp_world_xyz": [
      0.04489016532897949,
      0.06496874988079071,
      0.0036115050315856934
    ],
    "metadata": {
      "box_bounds_xyxy_exclusive": [
        69,
        77,
        75,
        85
      ],
      "box_center_world_xyz": [
        0.05464126914739609,
        0.07349999994039536,
        0.04327964037656784
      ],
      "camera_frame_conversion": "opencv_to_opengl",
      "center_strategy": "median",
      "extrinsics_source": "sensor_param.base_camera.cam2world_gl",
      "intrinsics_source": "provided"
    },
    "num_points": 35,
    "point_cloud_path": null,
    "segmentation_id": null,
    "world_xyz": [
      0.04723277688026428,
      0.06595312058925629,
      0.015373289585113525
    ]
  }
}