{
  "candidates_3d": [
    {
      "box_area": 64,
      "box_xyxy": [
        40.640411376953125,
        71.53681945800781,
        47.253204345703125,
        78.24618530273438
      ],
      "camera_xyz": [
        -0.2070082426071167,
        0.10706909745931625,
        0.655315637588501
      ],
      "depth_valid_ratio": 1.0,
      "grasp_camera_xyz": [
        -0.18886664509773254,
        0.10957027971744537,
        0.656234860420227
      ],
      "grasp_metadata": {
        "applied": true,
        "component_count": 1,
        "component_fallback_reason": "too_few_elevated_points",
        "component_radius": 0.03,
        "component_selection_strategy": "largest_workspace_component_then_low_spread",
        "component_sizes": [
          26
        ],
        "elevated_point_count": 10,
        "elevated_z_offset": 0.015,
        "fallback_reason": "too_few_elevated_points",
        "local_support_point_count": 0,
        "local_support_radius": 0.04,
        "local_support_z_margin": 0.012,
        "min_elevated_points": 12,
        "min_points": 20,
        "num_workspace_points": 26,
        "reason": "workspace_filter_passed",
        "selected_component_size": 26,
        "selected_component_spread": 0.043926648795604706,
        "selected_component_xy": [
          -0.022084400057792664,
          -0.18886664509773254
        ],
        "strategy": "workspace_elevated_xy_low_z",
        "support_z": -0.0013226568698883057,
        "support_z_percentile": 10.0,
        "workspace_bounds": {
          "abs_x_max": 0.2,
          "abs_y_max": 0.2,
          "z_max": 0.08,
          "z_min": -0.02
        }
      },
      "grasp_num_points": 26,
      "grasp_world_xyz": [
        -0.022084400057792664,
        -0.18886664509773254,
        0.007331430912017822
      ],
      "metadata": {
        "box_bounds_xyxy_exclusive": [
          40,
          71,
          48,
          79
        ],
        "box_center_world_xyz": [
          -0.008411593735218048,
          -0.19649729132652283,
          0.041483521461486816
        ],
        "camera_frame_conversion": "opencv_to_opengl",
        "center_strategy": "median",
        "extrinsics_source": "sensor_param.base_camera.cam2world_gl",
        "intrinsics_source": "provided"
      },
      "num_points": 64,
      "point_cloud_path": null,
      "segmentation_id": null,
      "world_xyz": [
        -0.022084400057792664,
        -0.2070082426071167,
        0.006154060363769531
      ]
    }
  ]
}