{
  "candidates_3d": [
    {
      "box_area": 63,
      "box_xyxy": [
        70.49365234375,
        71.64241790771484,
        76.32069396972656,
        79.1939926147461
      ],
      "camera_xyz": [
        0.08907139301300049,
        0.10887132585048676,
        0.6487637162208557
      ],
      "depth_valid_ratio": 1.0,
      "grasp_camera_xyz": [
        0.08189143240451813,
        0.14331001043319702,
        0.655131459236145
      ],
      "grasp_metadata": {
        "applied": true,
        "component_count": 2,
        "component_fallback_reason": null,
        "component_radius": 0.03,
        "component_selection_strategy": "largest_component_then_low_spread",
        "component_sizes": [
          28,
          1
        ],
        "elevated_point_count": 29,
        "elevated_z_offset": 0.015,
        "fallback_reason": null,
        "local_support_point_count": 13,
        "local_support_radius": 0.04,
        "local_support_z_margin": 0.012,
        "min_elevated_points": 12,
        "min_points": 20,
        "num_workspace_points": 63,
        "reason": "component_elevated_xy_with_local_support_z",
        "selected_component_size": 28,
        "selected_component_spread": 0.028748026117682457,
        "selected_component_xy": [
          -0.010449245572090149,
          0.08894052356481552
        ],
        "strategy": "workspace_elevated_xy_low_z",
        "support_z": -0.005349945742636919,
        "support_z_percentile": 10.0,
        "workspace_bounds": {
          "abs_x_max": 0.2,
          "abs_y_max": 0.2,
          "z_max": 0.08,
          "z_min": -0.02
        }
      },
      "grasp_num_points": 28,
      "grasp_world_xyz": [
        -0.010449245572090149,
        0.08894052356481552,
        0.0010666847229003906
      ],
      "metadata": {
        "box_bounds_xyxy_exclusive": [
          70,
          71,
          77,
          80
        ],
        "box_center_world_xyz": [
          -0.010670393705368042,
          0.08907139301300049,
          0.037392958998680115
        ],
        "camera_frame_conversion": "opencv_to_opengl",
        "center_strategy": "median",
        "extrinsics_source": "sensor_param.base_camera.cam2world_gl",
        "intrinsics_source": "provided"
      },
      "num_points": 63,
      "point_cloud_path": null,
      "segmentation_id": null,
      "world_xyz": [
        -0.010960578918457031,
        0.08907139301300049,
        0.007992863655090332
      ]
    }
  ]
}