{
  "query": {
    "attributes": [
      "red"
    ],
    "normalized_prompt": "red cube",
    "raw_query": "red cube",
    "relations": [],
    "synonyms": [
      "cube",
      "block"
    ],
    "target_name": "cube"
  },
  "top_2d_candidate": {
    "box_xyxy": [
      49.62907409667969,
      69.57656860351562,
      55.1856689453125,
      75.96969604492188
    ],
    "clip_score": 0.0,
    "det_score": 0.5454938411712646,
    "fused_2d_score": 0.5454938411712646,
    "image_crop_path": null,
    "metadata": {
      "detector_metadata": {
        "model_id": "IDEA-Research/grounding-dino-tiny"
      },
      "detector_source": "transformers_groundingdino",
      "skip_clip": true
    },
    "phrase": "red cube",
    "rank": 0,
    "source": "detector_only"
  },
  "top_candidate_3d": {
    "box_area": 49,
    "box_xyxy": [
      49.62907409667969,
      69.57656860351562,
      55.1856689453125,
      75.96969604492188
    ],
    "camera_xyz": [
      -0.12215624749660492,
      0.08100000023841858,
      0.6710000038146973
    ],
    "depth_valid_ratio": 0.7346938775510204,
    "grasp_camera_xyz": [
      -0.11532812565565109,
      0.11532812565565109,
      0.6710000038146973
    ],
    "grasp_metadata": {
      "applied": true,
      "component_count": 1,
      "component_fallback_reason": null,
      "component_radius": 0.03,
      "component_selection_strategy": "largest_component_then_low_spread",
      "component_sizes": [
        15
      ],
      "elevated_point_count": 15,
      "elevated_z_offset": 0.015,
      "fallback_reason": null,
      "local_support_point_count": 9,
      "local_support_radius": 0.04,
      "local_support_z_margin": 0.012,
      "min_elevated_points": 12,
      "min_points": 20,
      "num_workspace_points": 36,
      "reason": "component_elevated_xy_with_local_support_z",
      "selected_component_size": 15,
      "selected_component_spread": 0.023905914276838303,
      "selected_component_xy": [
        -0.04155200719833374,
        -0.12281249463558197
      ],
      "strategy": "workspace_elevated_xy_low_z",
      "support_z": 0.0038652420043945312,
      "support_z_percentile": 10.0,
      "workspace_bounds": {
        "abs_x_max": 0.2,
        "abs_y_max": 0.2,
        "z_max": 0.08,
        "z_min": -0.02
      }
    },
    "grasp_num_points": 15,
    "grasp_world_xyz": [
      -0.04155200719833374,
      -0.12281249463558197,
      0.0038847923278808594
    ],
    "metadata": {
      "box_bounds_xyxy_exclusive": [
        49,
        69,
        56,
        76
      ],
      "box_center_world_xyz": [
        -0.04155202955007553,
        -0.12150000035762787,
        0.043396759778261185
      ],
      "camera_frame_conversion": "opencv_to_opengl",
      "center_strategy": "median",
      "extrinsics_source": "sensor_param.base_camera.cam2world_gl",
      "intrinsics_source": "provided"
    },
    "num_points": 36,
    "point_cloud_path": null,
    "segmentation_id": null,
    "world_xyz": [
      -0.048446834087371826,
      -0.12215624749660492,
      0.004294753074645996
    ]
  }
}