{
  "candidates_3d": [
    {
      "box_area": 63,
      "box_xyxy": [
        45.47164535522461,
        73.55793762207031,
        51.36338424682617,
        81.27505493164062
      ],
      "camera_xyz": [
        -0.15825000405311584,
        0.12471875548362732,
        0.6359999775886536
      ],
      "depth_valid_ratio": 0.6825396825396826,
      "grasp_camera_xyz": [
        -0.1574999988079071,
        0.1327812522649765,
        0.6359999775886536
      ],
      "grasp_metadata": {
        "applied": true,
        "component_count": 1,
        "component_fallback_reason": "too_few_elevated_points",
        "component_radius": 0.03,
        "component_selection_strategy": "largest_workspace_component_then_low_spread",
        "component_sizes": [
          41
        ],
        "elevated_point_count": 11,
        "elevated_z_offset": 0.015,
        "fallback_reason": "too_few_elevated_points",
        "local_support_point_count": 0,
        "local_support_radius": 0.04,
        "local_support_z_margin": 0.012,
        "min_elevated_points": 12,
        "min_points": 20,
        "num_workspace_points": 41,
        "reason": "workspace_filter_passed",
        "selected_component_size": 41,
        "selected_component_spread": 0.058281801640987396,
        "selected_component_xy": [
          0.004978001117706299,
          -0.1574999988079071
        ],
        "strategy": "workspace_elevated_xy_low_z",
        "support_z": 0.0035138726234436035,
        "support_z_percentile": 10.0,
        "workspace_bounds": {
          "abs_x_max": 0.2,
          "abs_y_max": 0.2,
          "z_max": 0.08,
          "z_min": -0.02
        }
      },
      "grasp_num_points": 41,
      "grasp_world_xyz": [
        0.004978001117706299,
        -0.1574999988079071,
        0.004041016101837158
      ],
      "metadata": {
        "box_bounds_xyxy_exclusive": [
          45,
          73,
          52,
          82
        ],
        "box_center_world_xyz": [
          0.014292314648628235,
          -0.15324999392032623,
          0.043543197214603424
        ],
        "camera_frame_conversion": "opencv_to_opengl",
        "center_strategy": "median",
        "extrinsics_source": "sensor_param.base_camera.cam2world_gl",
        "intrinsics_source": "provided"
      },
      "num_points": 43,
      "point_cloud_path": null,
      "segmentation_id": null,
      "world_xyz": [
        0.0034650564193725586,
        -0.15825000405311584,
        0.004041016101837158
      ]
    }
  ]
}