{
  "candidates_3d": [
    {
      "box_area": 2730,
      "box_xyxy": [
        52.39214324951172,
        0.0,
        86.28128814697266,
        77.78726196289062
      ],
      "camera_xyz": [
        0.031914062798023224,
        -0.1848437488079071,
        0.7020000219345093
      ],
      "depth_valid_ratio": 0.8102564102564103,
      "grasp_camera_xyz": [
        0.14371874928474426,
        0.1334531307220459,
        0.6570000052452087
      ],
      "grasp_metadata": {
        "applied": true,
        "component_count": 2,
        "component_fallback_reason": null,
        "component_radius": 0.03,
        "component_selection_strategy": "largest_component_then_low_spread",
        "component_sizes": [
          13,
          2
        ],
        "elevated_point_count": 15,
        "elevated_z_offset": 0.015,
        "fallback_reason": null,
        "local_support_point_count": 5,
        "local_support_radius": 0.04,
        "local_support_z_margin": 0.012,
        "min_elevated_points": 12,
        "min_points": 20,
        "num_workspace_points": 267,
        "reason": "component_elevated_xy_with_local_support_z",
        "selected_component_size": 13,
        "selected_component_spread": 0.020199913531541824,
        "selected_component_xy": [
          0.0034650564193725586,
          0.16468749940395355
        ],
        "strategy": "workspace_elevated_xy_low_z",
        "support_z": 0.0036017298698425293,
        "support_z_percentile": 10.0,
        "workspace_bounds": {
          "abs_x_max": 0.2,
          "abs_y_max": 0.2,
          "z_max": 0.08,
          "z_min": -0.02
        }
      },
      "grasp_num_points": 13,
      "grasp_world_xyz": [
        0.0034650564193725586,
        0.16468749940395355,
        0.003728628158569336
      ],
      "metadata": {
        "box_bounds_xyxy_exclusive": [
          52,
          0,
          87,
          78
        ],
        "box_center_world_xyz": [
          0.008067317306995392,
          0.024531250819563866,
          0.43142998218536377
        ],
        "camera_frame_conversion": "opencv_to_opengl",
        "center_strategy": "median",
        "extrinsics_source": "sensor_param.base_camera.cam2world_gl",
        "intrinsics_source": "provided"
      },
      "num_points": 2212,
      "point_cloud_path": null,
      "segmentation_id": null,
      "world_xyz": [
        -0.19232070446014404,
        0.031914062798023224,
        0.23499755561351776
      ]
    }
  ]
}