{
  "candidates_3d": [
    {
      "box_area": 81,
      "box_xyxy": [
        44.759552001953125,
        85.44054412841797,
        52.15282440185547,
        93.3575668334961
      ],
      "camera_xyz": [
        -0.14069530367851257,
        0.21821874380111694,
        0.5659999847412109
      ],
      "depth_valid_ratio": 0.8148148148148148,
      "grasp_camera_xyz": [
        -0.14100000262260437,
        0.24674999713897705,
        0.5640000104904175
      ],
      "grasp_metadata": {
        "applied": true,
        "component_count": 1,
        "component_fallback_reason": null,
        "component_radius": 0.03,
        "component_selection_strategy": "largest_component_then_low_spread",
        "component_sizes": [
          25
        ],
        "elevated_point_count": 25,
        "elevated_z_offset": 0.015,
        "fallback_reason": null,
        "local_support_point_count": 25,
        "local_support_radius": 0.04,
        "local_support_z_margin": 0.012,
        "min_elevated_points": 12,
        "min_points": 20,
        "num_workspace_points": 66,
        "reason": "component_elevated_xy_with_local_support_z",
        "selected_component_size": 25,
        "selected_component_spread": 0.02382391132414341,
        "selected_component_xy": [
          0.1254611611366272,
          -0.13975000381469727
        ],
        "strategy": "workspace_elevated_xy_low_z",
        "support_z": 0.003133237361907959,
        "support_z_percentile": 10.0,
        "workspace_bounds": {
          "abs_x_max": 0.2,
          "abs_y_max": 0.2,
          "z_max": 0.08,
          "z_min": -0.02
        }
      },
      "grasp_num_points": 25,
      "grasp_world_xyz": [
        0.1254611611366272,
        -0.13975000381469727,
        0.0035138726234436035
      ],
      "metadata": {
        "box_bounds_xyxy_exclusive": [
          44,
          85,
          53,
          94
        ],
        "box_center_world_xyz": [
          0.12642018496990204,
          -0.13574999570846558,
          0.04348461329936981
        ],
        "camera_frame_conversion": "opencv_to_opengl",
        "center_strategy": "median",
        "extrinsics_source": "sensor_param.base_camera.cam2world_gl",
        "intrinsics_source": "provided"
      },
      "num_points": 66,
      "point_cloud_path": null,
      "segmentation_id": null,
      "world_xyz": [
        0.11780378222465515,
        -0.14069530367851257,
        0.00364077091217041
      ]
    }
  ]
}