{
  "query": {
    "attributes": [
      "red"
    ],
    "normalized_prompt": "red cube",
    "raw_query": "red cube",
    "relations": [],
    "synonyms": [
      "cube",
      "block"
    ],
    "target_name": "cube"
  },
  "top_2d_candidate": {
    "box_xyxy": [
      52.54172134399414,
      66.52117156982422,
      58.22837448120117,
      73.1196517944336
    ],
    "clip_score": 0.0,
    "det_score": 0.6515055298805237,
    "fused_2d_score": 0.6515055298805237,
    "image_crop_path": null,
    "metadata": {
      "detector_metadata": {
        "model_id": "IDEA-Research/grounding-dino-tiny"
      },
      "detector_source": "transformers_groundingdino",
      "skip_clip": true
    },
    "phrase": "red cube",
    "rank": 0,
    "source": "detector_only"
  },
  "top_candidate_3d": {
    "box_area": 56,
    "box_xyxy": [
      52.54172134399414,
      66.52117156982422,
      58.22837448120117,
      73.1196517944336
    ],
    "camera_xyz": [
      -0.09379687905311584,
      0.05609374865889549,
      0.6940000057220459
    ],
    "depth_valid_ratio": 0.8571428571428571,
    "grasp_camera_xyz": [
      -0.097593754529953,
      0.08675000071525574,
      0.6940000057220459
    ],
    "grasp_metadata": {
      "applied": true,
      "component_count": 1,
      "component_fallback_reason": null,
      "component_radius": 0.03,
      "component_selection_strategy": "largest_component_then_low_spread",
      "component_sizes": [
        17
      ],
      "elevated_point_count": 17,
      "elevated_z_offset": 0.015,
      "fallback_reason": null,
      "local_support_point_count": 16,
      "local_support_radius": 0.04,
      "local_support_z_margin": 0.012,
      "min_elevated_points": 12,
      "min_points": 20,
      "num_workspace_points": 48,
      "reason": "component_elevated_xy_with_local_support_z",
      "selected_component_size": 17,
      "selected_component_spread": 0.025614308193325996,
      "selected_component_xy": [
        -0.07823577523231506,
        -0.09520312398672104
      ],
      "strategy": "workspace_elevated_xy_low_z",
      "support_z": 0.003709077835083008,
      "support_z_percentile": 10.0,
      "workspace_bounds": {
        "abs_x_max": 0.2,
        "abs_y_max": 0.2,
        "z_max": 0.08,
        "z_min": -0.02
      }
    },
    "grasp_num_points": 17,
    "grasp_world_xyz": [
      -0.07823577523231506,
      -0.09520312398672104,
      0.004031240940093994
    ],
    "metadata": {
      "box_bounds_xyxy_exclusive": [
        52,
        66,
        59,
        74
      ],
      "box_center_world_xyz": [
        -0.06563694775104523,
        -0.09323437511920929,
        0.0434553325176239
      ],
      "camera_frame_conversion": "opencv_to_opengl",
      "center_strategy": "median",
      "extrinsics_source": "sensor_param.base_camera.cam2world_gl",
      "intrinsics_source": "provided"
    },
    "num_points": 48,
    "point_cloud_path": null,
    "segmentation_id": null,
    "world_xyz": [
      -0.08424115180969238,
      -0.09379687905311584,
      0.004060506820678711
    ]
  }
}