{
  "query": {
    "attributes": [
      "red"
    ],
    "normalized_prompt": "red cube",
    "raw_query": "red cube",
    "relations": [],
    "synonyms": [
      "cube",
      "block"
    ],
    "target_name": "cube"
  },
  "top_2d_candidate": {
    "box_xyxy": [
      53.5703239440918,
      74.66368103027344,
      59.39027786254883,
      82.25529479980469
    ],
    "clip_score": 0.0,
    "det_score": 0.527848482131958,
    "fused_2d_score": 0.527848482131958,
    "image_crop_path": null,
    "metadata": {
      "detector_metadata": {
        "model_id": "IDEA-Research/grounding-dino-tiny"
      },
      "detector_source": "transformers_groundingdino",
      "skip_clip": true
    },
    "phrase": "red cube",
    "rank": 0,
    "source": "detector_only"
  },
  "top_candidate_3d": {
    "box_area": 63,
    "box_xyxy": [
      53.5703239440918,
      74.66368103027344,
      59.39027786254883,
      82.25529479980469
    ],
    "camera_xyz": [
      -0.07800000160932541,
      0.1331171989440918,
      0.6299999952316284
    ],
    "depth_valid_ratio": 0.8253968253968254,
    "grasp_camera_xyz": [
      -0.06890624761581421,
      0.16734375059604645,
      0.6299999952316284
    ],
    "grasp_metadata": {
      "applied": true,
      "component_count": 1,
      "component_fallback_reason": null,
      "component_radius": 0.03,
      "component_selection_strategy": "largest_component_then_low_spread",
      "component_sizes": [
        19
      ],
      "elevated_point_count": 19,
      "elevated_z_offset": 0.015,
      "fallback_reason": null,
      "local_support_point_count": 18,
      "local_support_radius": 0.04,
      "local_support_z_margin": 0.012,
      "min_elevated_points": 12,
      "min_points": 20,
      "num_workspace_points": 52,
      "reason": "component_elevated_xy_with_local_support_z",
      "selected_component_size": 19,
      "selected_component_spread": 0.022947942838072777,
      "selected_component_xy": [
        0.024494856595993042,
        -0.07662499696016312
      ],
      "strategy": "workspace_elevated_xy_low_z",
      "support_z": 0.0035138726234436035,
      "support_z_percentile": 10.0,
      "workspace_bounds": {
        "abs_x_max": 0.2,
        "abs_y_max": 0.2,
        "z_max": 0.08,
        "z_min": -0.02
      }
    },
    "grasp_num_points": 19,
    "grasp_world_xyz": [
      0.024494856595993042,
      -0.07662499696016312,
      0.0035138726234436035
    ],
    "metadata": {
      "box_bounds_xyxy_exclusive": [
        53,
        74,
        60,
        83
      ],
      "box_center_world_xyz": [
        0.02449483424425125,
        -0.07587499916553497,
        0.043064892292022705
      ],
      "camera_frame_conversion": "opencv_to_opengl",
      "center_strategy": "median",
      "extrinsics_source": "sensor_param.base_camera.cam2world_gl",
      "intrinsics_source": "provided"
    },
    "num_points": 52,
    "point_cloud_path": null,
    "segmentation_id": null,
    "world_xyz": [
      0.016000449657440186,
      -0.07800000160932541,
      0.0038750171661376953
    ]
  }
}