{
  "candidates_3d": [
    {
      "box_area": 72,
      "box_xyxy": [
        52.80072784423828,
        73.62539672851562,
        59.41041564941406,
        81.25581359863281
      ],
      "camera_xyz": [
        -0.08488170802593231,
        0.1265043020248413,
        0.6382875442504883
      ],
      "depth_valid_ratio": 1.0,
      "grasp_camera_xyz": [
        -0.0696517750620842,
        0.15920405089855194,
        0.6368162035942078
      ],
      "grasp_metadata": {
        "applied": true,
        "component_count": 1,
        "component_fallback_reason": null,
        "component_radius": 0.03,
        "component_selection_strategy": "largest_component_then_low_spread",
        "component_sizes": [
          24
        ],
        "elevated_point_count": 24,
        "elevated_z_offset": 0.015,
        "fallback_reason": null,
        "local_support_point_count": 22,
        "local_support_radius": 0.04,
        "local_support_z_margin": 0.012,
        "min_elevated_points": 12,
        "min_points": 20,
        "num_workspace_points": 72,
        "reason": "component_elevated_xy_with_local_support_z",
        "selected_component_size": 24,
        "selected_component_spread": 0.027945689857006073,
        "selected_component_xy": [
          0.012234136462211609,
          -0.0784299224615097
        ],
        "strategy": "workspace_elevated_xy_low_z",
        "support_z": 0.00010474918963154778,
        "support_z_percentile": 10.0,
        "workspace_bounds": {
          "abs_x_max": 0.2,
          "abs_y_max": 0.2,
          "z_max": 0.08,
          "z_min": -0.02
        }
      },
      "grasp_num_points": 24,
      "grasp_world_xyz": [
        0.012234136462211609,
        -0.0784299224615097,
        0.003634333610534668
      ],
      "metadata": {
        "box_bounds_xyxy_exclusive": [
          52,
          73,
          60,
          82
        ],
        "box_center_world_xyz": [
          0.009939126670360565,
          -0.07779249548912048,
          0.03506471961736679
        ],
        "camera_frame_conversion": "opencv_to_opengl",
        "center_strategy": "median",
        "extrinsics_source": "sensor_param.base_camera.cam2world_gl",
        "intrinsics_source": "provided"
      },
      "num_points": 72,
      "point_cloud_path": null,
      "segmentation_id": null,
      "world_xyz": [
        0.005893230438232422,
        -0.08488170802593231,
        0.005297243595123291
      ]
    }
  ]
}