{
  "candidates_3d": [
    {
      "box_area": 63,
      "box_xyxy": [
        45.47164535522461,
        73.55793762207031,
        51.36338424682617,
        81.27505493164062
      ],
      "camera_xyz": [
        -0.15916426479816437,
        0.12591393291950226,
        0.6370143890380859
      ],
      "depth_valid_ratio": 1.0,
      "grasp_camera_xyz": [
        -0.1493002474308014,
        0.1493002474308014,
        0.6370143890380859
      ],
      "grasp_metadata": {
        "applied": true,
        "component_count": 1,
        "component_fallback_reason": null,
        "component_radius": 0.03,
        "component_selection_strategy": "largest_component_then_low_spread",
        "component_sizes": [
          25
        ],
        "elevated_point_count": 25,
        "elevated_z_offset": 0.015,
        "fallback_reason": null,
        "local_support_point_count": 18,
        "local_support_radius": 0.04,
        "local_support_z_margin": 0.012,
        "min_elevated_points": 12,
        "min_points": 20,
        "num_workspace_points": 60,
        "reason": "component_elevated_xy_with_local_support_z",
        "selected_component_size": 25,
        "selected_component_spread": 0.034103505313396454,
        "selected_component_xy": [
          0.008450090885162354,
          -0.1582402139902115
        ],
        "strategy": "workspace_elevated_xy_low_z",
        "support_z": -0.0032996651716530323,
        "support_z_percentile": 10.0,
        "workspace_bounds": {
          "abs_x_max": 0.2,
          "abs_y_max": 0.2,
          "z_max": 0.08,
          "z_min": -0.02
        }
      },
      "grasp_num_points": 25,
      "grasp_world_xyz": [
        0.008450090885162354,
        -0.1582402139902115,
        0.0024586617946624756
      ],
      "metadata": {
        "box_bounds_xyxy_exclusive": [
          45,
          73,
          52,
          82
        ],
        "box_center_world_xyz": [
          0.022374965250492096,
          -0.14891456067562103,
          0.05928532034158707
        ],
        "camera_frame_conversion": "opencv_to_opengl",
        "center_strategy": "median",
        "extrinsics_source": "sensor_param.base_camera.cam2world_gl",
        "intrinsics_source": "provided"
      },
      "num_points": 63,
      "point_cloud_path": null,
      "segmentation_id": null,
      "world_xyz": [
        0.00655093789100647,
        -0.15916426479816437,
        0.007566630840301514
      ]
    }
  ]
}