{
  "query": {
    "attributes": [
      "red"
    ],
    "normalized_prompt": "red cube",
    "raw_query": "red cube",
    "relations": [],
    "synonyms": [
      "cube",
      "block"
    ],
    "target_name": "cube"
  },
  "top_2d_candidate": {
    "box_xyxy": [
      66.55902862548828,
      72.68241882324219,
      72.4200210571289,
      79.99018859863281
    ],
    "clip_score": 0.0,
    "det_score": 0.6510668396949768,
    "fused_2d_score": 0.6510668396949768,
    "image_crop_path": null,
    "metadata": {
      "detector_metadata": {
        "model_id": "IDEA-Research/grounding-dino-tiny"
      },
      "detector_source": "transformers_groundingdino",
      "skip_clip": true
    },
    "phrase": "red cube",
    "rank": 0,
    "source": "detector_only"
  },
  "top_candidate_3d": {
    "box_area": 56,
    "box_xyxy": [
      66.55902862548828,
      72.68241882324219,
      72.4200210571289,
      79.99018859863281
    ],
    "camera_xyz": [
      0.04921874776482582,
      0.11578906327486038,
      0.6430000066757202
    ],
    "depth_valid_ratio": 1.0,
    "grasp_camera_xyz": [
      0.05015625059604645,
      0.15046875178813934,
      0.6420000195503235
    ],
    "grasp_metadata": {
      "applied": true,
      "component_count": 1,
      "component_fallback_reason": null,
      "component_radius": 0.03,
      "component_selection_strategy": "largest_component_then_low_spread",
      "component_sizes": [
        23
      ],
      "elevated_point_count": 23,
      "elevated_z_offset": 0.015,
      "fallback_reason": null,
      "local_support_point_count": 15,
      "local_support_radius": 0.04,
      "local_support_z_margin": 0.012,
      "min_elevated_points": 12,
      "min_points": 20,
      "num_workspace_points": 56,
      "reason": "component_elevated_xy_with_local_support_z",
      "selected_component_size": 23,
      "selected_component_spread": 0.023279137909412384,
      "selected_component_xy": [
        0.002640277147293091,
        0.04867187887430191
      ],
      "strategy": "workspace_elevated_xy_low_z",
      "support_z": 0.0036115050315856934,
      "support_z_percentile": 10.0,
      "workspace_bounds": {
        "abs_x_max": 0.2,
        "abs_y_max": 0.2,
        "z_max": 0.08,
        "z_min": -0.02
      }
    },
    "grasp_num_points": 23,
    "grasp_world_xyz": [
      0.002640277147293091,
      0.04867187887430191,
      0.0037578940391540527
    ],
    "metadata": {
      "box_bounds_xyxy_exclusive": [
        66,
        72,
        73,
        80
      ],
      "box_center_world_xyz": [
        0.0034650564193725586,
        0.04843749850988388,
        0.043240584433078766
      ],
      "camera_frame_conversion": "opencv_to_opengl",
      "center_strategy": "median",
      "extrinsics_source": "sensor_param.base_camera.cam2world_gl",
      "intrinsics_source": "provided"
    },
    "num_points": 56,
    "point_cloud_path": null,
    "segmentation_id": null,
    "world_xyz": [
      -0.007532984018325806,
      0.04921874776482582,
      0.004060506820678711
    ]
  }
}