{
  "query": {
    "attributes": [
      "red"
    ],
    "normalized_prompt": "red cube",
    "raw_query": "red cube",
    "relations": [],
    "synonyms": [
      "cube",
      "block"
    ],
    "target_name": "cube"
  },
  "top_2d_candidate": {
    "box_xyxy": [
      67.52393341064453,
      75.43732452392578,
      74.33980560302734,
      83.17830657958984
    ],
    "clip_score": 0.0,
    "det_score": 0.6611865162849426,
    "fused_2d_score": 0.6611865162849426,
    "image_crop_path": null,
    "metadata": {
      "detector_metadata": {
        "model_id": "IDEA-Research/grounding-dino-tiny"
      },
      "detector_source": "transformers_groundingdino",
      "skip_clip": true
    },
    "phrase": "red cube",
    "rank": 0,
    "source": "detector_only"
  },
  "top_candidate_3d": {
    "box_area": 72,
    "box_xyxy": [
      67.52393341064453,
      75.43732452392578,
      74.33980560302734,
      83.17830657958984
    ],
    "camera_xyz": [
      0.06290625035762787,
      0.14218749105930328,
      0.6240000128746033
    ],
    "depth_valid_ratio": 0.9027777777777778,
    "grasp_camera_xyz": [
      0.03943749889731407,
      0.1577499955892563,
      0.6309999823570251
    ],
    "grasp_metadata": {
      "applied": true,
      "component_count": 1,
      "component_fallback_reason": null,
      "component_radius": 0.03,
      "component_selection_strategy": "largest_component_then_low_spread",
      "component_sizes": [
        21
      ],
      "elevated_point_count": 21,
      "elevated_z_offset": 0.015,
      "fallback_reason": null,
      "local_support_point_count": 21,
      "local_support_radius": 0.04,
      "local_support_z_margin": 0.012,
      "min_elevated_points": 12,
      "min_points": 20,
      "num_workspace_points": 65,
      "reason": "component_elevated_xy_with_local_support_z",
      "selected_component_size": 21,
      "selected_component_spread": 0.023153837770223618,
      "selected_component_xy": [
        0.024494856595993042,
        0.058125000447034836
      ],
      "strategy": "workspace_elevated_xy_low_z",
      "support_z": 0.0032678961288183928,
      "support_z_percentile": 10.0,
      "workspace_bounds": {
        "abs_x_max": 0.2,
        "abs_y_max": 0.2,
        "z_max": 0.08,
        "z_min": -0.02
      }
    },
    "grasp_num_points": 21,
    "grasp_world_xyz": [
      0.024494856595993042,
      0.058125000447034836,
      0.0036017298698425293
    ],
    "metadata": {
      "box_bounds_xyxy_exclusive": [
        67,
        75,
        75,
        84
      ],
      "box_center_world_xyz": [
        0.03499263525009155,
        0.06562500447034836,
        0.043631017208099365
      ],
      "camera_frame_conversion": "opencv_to_opengl",
      "center_strategy": "median",
      "extrinsics_source": "sensor_param.base_camera.cam2world_gl",
      "intrinsics_source": "provided"
    },
    "num_points": 65,
    "point_cloud_path": null,
    "segmentation_id": null,
    "world_xyz": [
      0.024494856595993042,
      0.06290625035762787,
      0.003777444362640381
    ]
  }
}