{
  "query": {
    "attributes": [
      "red"
    ],
    "normalized_prompt": "red cube",
    "raw_query": "red cube",
    "relations": [],
    "synonyms": [
      "cube",
      "block"
    ],
    "target_name": "cube"
  },
  "top_2d_candidate": {
    "box_xyxy": [
      54.62079620361328,
      80.4429702758789,
      61.358489990234375,
      87.28560638427734
    ],
    "clip_score": 0.0,
    "det_score": 0.6186285018920898,
    "fused_2d_score": 0.6186285018920898,
    "image_crop_path": null,
    "metadata": {
      "detector_metadata": {
        "model_id": "IDEA-Research/grounding-dino-tiny"
      },
      "detector_source": "transformers_groundingdino",
      "skip_clip": true
    },
    "phrase": "red cube",
    "rank": 0,
    "source": "detector_only"
  },
  "top_candidate_3d": {
    "box_area": 64,
    "box_xyxy": [
      54.62079620361328,
      80.4429702758789,
      61.358489990234375,
      87.28560638427734
    ],
    "camera_xyz": [
      -0.05962499976158142,
      0.17550000548362732,
      0.593999981880188
    ],
    "depth_valid_ratio": 0.890625,
    "grasp_camera_xyz": [
      -0.04679687321186066,
      0.2059062421321869,
      0.5989999771118164
    ],
    "grasp_metadata": {
      "applied": true,
      "component_count": 1,
      "component_fallback_reason": null,
      "component_radius": 0.03,
      "component_selection_strategy": "largest_component_then_low_spread",
      "component_sizes": [
        23
      ],
      "elevated_point_count": 23,
      "elevated_z_offset": 0.015,
      "fallback_reason": null,
      "local_support_point_count": 19,
      "local_support_radius": 0.04,
      "local_support_z_margin": 0.012,
      "min_elevated_points": 12,
      "min_points": 20,
      "num_workspace_points": 57,
      "reason": "component_elevated_xy_with_local_support_z",
      "selected_component_size": 23,
      "selected_component_spread": 0.024409174919128418,
      "selected_component_xy": [
        0.07370421290397644,
        -0.061796873807907104
      ],
      "strategy": "workspace_elevated_xy_low_z",
      "support_z": 0.0035138726234436035,
      "support_z_percentile": 10.0,
      "workspace_bounds": {
        "abs_x_max": 0.2,
        "abs_y_max": 0.2,
        "z_max": 0.08,
        "z_min": -0.02
      }
    },
    "grasp_num_points": 23,
    "grasp_world_xyz": [
      0.07370421290397644,
      -0.061796873807907104,
      0.0036310553550720215
    ],
    "metadata": {
      "box_bounds_xyxy_exclusive": [
        54,
        80,
        62,
        88
      ],
      "box_center_world_xyz": [
        0.08073204755783081,
        -0.053999997675418854,
        0.03777451068162918
      ],
      "camera_frame_conversion": "opencv_to_opengl",
      "center_strategy": "median",
      "extrinsics_source": "sensor_param.base_camera.cam2world_gl",
      "intrinsics_source": "provided"
    },
    "num_points": 57,
    "point_cloud_path": null,
    "segmentation_id": null,
    "world_xyz": [
      0.06740845739841461,
      -0.05962499976158142,
      0.004041016101837158
    ]
  }
}