{
  "candidates_3d": [
    {
      "box_area": 2541,
      "box_xyxy": [
        52.71128845214844,
        0.0,
        84.31838989257812,
        76.37193298339844
      ],
      "camera_xyz": [
        0.02661854960024357,
        -0.16970662772655487,
        0.6713201999664307
      ],
      "depth_valid_ratio": 1.0,
      "grasp_camera_xyz": [
        0.11809611320495605,
        0.09662409126758575,
        0.6871046423912048
      ],
      "grasp_metadata": {
        "applied": true,
        "component_count": 5,
        "component_fallback_reason": null,
        "component_radius": 0.03,
        "component_selection_strategy": "largest_component_then_low_spread",
        "component_sizes": [
          52,
          18,
          12,
          5,
          2
        ],
        "elevated_point_count": 89,
        "elevated_z_offset": 0.015,
        "fallback_reason": null,
        "local_support_point_count": 20,
        "local_support_radius": 0.04,
        "local_support_z_margin": 0.012,
        "min_elevated_points": 12,
        "min_points": 20,
        "num_workspace_points": 299,
        "reason": "component_elevated_xy_with_local_support_z",
        "selected_component_size": 52,
        "selected_component_spread": 0.09143311530351639,
        "selected_component_xy": [
          -0.06262528896331787,
          0.11642206460237503
        ],
        "strategy": "workspace_elevated_xy_low_z",
        "support_z": -0.00644149724394083,
        "support_z_percentile": 10.0,
        "workspace_bounds": {
          "abs_x_max": 0.2,
          "abs_y_max": 0.2,
          "z_max": 0.08,
          "z_min": -0.02
        }
      },
      "grasp_num_points": 52,
      "grasp_world_xyz": [
        -0.06262528896331787,
        0.11642206460237503,
        -0.0017286241054534912
      ],
      "metadata": {
        "box_bounds_xyxy_exclusive": [
          52,
          0,
          85,
          77
        ],
        "box_center_world_xyz": [
          0.0227973535656929,
          0.018393399193882942,
          0.44488146901130676
        ],
        "camera_frame_conversion": "opencv_to_opengl",
        "center_strategy": "median",
        "extrinsics_source": "sensor_param.base_camera.cam2world_gl",
        "intrinsics_source": "provided"
      },
      "num_points": 2541,
      "point_cloud_path": null,
      "segmentation_id": null,
      "world_xyz": [
        -0.1765199899673462,
        0.02661854960024357,
        0.29865995049476624
      ]
    },
    {
      "box_area": 25,
      "box_xyxy": [
        67.72030639648438,
        67.53144073486328,
        71.41006469726562,
        71.41814422607422
      ],
      "camera_xyz": [
        0.048408836126327515,
        0.04615006595849991,
        0.677224338054657
      ],
      "depth_valid_ratio": 1.0,
      "grasp_camera_xyz": null,
      "grasp_metadata": {
        "applied": false,
        "component_radius": 0.03,
        "elevated_z_offset": 0.015,
        "local_support_radius": 0.04,
        "local_support_z_margin": 0.012,
        "min_elevated_points": 12,
        "min_points": 20,
        "num_workspace_points": 15,
        "reason": "too_few_workspace_points",
        "strategy": "workspace_elevated_xy_low_z",
        "support_z_percentile": 10.0,
        "workspace_bounds": {
          "abs_x_max": 0.2,
          "abs_y_max": 0.2,
          "z_max": 0.08,
          "z_min": -0.02
        }
      },
      "grasp_num_points": 15,
      "grasp_world_xyz": null,
      "metadata": {
        "box_bounds_xyxy_exclusive": [
          67,
          67,
          72,
          72
        ],
        "box_center_world_xyz": [
          -0.08174435794353485,
          0.05290815234184265,
          0.03812524676322937
        ],
        "camera_frame_conversion": "opencv_to_opengl",
        "center_strategy": "median",
        "extrinsics_source": "sensor_param.base_camera.cam2world_gl",
        "intrinsics_source": "provided"
      },
      "num_points": 25,
      "point_cloud_path": null,
      "segmentation_id": null,
      "world_xyz": [
        -0.0774478018283844,
        0.048408836126327515,
        0.039277076721191406
      ]
    }
  ]
}