{
  "candidates_3d": [
    {
      "box_area": 56,
      "box_xyxy": [
        64.58700561523438,
        81.49992370605469,
        70.33555603027344,
        88.30982971191406
      ],
      "camera_xyz": [
        0.027140624821186066,
        0.1853906214237213,
        0.5879999995231628
      ],
      "depth_valid_ratio": 0.9107142857142857,
      "grasp_camera_xyz": [
        0.01837499998509884,
        0.21131250262260437,
        0.5879999995231628
      ],
      "grasp_metadata": {
        "applied": true,
        "component_count": 1,
        "component_fallback_reason": null,
        "component_radius": 0.03,
        "component_selection_strategy": "largest_component_then_low_spread",
        "component_sizes": [
          21
        ],
        "elevated_point_count": 21,
        "elevated_z_offset": 0.015,
        "fallback_reason": null,
        "local_support_point_count": 19,
        "local_support_radius": 0.04,
        "local_support_z_margin": 0.012,
        "min_elevated_points": 12,
        "min_points": 20,
        "num_workspace_points": 51,
        "reason": "component_elevated_xy_with_local_support_z",
        "selected_component_size": 21,
        "selected_component_spread": 0.02130134217441082,
        "selected_component_xy": [
          0.08301608264446259,
          0.026999998837709427
        ],
        "strategy": "workspace_elevated_xy_low_z",
        "support_z": 0.003103911876678467,
        "support_z_percentile": 10.0,
        "workspace_bounds": {
          "abs_x_max": 0.2,
          "abs_y_max": 0.2,
          "z_max": 0.08,
          "z_min": -0.02
        }
      },
      "grasp_num_points": 21,
      "grasp_world_xyz": [
        0.08301608264446259,
        0.026999998837709427,
        0.0036310553550720215
      ],
      "metadata": {
        "box_bounds_xyxy_exclusive": [
          64,
          81,
          71,
          89
        ],
        "box_center_world_xyz": [
          0.09181304275989532,
          0.026484373956918716,
          0.04299657791852951
        ],
        "camera_frame_conversion": "opencv_to_opengl",
        "center_strategy": "median",
        "extrinsics_source": "sensor_param.base_camera.cam2world_gl",
        "intrinsics_source": "provided"
      },
      "num_points": 51,
      "point_cloud_path": null,
      "segmentation_id": null,
      "world_xyz": [
        0.08301608264446259,
        0.027140624821186066,
        0.0038164854049682617
      ]
    }
  ]
}