{
  "min_xy_distance_from_pick": 0.05,
  "place_query": "green cube",
  "place_target_source": "predicted_place_object",
  "selected": {
    "metadata": {
      "num_candidates": 1,
      "num_close_to_pick_rejected": 0,
      "num_eligible_candidates": 1,
      "num_invalid_candidates": 0,
      "place_pick_xy_distance": 0.23920735716819763,
      "place_query": "green cube",
      "place_target_z": 0.02,
      "raw_semantic_world_xyz": [
        0.07370421290397644,
        0.13429686427116394,
        0.00392875075340271
      ],
      "selected_candidate_index": 0,
      "selected_clip_score": 0.0,
      "selected_depth_valid_ratio": 0.8888888888888888,
      "selected_det_score": 0.7015477418899536,
      "selected_fused_2d_score": 0.7015477418899536,
      "selected_grasp_world_xyz": [
        0.07370421290397644,
        0.13359375298023224,
        0.0036310553550720215
      ],
      "selected_num_points": 64,
      "selected_phrase": "green cube",
      "selected_world_xyz": [
        0.07370421290397644,
        0.13359375298023224,
        0.019999999552965164
      ],
      "selection_reason": "first_ranked_candidate_far_from_pick"
    },
    "place_xyz": [
      0.07370421290397644,
      0.13359375298023224,
      0.019999999552965164
    ],
    "source": "predicted_place_object"
  }
}