{
  "candidates_3d": [
    {
      "box_area": 72,
      "box_xyxy": [
        76.54218292236328,
        71.53923034667969,
        83.3083724975586,
        79.3619384765625
      ],
      "camera_xyz": [
        0.15799999237060547,
        0.11335156857967377,
        0.6499999761581421
      ],
      "depth_valid_ratio": 0.8888888888888888,
      "grasp_camera_xyz": [
        0.14284375309944153,
        0.13264063000679016,
        0.652999997138977
      ],
      "grasp_metadata": {
        "applied": true,
        "component_count": 1,
        "component_fallback_reason": null,
        "component_radius": 0.03,
        "component_selection_strategy": "largest_component_then_low_spread",
        "component_sizes": [
          21
        ],
        "elevated_point_count": 21,
        "elevated_z_offset": 0.015,
        "fallback_reason": null,
        "local_support_point_count": 19,
        "local_support_radius": 0.04,
        "local_support_z_margin": 0.012,
        "min_elevated_points": 12,
        "min_points": 20,
        "num_workspace_points": 61,
        "reason": "component_elevated_xy_with_local_support_z",
        "selected_component_size": 21,
        "selected_component_spread": 0.024292970076203346,
        "selected_component_xy": [
          -0.01783311367034912,
          0.15674999356269836
        ],
        "strategy": "workspace_elevated_xy_low_z",
        "support_z": 0.0036115050315856934,
        "support_z_percentile": 10.0,
        "workspace_bounds": {
          "abs_x_max": 0.2,
          "abs_y_max": 0.2,
          "z_max": 0.08,
          "z_min": -0.02
        }
      },
      "grasp_num_points": 21,
      "grasp_world_xyz": [
        -0.01783311367034912,
        0.15674999356269836,
        0.003728628158569336
      ],
      "metadata": {
        "box_bounds_xyxy_exclusive": [
          76,
          71,
          84,
          80
        ],
        "box_center_world_xyz": [
          -0.007532969117164612,
          0.15674999356269836,
          0.04307466000318527
        ],
        "camera_frame_conversion": "opencv_to_opengl",
        "center_strategy": "median",
        "extrinsics_source": "sensor_param.base_camera.cam2world_gl",
        "intrinsics_source": "provided"
      },
      "num_points": 64,
      "point_cloud_path": null,
      "segmentation_id": null,
      "world_xyz": [
        -0.016383633017539978,
        0.15799999237060547,
        0.0038847923278808594
      ]
    }
  ]
}