{
  "candidates_3d": [
    {
      "box_area": 56,
      "box_xyxy": [
        68.58660888671875,
        68.5158920288086,
        74.15255737304688,
        75.45796966552734
      ],
      "camera_xyz": [
        0.07251562178134918,
        0.06804686784744263,
        0.6690000295639038
      ],
      "depth_valid_ratio": 0.7857142857142857,
      "grasp_camera_xyz": [
        0.0821249932050705,
        0.08387500047683716,
        0.6710000038146973
      ],
      "grasp_metadata": {
        "applied": true,
        "component_count": 1,
        "component_fallback_reason": "too_few_elevated_points",
        "component_radius": 0.03,
        "component_selection_strategy": "largest_workspace_component_then_low_spread",
        "component_sizes": [
          32
        ],
        "elevated_point_count": 11,
        "elevated_z_offset": 0.015,
        "fallback_reason": "too_few_elevated_points",
        "local_support_point_count": 0,
        "local_support_radius": 0.04,
        "local_support_z_margin": 0.012,
        "min_elevated_points": 12,
        "min_points": 20,
        "num_workspace_points": 32,
        "reason": "workspace_filter_passed",
        "selected_component_size": 32,
        "selected_component_spread": 0.07067970931529999,
        "selected_component_xy": [
          -0.0473816841840744,
          0.0821249932050705
        ],
        "strategy": "workspace_elevated_xy_low_z",
        "support_z": 0.00392383337020874,
        "support_z_percentile": 10.0,
        "workspace_bounds": {
          "abs_x_max": 0.2,
          "abs_y_max": 0.2,
          "z_max": 0.08,
          "z_min": -0.02
        }
      },
      "grasp_num_points": 32,
      "grasp_world_xyz": [
        -0.0473816841840744,
        0.0821249932050705,
        0.004294753074645996
      ],
      "metadata": {
        "box_bounds_xyxy_exclusive": [
          68,
          68,
          75,
          76
        ],
        "box_center_world_xyz": [
          -0.04155202955007553,
          0.07087500393390656,
          0.043396759778261185
        ],
        "camera_frame_conversion": "opencv_to_opengl",
        "center_strategy": "median",
        "extrinsics_source": "sensor_param.base_camera.cam2world_gl",
        "intrinsics_source": "provided"
      },
      "num_points": 44,
      "point_cloud_path": null,
      "segmentation_id": null,
      "world_xyz": [
        -0.038556650280952454,
        0.07251562178134918,
        0.02925330400466919
      ]
    }
  ]
}