{
  "min_xy_distance_from_pick": 0.05,
  "place_query": "green cube",
  "place_target_source": "predicted_place_object",
  "selected": {
    "metadata": {
      "num_candidates": 1,
      "num_close_to_pick_rejected": 0,
      "num_eligible_candidates": 1,
      "num_invalid_candidates": 0,
      "place_pick_xy_distance": 0.23233608901500702,
      "place_query": "green cube",
      "place_target_z": 0.02,
      "raw_semantic_world_xyz": [
        -0.038556650280952454,
        0.07251562178134918,
        0.02925330400466919
      ],
      "selected_candidate_index": 0,
      "selected_clip_score": 0.0,
      "selected_depth_valid_ratio": 0.7857142857142857,
      "selected_det_score": 0.6471236348152161,
      "selected_fused_2d_score": 0.6471236348152161,
      "selected_grasp_world_xyz": [
        -0.0473816841840744,
        0.0821249932050705,
        0.004294753074645996
      ],
      "selected_num_points": 44,
      "selected_phrase": "green cube",
      "selected_world_xyz": [
        -0.0473816841840744,
        0.0821249932050705,
        0.019999999552965164
      ],
      "selection_reason": "first_ranked_candidate_far_from_pick"
    },
    "place_xyz": [
      -0.0473816841840744,
      0.0821249932050705,
      0.019999999552965164
    ],
    "source": "predicted_place_object"
  }
}