{
  "candidates_3d": [
    {
      "box_area": 56,
      "box_xyxy": [
        68.6139907836914,
        69.59122467041016,
        74.34270477294922,
        76.2999038696289
      ],
      "camera_xyz": [
        0.07207812368869781,
        0.08118750154972076,
        0.6629999876022339
      ],
      "depth_valid_ratio": 1.0,
      "grasp_camera_xyz": [
        0.0728437528014183,
        0.11446875333786011,
        0.6660000085830688
      ],
      "grasp_metadata": {
        "applied": true,
        "component_count": 1,
        "component_fallback_reason": null,
        "component_radius": 0.03,
        "component_selection_strategy": "largest_component_then_low_spread",
        "component_sizes": [
          20
        ],
        "elevated_point_count": 20,
        "elevated_z_offset": 0.015,
        "fallback_reason": null,
        "local_support_point_count": 16,
        "local_support_radius": 0.04,
        "local_support_z_margin": 0.012,
        "min_elevated_points": 12,
        "min_points": 20,
        "num_workspace_points": 48,
        "reason": "component_elevated_xy_with_local_support_z",
        "selected_component_size": 20,
        "selected_component_spread": 0.024119341745972633,
        "selected_component_xy": [
          -0.04155200719833374,
          0.07131250202655792
        ],
        "strategy": "workspace_elevated_xy_low_z",
        "support_z": 0.003728628158569336,
        "support_z_percentile": 10.0,
        "workspace_bounds": {
          "abs_x_max": 0.2,
          "abs_y_max": 0.2,
          "z_max": 0.08,
          "z_min": -0.02
        }
      },
      "grasp_num_points": 20,
      "grasp_world_xyz": [
        -0.04155200719833374,
        0.07131250202655792,
        0.003992140293121338
      ],
      "metadata": {
        "box_bounds_xyxy_exclusive": [
          68,
          69,
          75,
          77
        ],
        "box_center_world_xyz": [
          -0.030041508376598358,
          0.07010937482118607,
          0.043152764439582825
        ],
        "camera_frame_conversion": "opencv_to_opengl",
        "center_strategy": "median",
        "extrinsics_source": "sensor_param.base_camera.cam2world_gl",
        "intrinsics_source": "provided"
      },
      "num_points": 56,
      "point_cloud_path": null,
      "segmentation_id": null,
      "world_xyz": [
        -0.030041515827178955,
        0.07207812368869781,
        0.019326478242874146
      ]
    }
  ]
}