{
  "candidates_3d": [
    {
      "box_area": 64,
      "box_xyxy": [
        78.60962677001953,
        79.34613800048828,
        85.0997543334961,
        86.32975006103516
      ],
      "camera_xyz": [
        0.16281235218048096,
        0.1732548475265503,
        0.596515417098999
      ],
      "depth_valid_ratio": 1.0,
      "grasp_camera_xyz": [
        0.15115632116794586,
        0.19839267432689667,
        0.6046252846717834
      ],
      "grasp_metadata": {
        "applied": true,
        "component_count": 1,
        "component_fallback_reason": null,
        "component_radius": 0.03,
        "component_selection_strategy": "largest_component_then_low_spread",
        "component_sizes": [
          33
        ],
        "elevated_point_count": 33,
        "elevated_z_offset": 0.015,
        "fallback_reason": null,
        "local_support_point_count": 12,
        "local_support_radius": 0.04,
        "local_support_z_margin": 0.012,
        "min_elevated_points": 12,
        "min_points": 20,
        "num_workspace_points": 56,
        "reason": "component_elevated_xy_with_local_support_z",
        "selected_component_size": 33,
        "selected_component_spread": 0.02995755337178707,
        "selected_component_xy": [
          0.06663459539413452,
          0.1575821489095688
        ],
        "strategy": "workspace_elevated_xy_low_z",
        "support_z": -0.0003547966480255127,
        "support_z_percentile": 10.0,
        "workspace_bounds": {
          "abs_x_max": 0.2,
          "abs_y_max": 0.2,
          "z_max": 0.08,
          "z_min": -0.02
        }
      },
      "grasp_num_points": 33,
      "grasp_world_xyz": [
        0.06663459539413452,
        0.1575821489095688,
        0.004051923751831055
      ],
      "metadata": {
        "box_bounds_xyxy_exclusive": [
          78,
          79,
          86,
          87
        ],
        "box_center_world_xyz": [
          0.06663459539413452,
          0.167060986161232,
          0.026008106768131256
        ],
        "camera_frame_conversion": "opencv_to_opengl",
        "center_strategy": "median",
        "extrinsics_source": "sensor_param.base_camera.cam2world_gl",
        "intrinsics_source": "provided"
      },
      "num_points": 64,
      "point_cloud_path": null,
      "segmentation_id": null,
      "world_xyz": [
        0.06274303048849106,
        0.16281235218048096,
        0.015309840440750122
      ]
    }
  ]
}