{
  "candidates_3d": [
    {
      "box_area": 80,
      "box_xyxy": [
        58.54429626464844,
        91.57603454589844,
        65.36311340332031,
        100.23249816894531
      ],
      "camera_xyz": [
        -0.020796213299036026,
        0.258822500705719,
        0.5287801623344421
      ],
      "depth_valid_ratio": 1.0,
      "grasp_camera_xyz": [
        -0.042495645582675934,
        0.28047123551368713,
        0.543944239616394
      ],
      "grasp_metadata": {
        "applied": true,
        "component_count": 1,
        "component_fallback_reason": null,
        "component_radius": 0.03,
        "component_selection_strategy": "largest_component_then_low_spread",
        "component_sizes": [
          33
        ],
        "elevated_point_count": 33,
        "elevated_z_offset": 0.015,
        "fallback_reason": null,
        "local_support_point_count": 24,
        "local_support_radius": 0.04,
        "local_support_z_margin": 0.012,
        "min_elevated_points": 12,
        "min_points": 20,
        "num_workspace_points": 72,
        "reason": "component_elevated_xy_with_local_support_z",
        "selected_component_size": 33,
        "selected_component_spread": 0.02433519810438156,
        "selected_component_xy": [
          0.17501947283744812,
          -0.0237791296094656
        ],
        "strategy": "workspace_elevated_xy_low_z",
        "support_z": -0.0019153476459905505,
        "support_z_percentile": 10.0,
        "workspace_bounds": {
          "abs_x_max": 0.2,
          "abs_y_max": 0.2,
          "z_max": 0.08,
          "z_min": -0.02
        }
      },
      "grasp_num_points": 33,
      "grasp_world_xyz": [
        0.17501947283744812,
        -0.0237791296094656,
        0.0010683834552764893
      ],
      "metadata": {
        "box_bounds_xyxy_exclusive": [
          58,
          91,
          66,
          101
        ],
        "box_center_world_xyz": [
          0.18117527663707733,
          -0.015851030126214027,
          0.045484691858291626
        ],
        "camera_frame_conversion": "opencv_to_opengl",
        "center_strategy": "median",
        "extrinsics_source": "sensor_param.base_camera.cam2world_gl",
        "intrinsics_source": "provided"
      },
      "num_points": 80,
      "point_cloud_path": null,
      "segmentation_id": null,
      "world_xyz": [
        0.17499618232250214,
        -0.020796213299036026,
        0.008330106735229492
      ]
    }
  ]
}