{
  "query": {
    "attributes": [
      "red"
    ],
    "normalized_prompt": "red cube",
    "raw_query": "red cube",
    "relations": [],
    "synonyms": [
      "cube",
      "block"
    ],
    "target_name": "cube"
  },
  "top_2d_candidate": {
    "box_xyxy": [
      51.61239242553711,
      67.73757934570312,
      57.367984771728516,
      74.24229431152344
    ],
    "clip_score": 0.0,
    "det_score": 0.5618228912353516,
    "fused_2d_score": 0.5618228912353516,
    "image_crop_path": null,
    "metadata": {
      "detector_metadata": {
        "model_id": "IDEA-Research/grounding-dino-tiny"
      },
      "detector_source": "transformers_groundingdino",
      "skip_clip": true
    },
    "phrase": "red cube",
    "rank": 0,
    "source": "detector_only"
  },
  "top_candidate_3d": {
    "box_area": 56,
    "box_xyxy": [
      51.61239242553711,
      67.73757934570312,
      57.367984771728516,
      74.24229431152344
    ],
    "camera_xyz": [
      -0.1029687449336052,
      0.07164062559604645,
      0.671999990940094
    ],
    "depth_valid_ratio": 0.9107142857142857,
    "grasp_camera_xyz": [
      -0.09632812440395355,
      0.09632812440395355,
      0.6850000023841858
    ],
    "grasp_metadata": {
      "applied": true,
      "component_count": 1,
      "component_fallback_reason": null,
      "component_radius": 0.03,
      "component_selection_strategy": "largest_component_then_low_spread",
      "component_sizes": [
        16
      ],
      "elevated_point_count": 16,
      "elevated_z_offset": 0.015,
      "fallback_reason": null,
      "local_support_point_count": 17,
      "local_support_radius": 0.04,
      "local_support_z_margin": 0.012,
      "min_elevated_points": 12,
      "min_points": 20,
      "num_workspace_points": 40,
      "reason": "component_elevated_xy_with_local_support_z",
      "selected_component_size": 16,
      "selected_component_spread": 0.023991011083126068,
      "selected_component_xy": [
        -0.06563693284988403,
        -0.1047656238079071
      ],
      "strategy": "workspace_elevated_xy_low_z",
      "support_z": 0.0035138726234436035,
      "support_z_percentile": 10.0,
      "workspace_bounds": {
        "abs_x_max": 0.2,
        "abs_y_max": 0.2,
        "z_max": 0.08,
        "z_min": -0.02
      }
    },
    "grasp_num_points": 16,
    "grasp_world_xyz": [
      -0.06563693284988403,
      -0.1047656238079071,
      0.0038847923278808594
    ],
    "metadata": {
      "box_bounds_xyxy_exclusive": [
        51,
        67,
        58,
        75
      ],
      "box_center_world_xyz": [
        -0.06186192110180855,
        -0.10484375059604645,
        0.03019028902053833
      ],
      "camera_frame_conversion": "opencv_to_opengl",
      "center_strategy": "median",
      "extrinsics_source": "sensor_param.base_camera.cam2world_gl",
      "intrinsics_source": "provided"
    },
    "num_points": 51,
    "point_cloud_path": null,
    "segmentation_id": null,
    "world_xyz": [
      -0.053211361169815063,
      -0.1029687449336052,
      0.022781848907470703
    ]
  }
}