{
  "query": {
    "attributes": [
      "red"
    ],
    "normalized_prompt": "red cube",
    "raw_query": "red cube",
    "relations": [],
    "synonyms": [
      "cube",
      "block"
    ],
    "target_name": "cube"
  },
  "top_2d_candidate": {
    "box_xyxy": [
      68.7444076538086,
      82.53006744384766,
      76.1967544555664,
      90.16866302490234
    ],
    "clip_score": 0.0,
    "det_score": 0.5305770039558411,
    "fused_2d_score": 0.5305770039558411,
    "image_crop_path": null,
    "metadata": {
      "detector_metadata": {
        "model_id": "IDEA-Research/grounding-dino-tiny"
      },
      "detector_source": "transformers_groundingdino",
      "skip_clip": true
    },
    "phrase": "red cube",
    "rank": 0,
    "source": "detector_only"
  },
  "top_candidate_3d": {
    "box_area": 81,
    "box_xyxy": [
      68.7444076538086,
      82.53006744384766,
      76.1967544555664,
      90.16866302490234
    ],
    "camera_xyz": [
      0.0716249942779541,
      0.195250004529953,
      0.5820000171661377
    ],
    "depth_valid_ratio": 0.8641975308641975,
    "grasp_camera_xyz": [
      0.05512499809265137,
      0.22049999237060547,
      0.5879999995231628
    ],
    "grasp_metadata": {
      "applied": true,
      "component_count": 1,
      "component_fallback_reason": null,
      "component_radius": 0.03,
      "component_selection_strategy": "largest_component_then_low_spread",
      "component_sizes": [
        22
      ],
      "elevated_point_count": 22,
      "elevated_z_offset": 0.015,
      "fallback_reason": null,
      "local_support_point_count": 24,
      "local_support_radius": 0.04,
      "local_support_z_margin": 0.012,
      "min_elevated_points": 12,
      "min_points": 20,
      "num_workspace_points": 70,
      "reason": "component_elevated_xy_with_local_support_z",
      "selected_component_size": 22,
      "selected_component_spread": 0.025124553591012955,
      "selected_component_xy": [
        0.09312222898006439,
        0.07093749940395355
      ],
      "strategy": "workspace_elevated_xy_low_z",
      "support_z": 0.003094148589298129,
      "support_z_percentile": 10.0,
      "workspace_bounds": {
        "abs_x_max": 0.2,
        "abs_y_max": 0.2,
        "z_max": 0.08,
        "z_min": -0.02
      }
    },
    "grasp_num_points": 22,
    "grasp_world_xyz": [
      0.09312222898006439,
      0.07093749940395355,
      0.0035138726234436035
    ],
    "metadata": {
      "box_bounds_xyxy_exclusive": [
        68,
        82,
        77,
        91
      ],
      "box_center_world_xyz": [
        0.10084429383277893,
        0.06987500190734863,
        0.04345531761646271
      ],
      "camera_frame_conversion": "opencv_to_opengl",
      "center_strategy": "median",
      "extrinsics_source": "sensor_param.base_camera.cam2world_gl",
      "intrinsics_source": "provided"
    },
    "num_points": 70,
    "point_cloud_path": null,
    "segmentation_id": null,
    "world_xyz": [
      0.09312222898006439,
      0.0716249942779541,
      0.0036115050315856934
    ]
  }
}