{
  "candidates_3d": [
    {
      "box_area": 72,
      "box_xyxy": [
        78.5926284790039,
        82.52154541015625,
        85.42212677001953,
        90.29093933105469
      ],
      "camera_xyz": [
        0.15590626001358032,
        0.1985156238079071,
        0.5770000219345093
      ],
      "depth_valid_ratio": 0.9166666666666666,
      "grasp_camera_xyz": [
        0.15459375083446503,
        0.22734375298023224,
        0.5820000171661377
      ],
      "grasp_metadata": {
        "applied": true,
        "component_count": 1,
        "component_fallback_reason": null,
        "component_radius": 0.03,
        "component_selection_strategy": "largest_component_then_low_spread",
        "component_sizes": [
          25
        ],
        "elevated_point_count": 25,
        "elevated_z_offset": 0.015,
        "fallback_reason": null,
        "local_support_point_count": 23,
        "local_support_radius": 0.04,
        "local_support_z_margin": 0.012,
        "min_elevated_points": 12,
        "min_points": 20,
        "num_workspace_points": 64,
        "reason": "component_elevated_xy_with_local_support_z",
        "selected_component_size": 25,
        "selected_component_spread": 0.02580036036670208,
        "selected_component_xy": [
          0.10084427893161774,
          0.15581250190734863
        ],
        "strategy": "workspace_elevated_xy_low_z",
        "support_z": 0.0030355690978467464,
        "support_z_percentile": 10.0,
        "workspace_bounds": {
          "abs_x_max": 0.2,
          "abs_y_max": 0.2,
          "z_max": 0.08,
          "z_min": -0.02
        }
      },
      "grasp_num_points": 25,
      "grasp_world_xyz": [
        0.10084427893161774,
        0.15581250190734863,
        0.0035138726234436035
      ],
      "metadata": {
        "box_bounds_xyxy_exclusive": [
          78,
          82,
          86,
          91
        ],
        "box_center_world_xyz": [
          0.10084429383277893,
          0.15721875429153442,
          0.04345531761646271
        ],
        "camera_frame_conversion": "opencv_to_opengl",
        "center_strategy": "median",
        "extrinsics_source": "sensor_param.base_camera.cam2world_gl",
        "intrinsics_source": "provided"
      },
      "num_points": 66,
      "point_cloud_path": null,
      "segmentation_id": null,
      "world_xyz": [
        0.09596630930900574,
        0.15590626001358032,
        0.003777444362640381
      ]
    }
  ]
}