{
  "query": {
    "attributes": [
      "red"
    ],
    "normalized_prompt": "red cube",
    "raw_query": "red cube",
    "relations": [],
    "synonyms": [
      "cube",
      "block"
    ],
    "target_name": "cube"
  },
  "top_2d_candidate": {
    "box_xyxy": [
      59.59927749633789,
      72.54005432128906,
      66.3176498413086,
      80.24787902832031
    ],
    "clip_score": 0.0,
    "det_score": 0.6010791063308716,
    "fused_2d_score": 0.6010791063308716,
    "image_crop_path": null,
    "metadata": {
      "detector_metadata": {
        "model_id": "IDEA-Research/grounding-dino-tiny"
      },
      "detector_source": "transformers_groundingdino",
      "skip_clip": true
    },
    "phrase": "red cube",
    "rank": 0,
    "source": "detector_only"
  },
  "top_candidate_3d": {
    "box_area": 72,
    "box_xyxy": [
      59.59927749633789,
      72.54005432128906,
      66.3176498413086,
      80.24787902832031
    ],
    "camera_xyz": [
      -0.014999999664723873,
      0.12449999153614044,
      0.6430000066757202
    ],
    "depth_valid_ratio": 0.8888888888888888,
    "grasp_camera_xyz": [
      0.0,
      0.15070313215255737,
      0.6430000066757202
    ],
    "grasp_metadata": {
      "applied": true,
      "component_count": 1,
      "component_fallback_reason": null,
      "component_radius": 0.03,
      "component_selection_strategy": "largest_component_then_low_spread",
      "component_sizes": [
        20
      ],
      "elevated_point_count": 20,
      "elevated_z_offset": 0.015,
      "fallback_reason": null,
      "local_support_point_count": 20,
      "local_support_radius": 0.04,
      "local_support_z_margin": 0.012,
      "min_elevated_points": 12,
      "min_points": 20,
      "num_workspace_points": 64,
      "reason": "component_elevated_xy_with_local_support_z",
      "selected_component_size": 20,
      "selected_component_spread": 0.023799655959010124,
      "selected_component_xy": [
        0.0034650564193725586,
        -0.009843749925494194
      ],
      "strategy": "workspace_elevated_xy_low_z",
      "support_z": 0.0036115050315856934,
      "support_z_percentile": 10.0,
      "workspace_bounds": {
        "abs_x_max": 0.2,
        "abs_y_max": 0.2,
        "z_max": 0.08,
        "z_min": -0.02
      }
    },
    "grasp_num_points": 20,
    "grasp_world_xyz": [
      0.0034650564193725586,
      -0.009843749925494194,
      0.0037578940391540527
    ],
    "metadata": {
      "box_bounds_xyxy_exclusive": [
        59,
        72,
        67,
        81
      ],
      "box_center_world_xyz": [
        0.0034650564193725586,
        -0.009687500074505806,
        0.043240584433078766
      ],
      "camera_frame_conversion": "opencv_to_opengl",
      "center_strategy": "median",
      "extrinsics_source": "sensor_param.base_camera.cam2world_gl",
      "intrinsics_source": "provided"
    },
    "num_points": 64,
    "point_cloud_path": null,
    "segmentation_id": null,
    "world_xyz": [
      -0.0010786205530166626,
      -0.014999999664723873,
      0.004041016101837158
    ]
  }
}