{
  "query": {
    "attributes": [
      "red"
    ],
    "normalized_prompt": "red cube",
    "raw_query": "red cube",
    "relations": [],
    "synonyms": [
      "cube",
      "block"
    ],
    "target_name": "cube"
  },
  "top_2d_candidate": {
    "box_xyxy": [
      52.72216033935547,
      72.52000427246094,
      59.298492431640625,
      79.26776123046875
    ],
    "clip_score": 0.0,
    "det_score": 0.6763779520988464,
    "fused_2d_score": 0.6763779520988464,
    "image_crop_path": null,
    "metadata": {
      "detector_metadata": {
        "model_id": "IDEA-Research/grounding-dino-tiny"
      },
      "detector_source": "transformers_groundingdino",
      "skip_clip": true
    },
    "phrase": "red cube",
    "rank": 0,
    "source": "detector_only"
  },
  "top_candidate_3d": {
    "box_area": 64,
    "box_xyxy": [
      52.72216033935547,
      72.52000427246094,
      59.298492431640625,
      79.26776123046875
    ],
    "camera_xyz": [
      -0.08343750238418579,
      0.11532812565565109,
      0.6499999761581421
    ],
    "depth_valid_ratio": 0.90625,
    "grasp_camera_xyz": [
      -0.07109374552965164,
      0.14218749105930328,
      0.6499999761581421
    ],
    "grasp_metadata": {
      "applied": true,
      "component_count": 1,
      "component_fallback_reason": null,
      "component_radius": 0.03,
      "component_selection_strategy": "largest_component_then_low_spread",
      "component_sizes": [
        19
      ],
      "elevated_point_count": 19,
      "elevated_z_offset": 0.015,
      "fallback_reason": null,
      "local_support_point_count": 18,
      "local_support_radius": 0.04,
      "local_support_z_margin": 0.012,
      "min_elevated_points": 12,
      "min_points": 20,
      "num_workspace_points": 58,
      "reason": "component_elevated_xy_with_local_support_z",
      "selected_component_size": 19,
      "selected_component_spread": 0.024159885942935944,
      "selected_component_xy": [
        -0.007532984018325806,
        -0.07912500202655792
      ],
      "strategy": "workspace_elevated_xy_low_z",
      "support_z": 0.0036017298698425293,
      "support_z_percentile": 10.0,
      "workspace_bounds": {
        "abs_x_max": 0.2,
        "abs_y_max": 0.2,
        "z_max": 0.08,
        "z_min": -0.02
      }
    },
    "grasp_num_points": 19,
    "grasp_world_xyz": [
      -0.007532984018325806,
      -0.07912500202655792,
      0.0037578940391540527
    ],
    "metadata": {
      "box_bounds_xyxy_exclusive": [
        52,
        72,
        60,
        80
      ],
      "box_center_world_xyz": [
        0.0034650564193725586,
        -0.07750000059604645,
        0.043240584433078766
      ],
      "camera_frame_conversion": "opencv_to_opengl",
      "center_strategy": "median",
      "extrinsics_source": "sensor_param.base_camera.cam2world_gl",
      "intrinsics_source": "provided"
    },
    "num_points": 58,
    "point_cloud_path": null,
    "segmentation_id": null,
    "world_xyz": [
      -0.007532984018325806,
      -0.08343750238418579,
      0.003992140293121338
    ]
  }
}