{
  "query": {
    "attributes": [
      "red"
    ],
    "normalized_prompt": "red cube",
    "raw_query": "red cube",
    "relations": [],
    "synonyms": [
      "cube",
      "block"
    ],
    "target_name": "cube"
  },
  "top_2d_candidate": {
    "box_xyxy": [
      48.576053619384766,
      75.41551971435547,
      54.3060417175293,
      82.0076675415039
    ],
    "clip_score": 0.0,
    "det_score": 0.6404330730438232,
    "fused_2d_score": 0.6404330730438232,
    "image_crop_path": null,
    "metadata": {
      "detector_metadata": {
        "model_id": "IDEA-Research/grounding-dino-tiny"
      },
      "detector_source": "transformers_groundingdino",
      "skip_clip": true
    },
    "phrase": "red cube",
    "rank": 0,
    "source": "detector_only"
  },
  "top_candidate_3d": {
    "box_area": 56,
    "box_xyxy": [
      48.576053619384766,
      75.41551971435547,
      54.3060417175293,
      82.0076675415039
    ],
    "camera_xyz": [
      -0.12581250071525574,
      0.140625,
      0.6240000128746033
    ],
    "depth_valid_ratio": 0.8035714285714286,
    "grasp_camera_xyz": [
      -0.11812499910593033,
      0.16734375059604645,
      0.6299999952316284
    ],
    "grasp_metadata": {
      "applied": true,
      "component_count": 1,
      "component_fallback_reason": null,
      "component_radius": 0.03,
      "component_selection_strategy": "largest_component_then_low_spread",
      "component_sizes": [
        21
      ],
      "elevated_point_count": 21,
      "elevated_z_offset": 0.015,
      "fallback_reason": null,
      "local_support_point_count": 14,
      "local_support_radius": 0.04,
      "local_support_z_margin": 0.012,
      "min_elevated_points": 12,
      "min_points": 20,
      "num_workspace_points": 45,
      "reason": "component_elevated_xy_with_local_support_z",
      "selected_component_size": 21,
      "selected_component_spread": 0.024074500426650047,
      "selected_component_xy": [
        0.024494856595993042,
        -0.12390625476837158
      ],
      "strategy": "workspace_elevated_xy_low_z",
      "support_z": 0.003103911876678467,
      "support_z_percentile": 10.0,
      "workspace_bounds": {
        "abs_x_max": 0.2,
        "abs_y_max": 0.2,
        "z_max": 0.08,
        "z_min": -0.02
      }
    },
    "grasp_num_points": 21,
    "grasp_world_xyz": [
      0.024494856595993042,
      -0.12390625476837158,
      0.0035138726234436035
    ],
    "metadata": {
      "box_bounds_xyxy_exclusive": [
        48,
        75,
        55,
        83
      ],
      "box_center_world_xyz": [
        0.03499263525009155,
        -0.12187500298023224,
        0.043631017208099365
      ],
      "camera_frame_conversion": "opencv_to_opengl",
      "center_strategy": "median",
      "extrinsics_source": "sensor_param.base_camera.cam2world_gl",
      "intrinsics_source": "provided"
    },
    "num_points": 45,
    "point_cloud_path": null,
    "segmentation_id": null,
    "world_xyz": [
      0.024494856595993042,
      -0.12581250071525574,
      0.004041016101837158
    ]
  }
}