{
  "query": {
    "attributes": [
      "red"
    ],
    "normalized_prompt": "red cube",
    "raw_query": "red cube",
    "relations": [],
    "synonyms": [
      "cube",
      "block"
    ],
    "target_name": "cube"
  },
  "top_2d_candidate": {
    "box_xyxy": [
      54.69606018066406,
      74.60712432861328,
      60.36424255371094,
      80.19019317626953
    ],
    "clip_score": 0.0,
    "det_score": 0.7424392104148865,
    "fused_2d_score": 0.7424392104148865,
    "image_crop_path": null,
    "metadata": {
      "detector_metadata": {
        "model_id": "IDEA-Research/grounding-dino-tiny"
      },
      "detector_source": "transformers_groundingdino",
      "skip_clip": true
    },
    "phrase": "red cube",
    "rank": 0,
    "source": "detector_only"
  },
  "top_candidate_3d": {
    "box_area": 49,
    "box_xyxy": [
      54.69606018066406,
      74.60712432861328,
      60.36424255371094,
      80.19019317626953
    ],
    "camera_xyz": [
      -0.06857812404632568,
      0.12451562285423279,
      0.6359999775886536
    ],
    "depth_valid_ratio": 0.9183673469387755,
    "grasp_camera_xyz": [
      -0.06956249475479126,
      0.1589999943971634,
      0.6359999775886536
    ],
    "grasp_metadata": {
      "applied": true,
      "component_count": 1,
      "component_fallback_reason": null,
      "component_radius": 0.03,
      "component_selection_strategy": "largest_component_then_low_spread",
      "component_sizes": [
        19
      ],
      "elevated_point_count": 19,
      "elevated_z_offset": 0.015,
      "fallback_reason": null,
      "local_support_point_count": 12,
      "local_support_radius": 0.04,
      "local_support_z_margin": 0.012,
      "min_elevated_points": 12,
      "min_points": 20,
      "num_workspace_points": 45,
      "reason": "component_elevated_xy_with_local_support_z",
      "selected_component_size": 19,
      "selected_component_spread": 0.023588426411151886,
      "selected_component_xy": [
        0.014292299747467041,
        -0.0670468732714653
      ],
      "strategy": "workspace_elevated_xy_low_z",
      "support_z": 0.0035138726234436035,
      "support_z_percentile": 10.0,
      "workspace_bounds": {
        "abs_x_max": 0.2,
        "abs_y_max": 0.2,
        "z_max": 0.08,
        "z_min": -0.02
      }
    },
    "grasp_num_points": 19,
    "grasp_world_xyz": [
      0.014292299747467041,
      -0.0670468732714653,
      0.0038994550704956055
    ],
    "metadata": {
      "box_bounds_xyxy_exclusive": [
        54,
        74,
        61,
        81
      ],
      "box_center_world_xyz": [
        0.014292314648628235,
        -0.0670468732714653,
        0.043543197214603424
      ],
      "camera_frame_conversion": "opencv_to_opengl",
      "center_strategy": "median",
      "extrinsics_source": "sensor_param.base_camera.cam2world_gl",
      "intrinsics_source": "provided"
    },
    "num_points": 45,
    "point_cloud_path": null,
    "segmentation_id": null,
    "world_xyz": [
      0.004978001117706299,
      -0.06857812404632568,
      0.004041016101837158
    ]
  }
}