{
  "candidates_3d": [
    {
      "box_area": 56,
      "box_xyxy": [
        63.54458236694336,
        83.57310485839844,
        69.3627700805664,
        90.28462219238281
      ],
      "camera_xyz": [
        0.017618481069803238,
        0.1995069831609726,
        0.5747498273849487
      ],
      "depth_valid_ratio": 1.0,
      "grasp_camera_xyz": [
        0.0,
        0.2199205756187439,
        0.5864548683166504
      ],
      "grasp_metadata": {
        "applied": true,
        "component_count": 1,
        "component_fallback_reason": null,
        "component_radius": 0.03,
        "component_selection_strategy": "largest_component_then_low_spread",
        "component_sizes": [
          30
        ],
        "elevated_point_count": 30,
        "elevated_z_offset": 0.015,
        "fallback_reason": null,
        "local_support_point_count": 17,
        "local_support_radius": 0.04,
        "local_support_z_margin": 0.012,
        "min_elevated_points": 12,
        "min_points": 20,
        "num_workspace_points": 56,
        "reason": "component_elevated_xy_with_local_support_z",
        "selected_component_size": 30,
        "selected_component_spread": 0.02515990659594536,
        "selected_component_xy": [
          0.10188805311918259,
          0.017486125230789185
        ],
        "strategy": "workspace_elevated_xy_low_z",
        "support_z": -0.00019684433937072754,
        "support_z_percentile": 10.0,
        "workspace_bounds": {
          "abs_x_max": 0.2,
          "abs_y_max": 0.2,
          "z_max": 0.08,
          "z_min": -0.02
        }
      },
      "grasp_num_points": 30,
      "grasp_world_xyz": [
        0.10188805311918259,
        0.017486125230789185,
        0.004225432872772217
      ],
      "metadata": {
        "box_bounds_xyxy_exclusive": [
          63,
          83,
          70,
          91
        ],
        "box_center_world_xyz": [
          0.10857389867305756,
          0.017386170104146004,
          0.04065573960542679
        ],
        "camera_frame_conversion": "opencv_to_opengl",
        "center_strategy": "median",
        "extrinsics_source": "sensor_param.base_camera.cam2world_gl",
        "intrinsics_source": "provided"
      },
      "num_points": 56,
      "point_cloud_path": null,
      "segmentation_id": null,
      "world_xyz": [
        0.10267185419797897,
        0.017618481069803238,
        0.019948810338974
      ]
    }
  ]
}