{
  "query": {
    "attributes": [
      "red"
    ],
    "normalized_prompt": "red cube",
    "raw_query": "red cube",
    "relations": [],
    "synonyms": [
      "cube",
      "block"
    ],
    "target_name": "cube"
  },
  "top_2d_candidate": {
    "box_xyxy": [
      70.5444564819336,
      68.59011840820312,
      75.31978607177734,
      73.16033935546875
    ],
    "clip_score": 0.0,
    "det_score": 0.5201334357261658,
    "fused_2d_score": 0.5201334357261658,
    "image_crop_path": null,
    "metadata": {
      "detector_metadata": {
        "model_id": "IDEA-Research/grounding-dino-tiny"
      },
      "detector_source": "transformers_groundingdino",
      "skip_clip": true
    },
    "phrase": "red cube",
    "rank": 0,
    "source": "detector_only"
  },
  "top_candidate_3d": {
    "box_area": 36,
    "box_xyxy": [
      70.5444564819336,
      68.59011840820312,
      75.31978607177734,
      73.16033935546875
    ],
    "camera_xyz": [
      0.08318749815225601,
      0.07251562178134918,
      0.675000011920929
    ],
    "depth_valid_ratio": 0.8055555555555556,
    "grasp_camera_xyz": [
      0.08949218690395355,
      0.07596093416213989,
      0.6859999895095825
    ],
    "grasp_metadata": {
      "applied": true,
      "component_count": 1,
      "component_fallback_reason": "too_few_elevated_points",
      "component_radius": 0.03,
      "component_selection_strategy": "largest_workspace_component_then_low_spread",
      "component_sizes": [
        22
      ],
      "elevated_point_count": 9,
      "elevated_z_offset": 0.015,
      "fallback_reason": "too_few_elevated_points",
      "local_support_point_count": 0,
      "local_support_radius": 0.04,
      "local_support_z_margin": 0.012,
      "min_elevated_points": 12,
      "min_points": 20,
      "num_workspace_points": 22,
      "reason": "workspace_filter_passed",
      "selected_component_size": 22,
      "selected_component_spread": 0.02962169051170349,
      "selected_component_xy": [
        -0.06571745872497559,
        0.08949218690395355
      ],
      "strategy": "workspace_elevated_xy_low_z",
      "support_z": 0.0038847923278808594,
      "support_z_percentile": 10.0,
      "workspace_bounds": {
        "abs_x_max": 0.2,
        "abs_y_max": 0.2,
        "z_max": 0.08,
        "z_min": -0.02
      }
    },
    "grasp_num_points": 22,
    "grasp_world_xyz": [
      -0.06571745872497559,
      0.08949218690395355,
      0.010326981544494629
    ],
    "metadata": {
      "box_bounds_xyxy_exclusive": [
        70,
        68,
        76,
        74
      ],
      "box_center_world_xyz": [
        -0.0640190988779068,
        0.09492187947034836,
        0.026793524622917175
      ],
      "camera_frame_conversion": "opencv_to_opengl",
      "center_strategy": "median",
      "extrinsics_source": "sensor_param.base_camera.cam2world_gl",
      "intrinsics_source": "provided"
    },
    "num_points": 29,
    "point_cloud_path": null,
    "segmentation_id": null,
    "world_xyz": [
      -0.06474381685256958,
      0.08318749815225601,
      0.02679353952407837
    ]
  }
}