{
  "query": {
    "attributes": [
      "red"
    ],
    "normalized_prompt": "red cube",
    "raw_query": "red cube",
    "relations": [],
    "synonyms": [
      "cube",
      "block"
    ],
    "target_name": "cube"
  },
  "top_2d_candidate": {
    "box_xyxy": [
      62.579959869384766,
      74.5816879272461,
      67.36366271972656,
      81.22855377197266
    ],
    "clip_score": 0.0,
    "det_score": 0.7147717475891113,
    "fused_2d_score": 0.7147717475891113,
    "image_crop_path": null,
    "metadata": {
      "detector_metadata": {
        "model_id": "IDEA-Research/grounding-dino-tiny"
      },
      "detector_source": "transformers_groundingdino",
      "skip_clip": true
    },
    "phrase": "red cube",
    "rank": 0,
    "source": "detector_only"
  },
  "top_candidate_3d": {
    "box_area": 48,
    "box_xyxy": [
      62.579959869384766,
      74.5816879272461,
      67.36366271972656,
      81.22855377197266
    ],
    "camera_xyz": [
      0.0048047020100057125,
      0.13194599747657776,
      0.6326601505279541
    ],
    "depth_valid_ratio": 1.0,
    "grasp_camera_xyz": [
      0.010104457847774029,
      0.17177578806877136,
      0.6466853022575378
    ],
    "grasp_metadata": {
      "applied": true,
      "component_count": 1,
      "component_fallback_reason": null,
      "component_radius": 0.03,
      "component_selection_strategy": "largest_component_then_low_spread",
      "component_sizes": [
        27
      ],
      "elevated_point_count": 27,
      "elevated_z_offset": 0.015,
      "fallback_reason": null,
      "local_support_point_count": 9,
      "local_support_radius": 0.04,
      "local_support_z_margin": 0.012,
      "min_elevated_points": 12,
      "min_points": 20,
      "num_workspace_points": 47,
      "reason": "component_elevated_xy_with_local_support_z",
      "selected_component_size": 27,
      "selected_component_spread": 0.029192646965384483,
      "selected_component_xy": [
        0.010480105876922607,
        0.00961466133594513
      ],
      "strategy": "workspace_elevated_xy_low_z",
      "support_z": -0.00463523855432868,
      "support_z_percentile": 10.0,
      "workspace_bounds": {
        "abs_x_max": 0.2,
        "abs_y_max": 0.2,
        "z_max": 0.08,
        "z_min": -0.02
      }
    },
    "grasp_num_points": 27,
    "grasp_world_xyz": [
      0.010480105876922607,
      0.00961466133594513,
      -0.0034478306770324707
    ],
    "metadata": {
      "box_bounds_xyxy_exclusive": [
        62,
        74,
        68,
        82
      ],
      "box_center_world_xyz": [
        0.020862959325313568,
        0.009609404020011425,
        0.0357230007648468
      ],
      "camera_frame_conversion": "opencv_to_opengl",
      "center_strategy": "median",
      "extrinsics_source": "sensor_param.base_camera.cam2world_gl",
      "intrinsics_source": "provided"
    },
    "num_points": 48,
    "point_cloud_path": null,
    "segmentation_id": null,
    "world_xyz": [
      0.009904071688652039,
      0.0048047020100057125,
      0.013112843036651611
    ]
  }
}