{
  "candidates_3d": [
    {
      "box_area": 2730,
      "box_xyxy": [
        51.59483337402344,
        0.0,
        85.06022644042969,
        77.39871215820312
      ],
      "camera_xyz": [
        0.02355457842350006,
        -0.15377914905548096,
        0.6514788866043091
      ],
      "depth_valid_ratio": 1.0,
      "grasp_camera_xyz": [
        0.12093039602041245,
        0.06596203148365021,
        0.7035950422286987
      ],
      "grasp_metadata": {
        "applied": true,
        "component_count": 3,
        "component_fallback_reason": null,
        "component_radius": 0.03,
        "component_selection_strategy": "largest_component_then_low_spread",
        "component_sizes": [
          89,
          34,
          2
        ],
        "elevated_point_count": 125,
        "elevated_z_offset": 0.015,
        "fallback_reason": null,
        "local_support_point_count": 17,
        "local_support_radius": 0.04,
        "local_support_z_margin": 0.012,
        "min_elevated_points": 12,
        "min_points": 20,
        "num_workspace_points": 337,
        "reason": "component_elevated_xy_with_local_support_z",
        "selected_component_size": 89,
        "selected_component_spread": 0.10611467808485031,
        "selected_component_xy": [
          -0.08576968312263489,
          0.12093039602041245
        ],
        "strategy": "workspace_elevated_xy_low_z",
        "support_z": -0.00682670995593071,
        "support_z_percentile": 10.0,
        "workspace_bounds": {
          "abs_x_max": 0.2,
          "abs_y_max": 0.2,
          "z_max": 0.08,
          "z_min": -0.02
        }
      },
      "grasp_num_points": 89,
      "grasp_world_xyz": [
        -0.08576968312263489,
        0.12093039602041245,
        0.00038486719131469727
      ],
      "metadata": {
        "box_bounds_xyxy_exclusive": [
          51,
          0,
          86,
          78
        ],
        "box_center_world_xyz": [
          0.05321779102087021,
          0.016589786857366562,
          0.4575011134147644
        ],
        "camera_frame_conversion": "opencv_to_opengl",
        "center_strategy": "median",
        "extrinsics_source": "sensor_param.base_camera.cam2world_gl",
        "intrinsics_source": "provided"
      },
      "num_points": 2730,
      "point_cloud_path": null,
      "segmentation_id": null,
      "world_xyz": [
        -0.13707572221755981,
        0.02355457842350006,
        0.33613207936286926
      ]
    }
  ]
}