{
  "candidates_3d": [
    {
      "box_area": 64,
      "box_xyxy": [
        74.71296691894531,
        65.50926208496094,
        81.3804931640625,
        72.39456176757812
      ],
      "camera_xyz": [
        0.147068589925766,
        0.04909873753786087,
        0.7017683982849121
      ],
      "depth_valid_ratio": 1.0,
      "grasp_camera_xyz": [
        0.142375648021698,
        0.07666380703449249,
        0.7009262442588806
      ],
      "grasp_metadata": {
        "applied": true,
        "component_count": 1,
        "component_fallback_reason": null,
        "component_radius": 0.03,
        "component_selection_strategy": "largest_component_then_low_spread",
        "component_sizes": [
          19
        ],
        "elevated_point_count": 19,
        "elevated_z_offset": 0.015,
        "fallback_reason": null,
        "local_support_point_count": 18,
        "local_support_radius": 0.04,
        "local_support_z_margin": 0.012,
        "min_elevated_points": 12,
        "min_points": 20,
        "num_workspace_points": 63,
        "reason": "component_elevated_xy_with_local_support_z",
        "selected_component_size": 19,
        "selected_component_spread": 0.02377123199403286,
        "selected_component_xy": [
          -0.09456506371498108,
          0.14767640829086304
        ],
        "strategy": "workspace_elevated_xy_low_z",
        "support_z": -0.0012183665530756116,
        "support_z_percentile": 10.0,
        "workspace_bounds": {
          "abs_x_max": 0.2,
          "abs_y_max": 0.2,
          "z_max": 0.08,
          "z_min": -0.02
        }
      },
      "grasp_num_points": 19,
      "grasp_world_xyz": [
        -0.09456506371498108,
        0.14767640829086304,
        0.0024659335613250732
      ],
      "metadata": {
        "box_bounds_xyxy_exclusive": [
          74,
          65,
          82,
          73
        ],
        "box_center_world_xyz": [
          -0.07740996778011322,
          0.14646077156066895,
          0.04450485482811928
        ],
        "camera_frame_conversion": "opencv_to_opengl",
        "center_strategy": "median",
        "extrinsics_source": "sensor_param.base_camera.cam2world_gl",
        "intrinsics_source": "provided"
      },
      "num_points": 64,
      "point_cloud_path": null,
      "segmentation_id": null,
      "world_xyz": [
        -0.09516212344169617,
        0.147068589925766,
        0.005784809589385986
      ]
    }
  ]
}