{
  "query": {
    "attributes": [
      "red"
    ],
    "normalized_prompt": "red cube",
    "raw_query": "red cube",
    "relations": [],
    "synonyms": [
      "cube",
      "block"
    ],
    "target_name": "cube"
  },
  "top_2d_candidate": {
    "box_xyxy": [
      51.59762954711914,
      82.55680084228516,
      57.3799934387207,
      89.87688446044922
    ],
    "clip_score": 0.0,
    "det_score": 0.6846424341201782,
    "fused_2d_score": 0.6846424341201782,
    "image_crop_path": null,
    "metadata": {
      "detector_metadata": {
        "model_id": "IDEA-Research/grounding-dino-tiny"
      },
      "detector_source": "transformers_groundingdino",
      "skip_clip": true
    },
    "phrase": "red cube",
    "rank": 0,
    "source": "detector_only"
  },
  "top_candidate_3d": {
    "box_area": 56,
    "box_xyxy": [
      51.59762954711914,
      82.55680084228516,
      57.3799934387207,
      89.87688446044922
    ],
    "camera_xyz": [
      -0.09000000357627869,
      0.19154688715934753,
      0.5789999961853027
    ],
    "depth_valid_ratio": 0.8571428571428571,
    "grasp_camera_xyz": [
      -0.09093750268220901,
      0.22734375298023224,
      0.5820000171661377
    ],
    "grasp_metadata": {
      "applied": true,
      "component_count": 1,
      "component_fallback_reason": null,
      "component_radius": 0.03,
      "component_selection_strategy": "largest_component_then_low_spread",
      "component_sizes": [
        24
      ],
      "elevated_point_count": 24,
      "elevated_z_offset": 0.015,
      "fallback_reason": null,
      "local_support_point_count": 11,
      "local_support_radius": 0.04,
      "local_support_z_margin": 0.012,
      "min_elevated_points": 12,
      "min_points": 20,
      "num_workspace_points": 48,
      "reason": "component_elevated_xy_with_local_support_z",
      "selected_component_size": 24,
      "selected_component_spread": 0.025667376816272736,
      "selected_component_xy": [
        0.10084427893161774,
        -0.08749999850988388
      ],
      "strategy": "workspace_elevated_xy_low_z",
      "support_z": 0.003103911876678467,
      "support_z_percentile": 10.0,
      "workspace_bounds": {
        "abs_x_max": 0.2,
        "abs_y_max": 0.2,
        "z_max": 0.08,
        "z_min": -0.02
      }
    },
    "grasp_num_points": 24,
    "grasp_world_xyz": [
      0.10084427893161774,
      -0.08749999850988388,
      0.0035138726234436035
    ],
    "metadata": {
      "box_bounds_xyxy_exclusive": [
        51,
        82,
        58,
        90
      ],
      "box_center_world_xyz": [
        0.10084429383277893,
        -0.08734375238418579,
        0.04345531761646271
      ],
      "camera_frame_conversion": "opencv_to_opengl",
      "center_strategy": "median",
      "extrinsics_source": "sensor_param.base_camera.cam2world_gl",
      "intrinsics_source": "provided"
    },
    "num_points": 48,
    "point_cloud_path": null,
    "segmentation_id": null,
    "world_xyz": [
      0.09181305766105652,
      -0.09000000357627869,
      0.015134215354919434
    ]
  }
}