{
  "query": {
    "attributes": [
      "red"
    ],
    "normalized_prompt": "red cube",
    "raw_query": "red cube",
    "relations": [],
    "synonyms": [
      "cube",
      "block"
    ],
    "target_name": "cube"
  },
  "top_2d_candidate": {
    "box_xyxy": [
      60.594268798828125,
      81.52820587158203,
      67.21172332763672,
      89.09111785888672
    ],
    "clip_score": 0.0,
    "det_score": 0.5873383283615112,
    "fused_2d_score": 0.5873383283615112,
    "image_crop_path": null,
    "metadata": {
      "detector_metadata": {
        "model_id": "IDEA-Research/grounding-dino-tiny"
      },
      "detector_source": "transformers_groundingdino",
      "skip_clip": true
    },
    "phrase": "red cube",
    "rank": 0,
    "source": "detector_only"
  },
  "top_candidate_3d": {
    "box_area": 72,
    "box_xyxy": [
      60.594268798828125,
      81.52820587158203,
      67.21172332763672,
      89.09111785888672
    ],
    "camera_xyz": [
      0.0,
      0.19093750417232513,
      0.5879999995231628
    ],
    "depth_valid_ratio": 0.9305555555555556,
    "grasp_camera_xyz": [
      -0.009156250394880772,
      0.21975001692771912,
      0.5860000252723694
    ],
    "grasp_metadata": {
      "applied": true,
      "component_count": 1,
      "component_fallback_reason": null,
      "component_radius": 0.03,
      "component_selection_strategy": "largest_component_then_low_spread",
      "component_sizes": [
        21
      ],
      "elevated_point_count": 21,
      "elevated_z_offset": 0.015,
      "fallback_reason": null,
      "local_support_point_count": 25,
      "local_support_radius": 0.04,
      "local_support_z_margin": 0.012,
      "min_elevated_points": 12,
      "min_points": 20,
      "num_workspace_points": 67,
      "reason": "component_elevated_xy_with_local_support_z",
      "selected_component_size": 21,
      "selected_component_spread": 0.027569476515054703,
      "selected_component_xy": [
        0.09181305766105652,
        -0.008734375238418579
      ],
      "strategy": "workspace_elevated_xy_low_z",
      "support_z": 0.003103911876678467,
      "support_z_percentile": 10.0,
      "workspace_bounds": {
        "abs_x_max": 0.2,
        "abs_y_max": 0.2,
        "z_max": 0.08,
        "z_min": -0.02
      }
    },
    "grasp_num_points": 21,
    "grasp_world_xyz": [
      0.09181305766105652,
      -0.008734375238418579,
      0.0035626888275146484
    ],
    "metadata": {
      "box_bounds_xyxy_exclusive": [
        60,
        81,
        68,
        90
      ],
      "box_center_world_xyz": [
        0.09181304275989532,
        0.0,
        0.04299657791852951
      ],
      "camera_frame_conversion": "opencv_to_opengl",
      "center_strategy": "median",
      "extrinsics_source": "sensor_param.base_camera.cam2world_gl",
      "intrinsics_source": "provided"
    },
    "num_points": 67,
    "point_cloud_path": null,
    "segmentation_id": null,
    "world_xyz": [
      0.08301608264446259,
      0.0,
      0.0036310553550720215
    ]
  }
}