{
  "candidates_3d": [
    {
      "box_area": 56,
      "box_xyxy": [
        61.61758041381836,
        74.59271240234375,
        68.17864227294922,
        80.33094787597656
      ],
      "camera_xyz": [
        0.0,
        0.12614062428474426,
        0.6319999694824219
      ],
      "depth_valid_ratio": 0.7857142857142857,
      "grasp_camera_xyz": [
        0.019375000149011612,
        0.1354062557220459,
        0.6359999775886536
      ],
      "grasp_metadata": {
        "applied": true,
        "component_count": 1,
        "component_fallback_reason": "too_few_elevated_points",
        "component_radius": 0.03,
        "component_selection_strategy": "largest_workspace_component_then_low_spread",
        "component_sizes": [
          31
        ],
        "elevated_point_count": 10,
        "elevated_z_offset": 0.015,
        "fallback_reason": "too_few_elevated_points",
        "local_support_point_count": 0,
        "local_support_radius": 0.04,
        "local_support_z_margin": 0.012,
        "min_elevated_points": 12,
        "min_points": 20,
        "num_workspace_points": 31,
        "reason": "workspace_filter_passed",
        "selected_component_size": 31,
        "selected_component_spread": 0.05019308254122734,
        "selected_component_xy": [
          0.007301062345504761,
          0.019375000149011612
        ],
        "strategy": "workspace_elevated_xy_low_z",
        "support_z": 0.0036017298698425293,
        "support_z_percentile": 10.0,
        "workspace_bounds": {
          "abs_x_max": 0.2,
          "abs_y_max": 0.2,
          "z_max": 0.08,
          "z_min": -0.02
        }
      },
      "grasp_num_points": 31,
      "grasp_world_xyz": [
        0.007301062345504761,
        0.019375000149011612,
        0.004041016101837158
      ],
      "metadata": {
        "box_bounds_xyxy_exclusive": [
          61,
          74,
          69,
          81
        ],
        "box_center_world_xyz": [
          0.007767185568809509,
          0.009796874597668648,
          0.030834540724754333
        ],
        "camera_frame_conversion": "opencv_to_opengl",
        "center_strategy": "median",
        "extrinsics_source": "sensor_param.base_camera.cam2world_gl",
        "intrinsics_source": "provided"
      },
      "num_points": 44,
      "point_cloud_path": null,
      "segmentation_id": null,
      "world_xyz": [
        0.018849387764930725,
        0.0,
        0.023216187953948975
      ]
    },
    {
      "box_area": 56,
      "box_xyxy": [
        62.60325622558594,
        84.63420104980469,
        68.35736083984375,
        91.15536499023438
      ],
      "camera_xyz": [
        0.0042890626937150955,
        0.20587500929832458,
        0.5709999799728394
      ],
      "depth_valid_ratio": 0.8214285714285714,
      "grasp_camera_xyz": [
        0.008953125216066837,
        0.23278126120567322,
        0.5730000138282776
      ],
      "grasp_metadata": {
        "applied": true,
        "component_count": 1,
        "component_fallback_reason": null,
        "component_radius": 0.03,
        "component_selection_strategy": "largest_component_then_low_spread",
        "component_sizes": [
          21
        ],
        "elevated_point_count": 21,
        "elevated_z_offset": 0.015,
        "fallback_reason": null,
        "local_support_point_count": 17,
        "local_support_radius": 0.04,
        "local_support_z_margin": 0.012,
        "min_elevated_points": 12,
        "min_points": 20,
        "num_workspace_points": 46,
        "reason": "component_elevated_xy_with_local_support_z",
        "selected_component_size": 21,
        "selected_component_spread": 0.02266800031065941,
        "selected_component_xy": [
          0.10938502848148346,
          0.008578125387430191
        ],
        "strategy": "workspace_elevated_xy_low_z",
        "support_z": 0.003538280725479126,
        "support_z_percentile": 10.0,
        "workspace_bounds": {
          "abs_x_max": 0.2,
          "abs_y_max": 0.2,
          "z_max": 0.08,
          "z_min": -0.02
        }
      },
      "grasp_num_points": 21,
      "grasp_world_xyz": [
        0.10938502848148346,
        0.008578125387430191,
        0.00364077091217041
      ],
      "metadata": {
        "box_bounds_xyxy_exclusive": [
          62,
          84,
          69,
          92
        ],
        "box_center_world_xyz": [
          0.11780376732349396,
          0.008578125387430191,
          0.042693957686424255
        ],
        "camera_frame_conversion": "opencv_to_opengl",
        "center_strategy": "median",
        "extrinsics_source": "sensor_param.base_camera.cam2world_gl",
        "intrinsics_source": "provided"
      },
      "num_points": 46,
      "point_cloud_path": null,
      "segmentation_id": null,
      "world_xyz": [
        0.10938502848148346,
        0.0042890626937150955,
        0.007144927978515625
      ]
    }
  ]
}