{
  "min_xy_distance_from_pick": 0.05,
  "place_query": "green cube",
  "place_target_source": "predicted_place_object",
  "selected": {
    "metadata": {
      "num_candidates": 2,
      "num_close_to_pick_rejected": 1,
      "num_eligible_candidates": 1,
      "num_invalid_candidates": 0,
      "place_pick_xy_distance": 0.14734028279781342,
      "place_query": "green cube",
      "place_target_z": 0.02,
      "raw_semantic_world_xyz": [
        -0.1437818557024002,
        0.030486920848488808,
        0.3486091196537018
      ],
      "selected_candidate_index": 0,
      "selected_clip_score": 0.0,
      "selected_depth_valid_ratio": 1.0,
      "selected_det_score": 0.45839181542396545,
      "selected_fused_2d_score": 0.45839181542396545,
      "selected_grasp_world_xyz": [
        0.109365314245224,
        -0.009129444137215614,
        0.0033896565437316895
      ],
      "selected_num_points": 2772,
      "selected_phrase": "green cube",
      "selected_world_xyz": [
        0.109365314245224,
        -0.009129444137215614,
        0.019999999552965164
      ],
      "selection_reason": "first_ranked_candidate_far_from_pick"
    },
    "place_xyz": [
      0.109365314245224,
      -0.009129444137215614,
      0.019999999552965164
    ],
    "source": "predicted_place_object"
  }
}