{
  "min_xy_distance_from_pick": 0.05,
  "place_query": "green cube",
  "place_target_source": "predicted_place_object",
  "selected": {
    "metadata": {
      "num_candidates": 1,
      "num_close_to_pick_rejected": 0,
      "num_eligible_candidates": 1,
      "num_invalid_candidates": 0,
      "place_pick_xy_distance": 0.09778319299221039,
      "place_query": "green cube",
      "place_target_z": 0.02,
      "raw_semantic_world_xyz": [
        0.02685210108757019,
        -0.17871874570846558,
        0.003992140293121338
      ],
      "selected_candidate_index": 0,
      "selected_clip_score": 0.0,
      "selected_depth_valid_ratio": 0.8194444444444444,
      "selected_det_score": 0.7481666803359985,
      "selected_fused_2d_score": 0.7481666803359985,
      "selected_grasp_world_xyz": [
        0.0270424485206604,
        -0.1743749976158142,
        0.0036017298698425293
      ],
      "selected_num_points": 59,
      "selected_phrase": "green cube",
      "selected_world_xyz": [
        0.0270424485206604,
        -0.1743749976158142,
        0.019999999552965164
      ],
      "selection_reason": "first_ranked_candidate_far_from_pick"
    },
    "place_xyz": [
      0.0270424485206604,
      -0.1743749976158142,
      0.019999999552965164
    ],
    "source": "predicted_place_object"
  }
}