{
  "candidates_3d": [
    {
      "box_area": 56,
      "box_xyxy": [
        69.65455627441406,
        70.4237289428711,
        75.36830139160156,
        77.27783966064453
      ],
      "camera_xyz": [
        0.08144297450780869,
        0.09768442809581757,
        0.6615949869155884
      ],
      "depth_valid_ratio": 1.0,
      "grasp_camera_xyz": [
        0.08351204544305801,
        0.12526807188987732,
        0.6680963635444641
      ],
      "grasp_metadata": {
        "applied": true,
        "component_count": 1,
        "component_fallback_reason": null,
        "component_radius": 0.03,
        "component_selection_strategy": "largest_component_then_low_spread",
        "component_sizes": [
          19
        ],
        "elevated_point_count": 19,
        "elevated_z_offset": 0.015,
        "fallback_reason": null,
        "local_support_point_count": 20,
        "local_support_radius": 0.04,
        "local_support_z_margin": 0.012,
        "min_elevated_points": 12,
        "min_points": 20,
        "num_workspace_points": 56,
        "reason": "component_elevated_xy_with_local_support_z",
        "selected_component_size": 19,
        "selected_component_spread": 0.025741439312696457,
        "selected_component_xy": [
          -0.029708534479141235,
          0.08139201998710632
        ],
        "strategy": "workspace_elevated_xy_low_z",
        "support_z": -0.00140419602394104,
        "support_z_percentile": 10.0,
        "workspace_bounds": {
          "abs_x_max": 0.2,
          "abs_y_max": 0.2,
          "z_max": 0.08,
          "z_min": -0.02
        }
      },
      "grasp_num_points": 19,
      "grasp_world_xyz": [
        -0.029708534479141235,
        0.08139201998710632,
        0.004405617713928223
      ],
      "metadata": {
        "box_bounds_xyxy_exclusive": [
          69,
          70,
          76,
          78
        ],
        "box_center_world_xyz": [
          -0.020615778863430023,
          0.07972592860460281,
          0.03970063850283623
        ],
        "camera_frame_conversion": "opencv_to_opengl",
        "center_strategy": "median",
        "extrinsics_source": "sensor_param.base_camera.cam2world_gl",
        "intrinsics_source": "provided"
      },
      "num_points": 56,
      "point_cloud_path": null,
      "segmentation_id": null,
      "world_xyz": [
        -0.03156484663486481,
        0.08144297450780869,
        0.007887393236160278
      ]
    }
  ]
}