{
  "candidates_3d": [
    {
      "box_area": 72,
      "box_xyxy": [
        45.56224060058594,
        77.5565185546875,
        52.31439208984375,
        85.31854248046875
      ],
      "camera_xyz": [
        -0.14547763764858246,
        0.15966930985450745,
        0.6122045516967773
      ],
      "depth_valid_ratio": 1.0,
      "grasp_camera_xyz": [
        -0.13388846814632416,
        0.1817057728767395,
        0.6120615601539612
      ],
      "grasp_metadata": {
        "applied": true,
        "component_count": 1,
        "component_fallback_reason": null,
        "component_radius": 0.03,
        "component_selection_strategy": "largest_component_then_low_spread",
        "component_sizes": [
          23
        ],
        "elevated_point_count": 23,
        "elevated_z_offset": 0.015,
        "fallback_reason": null,
        "local_support_point_count": 23,
        "local_support_radius": 0.04,
        "local_support_z_margin": 0.012,
        "min_elevated_points": 12,
        "min_points": 20,
        "num_workspace_points": 72,
        "reason": "component_elevated_xy_with_local_support_z",
        "selected_component_size": 23,
        "selected_component_spread": 0.024670960381627083,
        "selected_component_xy": [
          0.054805442690849304,
          -0.1415589153766632
        ],
        "strategy": "workspace_elevated_xy_low_z",
        "support_z": -0.0010363936889916658,
        "support_z_percentile": 10.0,
        "workspace_bounds": {
          "abs_x_max": 0.2,
          "abs_y_max": 0.2,
          "z_max": 0.08,
          "z_min": -0.02
        }
      },
      "grasp_num_points": 23,
      "grasp_world_xyz": [
        0.054805442690849304,
        -0.1415589153766632,
        0.004286229610443115
      ],
      "metadata": {
        "box_bounds_xyxy_exclusive": [
          45,
          77,
          53,
          86
        ],
        "box_center_world_xyz": [
          0.05720028281211853,
          -0.13637514412403107,
          0.04908612370491028
        ],
        "camera_frame_conversion": "opencv_to_opengl",
        "center_strategy": "median",
        "extrinsics_source": "sensor_param.base_camera.cam2world_gl",
        "intrinsics_source": "provided"
      },
      "num_points": 72,
      "point_cloud_path": null,
      "segmentation_id": null,
      "world_xyz": [
        0.045846134424209595,
        -0.14547763764858246,
        0.006184428930282593
      ]
    }
  ]
}