{
  "query": {
    "attributes": [
      "red"
    ],
    "normalized_prompt": "red cube",
    "raw_query": "red cube",
    "relations": [],
    "synonyms": [
      "cube",
      "block"
    ],
    "target_name": "cube"
  },
  "top_2d_candidate": {
    "box_xyxy": [
      71.71759033203125,
      70.44329833984375,
      77.28935241699219,
      77.13308715820312
    ],
    "clip_score": 0.0,
    "det_score": 0.5237504243850708,
    "fused_2d_score": 0.5237504243850708,
    "image_crop_path": null,
    "metadata": {
      "detector_metadata": {
        "model_id": "IDEA-Research/grounding-dino-tiny"
      },
      "detector_source": "transformers_groundingdino",
      "skip_clip": true
    },
    "phrase": "red cube",
    "rank": 0,
    "source": "detector_only"
  },
  "top_candidate_3d": {
    "box_area": 56,
    "box_xyxy": [
      71.71759033203125,
      70.44329833984375,
      77.28935241699219,
      77.13308715820312
    ],
    "camera_xyz": [
      0.10125000029802322,
      0.0989062488079071,
      0.6570000052452087
    ],
    "depth_valid_ratio": 0.9464285714285714,
    "grasp_camera_xyz": [
      0.10218749940395355,
      0.12262499332427979,
      0.6539999842643738
    ],
    "grasp_metadata": {
      "applied": true,
      "component_count": 1,
      "component_fallback_reason": null,
      "component_radius": 0.03,
      "component_selection_strategy": "largest_component_then_low_spread",
      "component_sizes": [
        20
      ],
      "elevated_point_count": 20,
      "elevated_z_offset": 0.015,
      "fallback_reason": null,
      "local_support_point_count": 15,
      "local_support_radius": 0.04,
      "local_support_z_margin": 0.012,
      "min_elevated_points": 12,
      "min_points": 20,
      "num_workspace_points": 49,
      "reason": "component_elevated_xy_with_local_support_z",
      "selected_component_size": 20,
      "selected_component_spread": 0.023412643000483513,
      "selected_component_xy": [
        -0.028393149375915527,
        0.09968750178813934
      ],
      "strategy": "workspace_elevated_xy_low_z",
      "support_z": 0.0036017298698425293,
      "support_z_percentile": 10.0,
      "workspace_bounds": {
        "abs_x_max": 0.2,
        "abs_y_max": 0.2,
        "z_max": 0.08,
        "z_min": -0.02
      }
    },
    "grasp_num_points": 20,
    "grasp_world_xyz": [
      -0.028393149375915527,
      0.09968750178813934,
      0.003728628158569336
    ],
    "metadata": {
      "box_bounds_xyxy_exclusive": [
        71,
        70,
        78,
        78
      ],
      "box_center_world_xyz": [
        -0.01819918304681778,
        0.0989062488079071,
        0.043923843652009964
      ],
      "camera_frame_conversion": "opencv_to_opengl",
      "center_strategy": "median",
      "extrinsics_source": "sensor_param.base_camera.cam2world_gl",
      "intrinsics_source": "provided"
    },
    "num_points": 53,
    "point_cloud_path": null,
    "segmentation_id": null,
    "world_xyz": [
      -0.023228436708450317,
      0.10125000029802322,
      0.004626631736755371
    ]
  }
}