{
  "candidates_3d": [
    {
      "box_area": 81,
      "box_xyxy": [
        38.60649871826172,
        80.57664489746094,
        46.13953399658203,
        88.22604370117188
      ],
      "camera_xyz": [
        -0.20286718010902405,
        0.1853906214237213,
        0.5954999923706055
      ],
      "depth_valid_ratio": 0.7654320987654321,
      "grasp_camera_xyz": [
        -0.18687500059604645,
        0.19093750417232513,
        0.5929999947547913
      ],
      "grasp_metadata": {
        "applied": true,
        "component_count": 1,
        "component_fallback_reason": "too_few_elevated_points",
        "component_radius": 0.03,
        "component_selection_strategy": "largest_workspace_component_then_low_spread",
        "component_sizes": [
          27
        ],
        "elevated_point_count": 7,
        "elevated_z_offset": 0.015,
        "fallback_reason": "too_few_elevated_points",
        "local_support_point_count": 0,
        "local_support_radius": 0.04,
        "local_support_z_margin": 0.012,
        "min_elevated_points": 12,
        "min_points": 20,
        "num_workspace_points": 27,
        "reason": "workspace_filter_passed",
        "selected_component_size": 27,
        "selected_component_spread": 0.050665233284235,
        "selected_component_xy": [
          0.08301608264446259,
          -0.18687500059604645
        ],
        "strategy": "workspace_elevated_xy_low_z",
        "support_z": 0.003103911876678467,
        "support_z_percentile": 10.0,
        "workspace_bounds": {
          "abs_x_max": 0.2,
          "abs_y_max": 0.2,
          "z_max": 0.08,
          "z_min": -0.02
        }
      },
      "grasp_num_points": 27,
      "grasp_world_xyz": [
        0.08301608264446259,
        -0.18687500059604645,
        0.0038164854049682617
      ],
      "metadata": {
        "box_bounds_xyxy_exclusive": [
          38,
          80,
          47,
          89
        ],
        "box_center_world_xyz": [
          0.08111272752285004,
          -0.19765624403953552,
          0.038750603795051575
        ],
        "camera_frame_conversion": "opencv_to_opengl",
        "center_strategy": "median",
        "extrinsics_source": "sensor_param.base_camera.cam2world_gl",
        "intrinsics_source": "provided"
      },
      "num_points": 62,
      "point_cloud_path": null,
      "segmentation_id": null,
      "world_xyz": [
        0.07707414031028748,
        -0.20286718010902405,
        0.0038164854049682617
      ]
    }
  ]
}