{
  "query": {
    "attributes": [
      "red"
    ],
    "normalized_prompt": "red cube",
    "raw_query": "red cube",
    "relations": [],
    "synonyms": [
      "cube",
      "block"
    ],
    "target_name": "cube"
  },
  "top_2d_candidate": {
    "box_xyxy": [
      67.56675720214844,
      79.47138214111328,
      73.34461975097656,
      87.1858901977539
    ],
    "clip_score": 0.0,
    "det_score": 0.6765439510345459,
    "fused_2d_score": 0.6765439510345459,
    "image_crop_path": null,
    "metadata": {
      "detector_metadata": {
        "model_id": "IDEA-Research/grounding-dino-tiny"
      },
      "detector_source": "transformers_groundingdino",
      "skip_clip": true
    },
    "phrase": "red cube",
    "rank": 0,
    "source": "detector_only"
  },
  "top_candidate_3d": {
    "box_area": 63,
    "box_xyxy": [
      67.56675720214844,
      79.47138214111328,
      73.34461975097656,
      87.1858901977539
    ],
    "camera_xyz": [
      0.05442187562584877,
      0.17099998891353607,
      0.5974999666213989
    ],
    "depth_valid_ratio": 0.8253968253968254,
    "grasp_camera_xyz": [
      0.05587500333786011,
      0.20487500727176666,
      0.5960000157356262
    ],
    "grasp_metadata": {
      "applied": true,
      "component_count": 1,
      "component_fallback_reason": null,
      "component_radius": 0.03,
      "component_selection_strategy": "largest_component_then_low_spread",
      "component_sizes": [
        20
      ],
      "elevated_point_count": 20,
      "elevated_z_offset": 0.015,
      "fallback_reason": null,
      "local_support_point_count": 18,
      "local_support_radius": 0.04,
      "local_support_z_margin": 0.012,
      "min_elevated_points": 12,
      "min_points": 20,
      "num_workspace_points": 52,
      "reason": "component_elevated_xy_with_local_support_z",
      "selected_component_size": 20,
      "selected_component_spread": 0.027157017961144447,
      "selected_component_xy": [
        0.07370421290397644,
        0.05442187562584877
      ],
      "strategy": "workspace_elevated_xy_low_z",
      "support_z": 0.0035626888275146484,
      "support_z_percentile": 10.0,
      "workspace_bounds": {
        "abs_x_max": 0.2,
        "abs_y_max": 0.2,
        "z_max": 0.08,
        "z_min": -0.02
      }
    },
    "grasp_num_points": 20,
    "grasp_world_xyz": [
      0.07370421290397644,
      0.05442187562584877,
      0.0036310553550720215
    ],
    "metadata": {
      "box_bounds_xyxy_exclusive": [
        67,
        79,
        74,
        88
      ],
      "box_center_world_xyz": [
        0.07370422780513763,
        0.053999997675418854,
        0.04339677095413208
      ],
      "camera_frame_conversion": "opencv_to_opengl",
      "center_strategy": "median",
      "extrinsics_source": "sensor_param.base_camera.cam2world_gl",
      "intrinsics_source": "provided"
    },
    "num_points": 52,
    "point_cloud_path": null,
    "segmentation_id": null,
    "world_xyz": [
      0.06582719087600708,
      0.05442187562584877,
      0.00392875075340271
    ]
  }
}