{
  "query": {
    "attributes": [
      "red"
    ],
    "normalized_prompt": "red cube",
    "raw_query": "red cube",
    "relations": [],
    "synonyms": [
      "cube",
      "block"
    ],
    "target_name": "cube"
  },
  "top_2d_candidate": {
    "box_xyxy": [
      64.5887680053711,
      82.47898864746094,
      70.26543426513672,
      89.07672119140625
    ],
    "clip_score": 0.0,
    "det_score": 0.7263562083244324,
    "fused_2d_score": 0.7263562083244324,
    "image_crop_path": null,
    "metadata": {
      "detector_metadata": {
        "model_id": "IDEA-Research/grounding-dino-tiny"
      },
      "detector_source": "transformers_groundingdino",
      "skip_clip": true
    },
    "phrase": "red cube",
    "rank": 0,
    "source": "detector_only"
  },
  "top_candidate_3d": {
    "box_area": 56,
    "box_xyxy": [
      64.5887680053711,
      82.47898864746094,
      70.26543426513672,
      89.07672119140625
    ],
    "camera_xyz": [
      0.026835937052965164,
      0.19215625524520874,
      0.5820000171661377
    ],
    "depth_valid_ratio": 0.6785714285714286,
    "grasp_camera_xyz": [
      0.018156249076128006,
      0.21787498891353607,
      0.5809999704360962
    ],
    "grasp_metadata": {
      "applied": true,
      "component_count": 1,
      "component_fallback_reason": null,
      "component_radius": 0.03,
      "component_selection_strategy": "largest_component_then_low_spread",
      "component_sizes": [
        15
      ],
      "elevated_point_count": 15,
      "elevated_z_offset": 0.015,
      "fallback_reason": null,
      "local_support_point_count": 14,
      "local_support_radius": 0.04,
      "local_support_z_margin": 0.012,
      "min_elevated_points": 12,
      "min_points": 20,
      "num_workspace_points": 38,
      "reason": "component_elevated_xy_with_local_support_z",
      "selected_component_size": 15,
      "selected_component_spread": 0.028066517785191536,
      "selected_component_xy": [
        0.10084427893161774,
        0.026718750596046448
      ],
      "strategy": "workspace_elevated_xy_low_z",
      "support_z": 0.003103911876678467,
      "support_z_percentile": 10.0,
      "workspace_bounds": {
        "abs_x_max": 0.2,
        "abs_y_max": 0.2,
        "z_max": 0.08,
        "z_min": -0.02
      }
    },
    "grasp_num_points": 15,
    "grasp_world_xyz": [
      0.10084427893161774,
      0.026718750596046448,
      0.0035138726234436035
    ],
    "metadata": {
      "box_bounds_xyxy_exclusive": [
        64,
        82,
        71,
        90
      ],
      "box_center_world_xyz": [
        0.10084429383277893,
        0.026203125715255737,
        0.04345531761646271
      ],
      "camera_frame_conversion": "opencv_to_opengl",
      "center_strategy": "median",
      "extrinsics_source": "sensor_param.base_camera.cam2world_gl",
      "intrinsics_source": "provided"
    },
    "num_points": 38,
    "point_cloud_path": null,
    "segmentation_id": null,
    "world_xyz": [
      0.09840529412031174,
      0.026835937052965164,
      0.0038164854049682617
    ]
  }
}