{
  "candidates_3d": [
    {
      "box_area": 64,
      "box_xyxy": [
        78.60962677001953,
        79.34613800048828,
        85.0997543334961,
        86.32975006103516
      ],
      "camera_xyz": [
        0.15992969274520874,
        0.17099998891353607,
        0.5974999666213989
      ],
      "depth_valid_ratio": 0.90625,
      "grasp_camera_xyz": [
        0.13496874272823334,
        0.18317186832427979,
        0.6169999837875366
      ],
      "grasp_metadata": {
        "applied": true,
        "component_count": 1,
        "component_fallback_reason": null,
        "component_radius": 0.03,
        "component_selection_strategy": "largest_component_then_low_spread",
        "component_sizes": [
          24
        ],
        "elevated_point_count": 24,
        "elevated_z_offset": 0.015,
        "fallback_reason": null,
        "local_support_point_count": 14,
        "local_support_radius": 0.04,
        "local_support_z_margin": 0.012,
        "min_elevated_points": 12,
        "min_points": 20,
        "num_workspace_points": 52,
        "reason": "component_elevated_xy_with_local_support_z",
        "selected_component_size": 24,
        "selected_component_spread": 0.024807626381516457,
        "selected_component_xy": [
          0.06424592435359955,
          0.15539062023162842
        ],
        "strategy": "workspace_elevated_xy_low_z",
        "support_z": 0.0035675703547894955,
        "support_z_percentile": 10.0,
        "workspace_bounds": {
          "abs_x_max": 0.2,
          "abs_y_max": 0.2,
          "z_max": 0.08,
          "z_min": -0.02
        }
      },
      "grasp_num_points": 24,
      "grasp_world_xyz": [
        0.06424592435359955,
        0.15539062023162842,
        0.0036310553550720215
      ],
      "metadata": {
        "box_bounds_xyxy_exclusive": [
          78,
          79,
          86,
          87
        ],
        "box_center_world_xyz": [
          0.07370422780513763,
          0.16200000047683716,
          0.04339677095413208
        ],
        "camera_frame_conversion": "opencv_to_opengl",
        "center_strategy": "median",
        "extrinsics_source": "sensor_param.base_camera.cam2world_gl",
        "intrinsics_source": "provided"
      },
      "num_points": 58,
      "point_cloud_path": null,
      "segmentation_id": null,
      "world_xyz": [
        0.06424592435359955,
        0.15992969274520874,
        0.008731067180633545
      ]
    }
  ]
}