{
  "candidates_3d": [
    {
      "box_area": 99,
      "box_xyxy": [
        56.61209487915039,
        90.54103088378906,
        64.21971130371094,
        100.27238464355469
      ],
      "camera_xyz": [
        -0.03284374997019768,
        0.2565000057220459,
        0.534500002861023
      ],
      "depth_valid_ratio": 0.8888888888888888,
      "grasp_camera_xyz": [
        -0.02512500062584877,
        0.2847500145435333,
        0.5360000133514404
      ],
      "grasp_metadata": {
        "applied": true,
        "component_count": 1,
        "component_fallback_reason": null,
        "component_radius": 0.03,
        "component_selection_strategy": "largest_component_then_low_spread",
        "component_sizes": [
          28
        ],
        "elevated_point_count": 28,
        "elevated_z_offset": 0.015,
        "fallback_reason": null,
        "local_support_point_count": 33,
        "local_support_radius": 0.04,
        "local_support_z_margin": 0.012,
        "min_elevated_points": 12,
        "min_points": 20,
        "num_workspace_points": 80,
        "reason": "component_elevated_xy_with_local_support_z",
        "selected_component_size": 28,
        "selected_component_spread": 0.02421153336763382,
        "selected_component_xy": [
          0.17331866919994354,
          -0.032218750566244125
        ],
        "strategy": "workspace_elevated_xy_low_z",
        "support_z": 0.002988714026287198,
        "support_z_percentile": 10.0,
        "workspace_bounds": {
          "abs_x_max": 0.2,
          "abs_y_max": 0.2,
          "z_max": 0.08,
          "z_min": -0.02
        }
      },
      "grasp_num_points": 28,
      "grasp_world_xyz": [
        0.17331866919994354,
        -0.032218750566244125,
        0.003133237361907959
      ],
      "metadata": {
        "box_bounds_xyxy_exclusive": [
          56,
          90,
          65,
          101
        ],
        "box_center_world_xyz": [
          0.17331866919994354,
          -0.03212499991059303,
          0.04310394823551178
        ],
        "camera_frame_conversion": "opencv_to_opengl",
        "center_strategy": "median",
        "extrinsics_source": "sensor_param.base_camera.cam2world_gl",
        "intrinsics_source": "provided"
      },
      "num_points": 88,
      "point_cloud_path": null,
      "segmentation_id": null,
      "world_xyz": [
        0.17331866919994354,
        -0.03284374997019768,
        0.0033382177352905273
      ]
    }
  ]
}