{
  "candidates_3d": [
    {
      "box_area": 56,
      "box_xyxy": [
        66.51122283935547,
        81.43963623046875,
        72.43090057373047,
        88.33848571777344
      ],
      "camera_xyz": [
        0.04546875134110451,
        0.18428124487400055,
        0.5835000276565552
      ],
      "depth_valid_ratio": 0.8214285714285714,
      "grasp_camera_xyz": [
        0.04546875134110451,
        0.20915625989437103,
        0.5820000171661377
      ],
      "grasp_metadata": {
        "applied": true,
        "component_count": 1,
        "component_fallback_reason": null,
        "component_radius": 0.03,
        "component_selection_strategy": "largest_component_then_low_spread",
        "component_sizes": [
          21
        ],
        "elevated_point_count": 21,
        "elevated_z_offset": 0.015,
        "fallback_reason": null,
        "local_support_point_count": 15,
        "local_support_radius": 0.04,
        "local_support_z_margin": 0.012,
        "min_elevated_points": 12,
        "min_points": 20,
        "num_workspace_points": 46,
        "reason": "component_elevated_xy_with_local_support_z",
        "selected_component_size": 21,
        "selected_component_spread": 0.025022346526384354,
        "selected_component_xy": [
          0.08301608264446259,
          0.043828122317790985
        ],
        "strategy": "workspace_elevated_xy_low_z",
        "support_z": 0.003103911876678467,
        "support_z_percentile": 10.0,
        "workspace_bounds": {
          "abs_x_max": 0.2,
          "abs_y_max": 0.2,
          "z_max": 0.08,
          "z_min": -0.02
        }
      },
      "grasp_num_points": 21,
      "grasp_world_xyz": [
        0.08301608264446259,
        0.043828122317790985,
        0.0036115050315856934
      ],
      "metadata": {
        "box_bounds_xyxy_exclusive": [
          66,
          81,
          73,
          89
        ],
        "box_center_world_xyz": [
          0.09181304275989532,
          0.04414062574505806,
          0.04299657791852951
        ],
        "camera_frame_conversion": "opencv_to_opengl",
        "center_strategy": "median",
        "extrinsics_source": "sensor_param.base_camera.cam2world_gl",
        "intrinsics_source": "provided"
      },
      "num_points": 46,
      "point_cloud_path": null,
      "segmentation_id": null,
      "world_xyz": [
        0.08301608264446259,
        0.04546875134110451,
        0.01336747407913208
      ]
    }
  ]
}