{
  "candidates_3d": [
    {
      "box_area": 63,
      "box_xyxy": [
        71.53577423095703,
        80.58479309082031,
        77.36528778076172,
        88.324462890625
      ],
      "camera_xyz": [
        0.09035827219486237,
        0.1816214621067047,
        0.5868090391159058
      ],
      "depth_valid_ratio": 1.0,
      "grasp_camera_xyz": [
        0.0841541513800621,
        0.21506060659885406,
        0.5984295010566711
      ],
      "grasp_metadata": {
        "applied": true,
        "component_count": 1,
        "component_fallback_reason": null,
        "component_radius": 0.03,
        "component_selection_strategy": "largest_component_then_low_spread",
        "component_sizes": [
          27
        ],
        "elevated_point_count": 27,
        "elevated_z_offset": 0.015,
        "fallback_reason": null,
        "local_support_point_count": 20,
        "local_support_radius": 0.04,
        "local_support_z_margin": 0.012,
        "min_elevated_points": 12,
        "min_points": 20,
        "num_workspace_points": 63,
        "reason": "component_elevated_xy_with_local_support_z",
        "selected_component_size": 27,
        "selected_component_spread": 0.025006478652358055,
        "selected_component_xy": [
          0.07878930866718292,
          0.08742167800664902
        ],
        "strategy": "workspace_elevated_xy_low_z",
        "support_z": -0.0016281366115435958,
        "support_z_percentile": 10.0,
        "workspace_bounds": {
          "abs_x_max": 0.2,
          "abs_y_max": 0.2,
          "z_max": 0.08,
          "z_min": -0.02
        }
      },
      "grasp_num_points": 27,
      "grasp_world_xyz": [
        0.07878930866718292,
        0.08742167800664902,
        0.003914326429367065
      ],
      "metadata": {
        "box_bounds_xyxy_exclusive": [
          71,
          80,
          78,
          89
        ],
        "box_center_world_xyz": [
          0.0817527025938034,
          0.08958105742931366,
          0.040391601622104645
        ],
        "camera_frame_conversion": "opencv_to_opengl",
        "center_strategy": "median",
        "extrinsics_source": "sensor_param.base_camera.cam2world_gl",
        "intrinsics_source": "provided"
      },
      "num_points": 63,
      "point_cloud_path": null,
      "segmentation_id": null,
      "world_xyz": [
        0.077231764793396,
        0.09035827219486237,
        0.00868004560470581
      ]
    }
  ]
}