{
  "min_xy_distance_from_pick": 0.05,
  "place_query": "green cube",
  "place_target_source": "predicted_place_object",
  "selected": {
    "metadata": {
      "num_candidates": 1,
      "num_close_to_pick_rejected": 0,
      "num_eligible_candidates": 1,
      "num_invalid_candidates": 0,
      "place_pick_xy_distance": 0.10083771497011185,
      "place_query": "green cube",
      "place_target_z": 0.02,
      "raw_semantic_world_xyz": [
        0.11289163678884506,
        0.12925782799720764,
        0.00364077091217041
      ],
      "selected_candidate_index": 0,
      "selected_clip_score": 0.0,
      "selected_depth_valid_ratio": 0.8055555555555556,
      "selected_det_score": 0.6601136326789856,
      "selected_fused_2d_score": 0.6601136326789856,
      "selected_grasp_world_xyz": [
        0.11060759425163269,
        0.12484374642372131,
        0.0035138726234436035
      ],
      "selected_num_points": 58,
      "selected_phrase": "green cube",
      "selected_world_xyz": [
        0.11060759425163269,
        0.12484374642372131,
        0.019999999552965164
      ],
      "selection_reason": "first_ranked_candidate_far_from_pick"
    },
    "place_xyz": [
      0.11060759425163269,
      0.12484374642372131,
      0.019999999552965164
    ],
    "source": "predicted_place_object"
  }
}