{
  "candidates_3d": [
    {
      "box_area": 72,
      "box_xyxy": [
        75.48406982421875,
        84.46004486083984,
        82.44099426269531,
        92.27556610107422
      ],
      "camera_xyz": [
        0.12780144810676575,
        0.2104683220386505,
        0.5688947439193726
      ],
      "depth_valid_ratio": 1.0,
      "grasp_camera_xyz": [
        0.10878665745258331,
        0.2357044219970703,
        0.5801954865455627
      ],
      "grasp_metadata": {
        "applied": true,
        "component_count": 1,
        "component_fallback_reason": null,
        "component_radius": 0.03,
        "component_selection_strategy": "largest_component_then_low_spread",
        "component_sizes": [
          30
        ],
        "elevated_point_count": 30,
        "elevated_z_offset": 0.015,
        "fallback_reason": null,
        "local_support_point_count": 24,
        "local_support_radius": 0.04,
        "local_support_z_margin": 0.012,
        "min_elevated_points": 12,
        "min_points": 20,
        "num_workspace_points": 72,
        "reason": "component_elevated_xy_with_local_support_z",
        "selected_component_size": 30,
        "selected_component_spread": 0.023661281913518906,
        "selected_component_xy": [
          0.1137387603521347,
          0.12473459541797638
        ],
        "strategy": "workspace_elevated_xy_low_z",
        "support_z": -0.0002692044072318822,
        "support_z_percentile": 10.0,
        "workspace_bounds": {
          "abs_x_max": 0.2,
          "abs_y_max": 0.2,
          "z_max": 0.08,
          "z_min": -0.02
        }
      },
      "grasp_num_points": 30,
      "grasp_world_xyz": [
        0.1137387603521347,
        0.12473459541797638,
        0.003299504518508911
      ],
      "metadata": {
        "box_bounds_xyxy_exclusive": [
          75,
          84,
          83,
          93
        ],
        "box_center_world_xyz": [
          0.11392606794834137,
          0.13141043484210968,
          0.030832678079605103
        ],
        "camera_frame_conversion": "opencv_to_opengl",
        "center_strategy": "median",
        "extrinsics_source": "sensor_param.base_camera.cam2world_gl",
        "intrinsics_source": "provided"
      },
      "num_points": 72,
      "point_cloud_path": null,
      "segmentation_id": null,
      "world_xyz": [
        0.1137387603521347,
        0.12780144810676575,
        0.00685197114944458
      ]
    }
  ]
}