{
  "query": {
    "attributes": [
      "red"
    ],
    "normalized_prompt": "red cube",
    "raw_query": "red cube",
    "relations": [],
    "synonyms": [
      "cube",
      "block"
    ],
    "target_name": "cube"
  },
  "top_2d_candidate": {
    "box_xyxy": [
      51.941650390625,
      76.41202545166016,
      57.335792541503906,
      83.14984893798828
    ],
    "clip_score": 0.0,
    "det_score": 0.7663718461990356,
    "fused_2d_score": 0.7663718461990356,
    "image_crop_path": null,
    "metadata": {
      "detector_metadata": {
        "model_id": "IDEA-Research/grounding-dino-tiny"
      },
      "detector_source": "transformers_groundingdino",
      "skip_clip": true
    },
    "phrase": "red cube",
    "rank": 0,
    "source": "detector_only"
  },
  "top_candidate_3d": {
    "box_area": 56,
    "box_xyxy": [
      51.941650390625,
      76.41202545166016,
      57.335792541503906,
      83.14984893798828
    ],
    "camera_xyz": [
      -0.09632812440395355,
      0.148499995470047,
      0.6180000305175781
    ],
    "depth_valid_ratio": 0.8928571428571429,
    "grasp_camera_xyz": [
      -0.08732812106609344,
      0.1746562421321869,
      0.6209999918937683
    ],
    "grasp_metadata": {
      "applied": true,
      "component_count": 1,
      "component_fallback_reason": null,
      "component_radius": 0.03,
      "component_selection_strategy": "largest_component_then_low_spread",
      "component_sizes": [
        19
      ],
      "elevated_point_count": 19,
      "elevated_z_offset": 0.015,
      "fallback_reason": null,
      "local_support_point_count": 19,
      "local_support_radius": 0.04,
      "local_support_z_margin": 0.012,
      "min_elevated_points": 12,
      "min_points": 20,
      "num_workspace_points": 50,
      "reason": "component_elevated_xy_with_local_support_z",
      "selected_component_size": 19,
      "selected_component_spread": 0.02242925949394703,
      "selected_component_xy": [
        0.03499263525009155,
        -0.09281249344348907
      ],
      "strategy": "workspace_elevated_xy_low_z",
      "support_z": 0.003592944238334894,
      "support_z_percentile": 10.0,
      "workspace_bounds": {
        "abs_x_max": 0.2,
        "abs_y_max": 0.2,
        "z_max": 0.08,
        "z_min": -0.02
      }
    },
    "grasp_num_points": 19,
    "grasp_world_xyz": [
      0.03499263525009155,
      -0.09281249344348907,
      0.003777444362640381
    ],
    "metadata": {
      "box_bounds_xyxy_exclusive": [
        51,
        76,
        58,
        84
      ],
      "box_center_world_xyz": [
        0.044890157878398895,
        -0.09281249344348907,
        0.04339676350355148
      ],
      "camera_frame_conversion": "opencv_to_opengl",
      "center_strategy": "median",
      "extrinsics_source": "sensor_param.base_camera.cam2world_gl",
      "intrinsics_source": "provided"
    },
    "num_points": 50,
    "point_cloud_path": null,
    "segmentation_id": null,
    "world_xyz": [
      0.03499263525009155,
      -0.09632812440395355,
      0.0039092302322387695
    ]
  }
}