{
  "candidates_3d": [
    {
      "box_area": 64,
      "box_xyxy": [
        78.60962677001953,
        79.34613800048828,
        85.0997543334961,
        86.32975006103516
      ],
      "camera_xyz": [
        0.16368749737739563,
        0.16734375059604645,
        0.5989999771118164
      ],
      "depth_valid_ratio": 0.765625,
      "grasp_camera_xyz": [
        0.1665000021457672,
        0.19425000250339508,
        0.5920000076293945
      ],
      "grasp_metadata": {
        "applied": true,
        "component_count": 1,
        "component_fallback_reason": null,
        "component_radius": 0.03,
        "component_selection_strategy": "largest_component_then_low_spread",
        "component_sizes": [
          21
        ],
        "elevated_point_count": 21,
        "elevated_z_offset": 0.015,
        "fallback_reason": null,
        "local_support_point_count": 9,
        "local_support_radius": 0.04,
        "local_support_z_margin": 0.012,
        "min_elevated_points": 12,
        "min_points": 20,
        "num_workspace_points": 43,
        "reason": "component_elevated_xy_with_local_support_z",
        "selected_component_size": 21,
        "selected_component_spread": 0.02681812085211277,
        "selected_component_xy": [
          0.06424592435359955,
          0.15778124332427979
        ],
        "strategy": "workspace_elevated_xy_low_z",
        "support_z": 0.0035763620398938656,
        "support_z_percentile": 10.0,
        "workspace_bounds": {
          "abs_x_max": 0.2,
          "abs_y_max": 0.2,
          "z_max": 0.08,
          "z_min": -0.02
        }
      },
      "grasp_num_points": 21,
      "grasp_world_xyz": [
        0.06424592435359955,
        0.15778124332427979,
        0.0036310553550720215
      ],
      "metadata": {
        "box_bounds_xyxy_exclusive": [
          78,
          79,
          86,
          87
        ],
        "box_center_world_xyz": [
          0.07370422780513763,
          0.16200000047683716,
          0.04339677095413208
        ],
        "camera_frame_conversion": "opencv_to_opengl",
        "center_strategy": "median",
        "extrinsics_source": "sensor_param.base_camera.cam2world_gl",
        "intrinsics_source": "provided"
      },
      "num_points": 49,
      "point_cloud_path": null,
      "segmentation_id": null,
      "world_xyz": [
        0.057596355676651,
        0.16368749737739563,
        0.004041016101837158
      ]
    }
  ]
}