{
  "min_xy_distance_from_pick": 0.05,
  "place_query": "green cube",
  "place_target_source": "predicted_place_object",
  "selected": {
    "metadata": {
      "num_candidates": 1,
      "num_close_to_pick_rejected": 0,
      "num_eligible_candidates": 1,
      "num_invalid_candidates": 0,
      "place_pick_xy_distance": 0.1749168187379837,
      "place_query": "green cube",
      "place_target_z": 0.02,
      "raw_semantic_world_xyz": [
        0.057596355676651,
        0.16368749737739563,
        0.004041016101837158
      ],
      "selected_candidate_index": 0,
      "selected_clip_score": 0.0,
      "selected_depth_valid_ratio": 0.765625,
      "selected_det_score": 0.7078839540481567,
      "selected_fused_2d_score": 0.7078839540481567,
      "selected_grasp_world_xyz": [
        0.06424592435359955,
        0.15778124332427979,
        0.0036310553550720215
      ],
      "selected_num_points": 49,
      "selected_phrase": "green cube",
      "selected_world_xyz": [
        0.06424592435359955,
        0.15778124332427979,
        0.019999999552965164
      ],
      "selection_reason": "first_ranked_candidate_far_from_pick"
    },
    "place_xyz": [
      0.06424592435359955,
      0.15778124332427979,
      0.019999999552965164
    ],
    "source": "predicted_place_object"
  }
}