{
  "query": {
    "attributes": [
      "red"
    ],
    "normalized_prompt": "red cube",
    "raw_query": "red cube",
    "relations": [],
    "synonyms": [
      "cube",
      "block"
    ],
    "target_name": "cube"
  },
  "top_2d_candidate": {
    "box_xyxy": [
      66.99537658691406,
      77.48428344726562,
      72.49397277832031,
      84.13417053222656
    ],
    "clip_score": 0.0,
    "det_score": 0.6911023855209351,
    "fused_2d_score": 0.6911023855209351,
    "image_crop_path": null,
    "metadata": {
      "detector_metadata": {
        "model_id": "IDEA-Research/grounding-dino-tiny"
      },
      "detector_source": "transformers_groundingdino",
      "skip_clip": true
    },
    "phrase": "red cube",
    "rank": 0,
    "source": "detector_only"
  },
  "top_candidate_3d": {
    "box_area": 56,
    "box_xyxy": [
      66.99537658691406,
      77.48428344726562,
      72.49397277832031,
      84.13417053222656
    ],
    "camera_xyz": [
      0.04762525111436844,
      0.15426431596279144,
      0.6112696528434753
    ],
    "depth_valid_ratio": 1.0,
    "grasp_camera_xyz": [
      0.05762127786874771,
      0.19207091629505157,
      0.614626944065094
    ],
    "grasp_metadata": {
      "applied": true,
      "component_count": 1,
      "component_fallback_reason": null,
      "component_radius": 0.03,
      "component_selection_strategy": "largest_component_then_low_spread",
      "component_sizes": [
        28
      ],
      "elevated_point_count": 28,
      "elevated_z_offset": 0.015,
      "fallback_reason": null,
      "local_support_point_count": 10,
      "local_support_radius": 0.04,
      "local_support_z_margin": 0.012,
      "min_elevated_points": 12,
      "min_points": 20,
      "num_workspace_points": 56,
      "reason": "component_elevated_xy_with_local_support_z",
      "selected_component_size": 28,
      "selected_component_spread": 0.027836617082357407,
      "selected_component_xy": [
        0.05714757740497589,
        0.051303375512361526
      ],
      "strategy": "workspace_elevated_xy_low_z",
      "support_z": -0.0035539567470550537,
      "support_z_percentile": 10.0,
      "workspace_bounds": {
        "abs_x_max": 0.2,
        "abs_y_max": 0.2,
        "z_max": 0.08,
        "z_min": -0.02
      }
    },
    "grasp_num_points": 28,
    "grasp_world_xyz": [
      0.05714757740497589,
      0.051303375512361526,
      0.0014112889766693115
    ],
    "metadata": {
      "box_bounds_xyxy_exclusive": [
        66,
        77,
        73,
        85
      ],
      "box_center_world_xyz": [
        0.06133229285478592,
        0.0446847639977932,
        0.058461643755435944
      ],
      "camera_frame_conversion": "opencv_to_opengl",
      "center_strategy": "median",
      "extrinsics_source": "sensor_param.base_camera.cam2world_gl",
      "intrinsics_source": "provided"
    },
    "num_points": 56,
    "point_cloud_path": null,
    "segmentation_id": null,
    "world_xyz": [
      0.04378402233123779,
      0.04762525111436844,
      0.01158231496810913
    ]
  }
}