{
  "candidates_3d": [
    {
      "box_area": 49,
      "box_xyxy": [
        84.58479309082031,
        64.53067016601562,
        90.40940856933594,
        70.34416198730469
      ],
      "camera_xyz": [
        0.25443750619888306,
        0.03309375047683716,
        0.7099999785423279
      ],
      "depth_valid_ratio": 0.9387755102040817,
      "grasp_camera_xyz": null,
      "grasp_metadata": {
        "applied": false,
        "component_radius": 0.03,
        "elevated_z_offset": 0.015,
        "local_support_radius": 0.04,
        "local_support_z_margin": 0.012,
        "min_elevated_points": 12,
        "min_points": 20,
        "num_workspace_points": 0,
        "reason": "too_few_workspace_points",
        "strategy": "workspace_elevated_xy_low_z",
        "support_z_percentile": 10.0,
        "workspace_bounds": {
          "abs_x_max": 0.2,
          "abs_y_max": 0.2,
          "z_max": 0.08,
          "z_min": -0.02
        }
      },
      "grasp_num_points": 0,
      "grasp_world_xyz": null,
      "metadata": {
        "box_bounds_xyxy_exclusive": [
          84,
          64,
          91,
          71
        ],
        "box_center_world_xyz": [
          -0.10401906073093414,
          0.2468906193971634,
          0.043426066637039185
        ],
        "camera_frame_conversion": "opencv_to_opengl",
        "center_strategy": "median",
        "extrinsics_source": "sensor_param.base_camera.cam2world_gl",
        "intrinsics_source": "provided"
      },
      "num_points": 46,
      "point_cloud_path": null,
      "segmentation_id": null,
      "world_xyz": [
        -0.11720356345176697,
        0.25443750619888306,
        0.004245936870574951
      ]
    }
  ]
}