{
  "candidates_3d": [
    {
      "box_area": 72,
      "box_xyxy": [
        45.56224060058594,
        77.5565185546875,
        52.31439208984375,
        85.31854248046875
      ],
      "camera_xyz": [
        -0.14595243334770203,
        0.15889579057693481,
        0.612663745880127
      ],
      "depth_valid_ratio": 1.0,
      "grasp_camera_xyz": [
        -0.13477696478366852,
        0.18291158974170685,
        0.6161232590675354
      ],
      "grasp_metadata": {
        "applied": true,
        "component_count": 2,
        "component_fallback_reason": null,
        "component_radius": 0.03,
        "component_selection_strategy": "largest_component_then_low_spread",
        "component_sizes": [
          32,
          1
        ],
        "elevated_point_count": 33,
        "elevated_z_offset": 0.015,
        "fallback_reason": null,
        "local_support_point_count": 14,
        "local_support_radius": 0.04,
        "local_support_z_margin": 0.012,
        "min_elevated_points": 12,
        "min_points": 20,
        "num_workspace_points": 72,
        "reason": "component_elevated_xy_with_local_support_z",
        "selected_component_size": 32,
        "selected_component_spread": 0.03133317083120346,
        "selected_component_xy": [
          0.05438791960477829,
          -0.14076337218284607
        ],
        "strategy": "workspace_elevated_xy_low_z",
        "support_z": -0.00567549467086792,
        "support_z_percentile": 10.0,
        "workspace_bounds": {
          "abs_x_max": 0.2,
          "abs_y_max": 0.2,
          "z_max": 0.08,
          "z_min": -0.02
        }
      },
      "grasp_num_points": 32,
      "grasp_world_xyz": [
        0.05438791960477829,
        -0.14076337218284607,
        0.0012024939060211182
      ],
      "metadata": {
        "box_bounds_xyxy_exclusive": [
          45,
          77,
          53,
          86
        ],
        "box_center_world_xyz": [
          0.05975934863090515,
          -0.13493777811527252,
          0.054892636835575104
        ],
        "camera_frame_conversion": "opencv_to_opengl",
        "center_strategy": "median",
        "extrinsics_source": "sensor_param.base_camera.cam2world_gl",
        "intrinsics_source": "provided"
      },
      "num_points": 72,
      "point_cloud_path": null,
      "segmentation_id": null,
      "world_xyz": [
        0.045630767941474915,
        -0.14595243334770203,
        0.008390992879867554
      ]
    }
  ]
}