{
  "min_xy_distance_from_pick": 0.05,
  "place_query": "green cube",
  "place_target_source": "predicted_place_object",
  "selected": {
    "metadata": {
      "num_candidates": 1,
      "num_close_to_pick_rejected": 0,
      "num_eligible_candidates": 1,
      "num_invalid_candidates": 0,
      "place_pick_xy_distance": 0.1255720853805542,
      "place_query": "green cube",
      "place_target_z": 0.02,
      "raw_semantic_world_xyz": [
        0.045630767941474915,
        -0.14595243334770203,
        0.008390992879867554
      ],
      "selected_candidate_index": 0,
      "selected_clip_score": 0.0,
      "selected_depth_valid_ratio": 1.0,
      "selected_det_score": 0.6709306240081787,
      "selected_fused_2d_score": 0.6709306240081787,
      "selected_grasp_world_xyz": [
        0.05438791960477829,
        -0.14076337218284607,
        0.0012024939060211182
      ],
      "selected_num_points": 72,
      "selected_phrase": "green cube",
      "selected_world_xyz": [
        0.05438791960477829,
        -0.14076337218284607,
        0.019999999552965164
      ],
      "selection_reason": "first_ranked_candidate_far_from_pick"
    },
    "place_xyz": [
      0.05438791960477829,
      -0.14076337218284607,
      0.019999999552965164
    ],
    "source": "predicted_place_object"
  }
}