{
  "candidates_3d": [
    {
      "box_area": 56,
      "box_xyxy": [
        46.5672607421875,
        66.4800796508789,
        52.296485900878906,
        73.19625091552734
      ],
      "camera_xyz": [
        -0.16089843213558197,
        0.05912499874830246,
        0.6920000314712524
      ],
      "depth_valid_ratio": 1.0,
      "grasp_camera_xyz": [
        -0.1626562476158142,
        0.08675000071525574,
        0.6940000057220459
      ],
      "grasp_metadata": {
        "applied": true,
        "component_count": 1,
        "component_fallback_reason": null,
        "component_radius": 0.03,
        "component_selection_strategy": "largest_component_then_low_spread",
        "component_sizes": [
          19
        ],
        "elevated_point_count": 19,
        "elevated_z_offset": 0.015,
        "fallback_reason": null,
        "local_support_point_count": 21,
        "local_support_radius": 0.04,
        "local_support_z_margin": 0.012,
        "min_elevated_points": 12,
        "min_points": 20,
        "num_workspace_points": 52,
        "reason": "component_elevated_xy_with_local_support_z",
        "selected_component_size": 19,
        "selected_component_spread": 0.026133084669709206,
        "selected_component_xy": [
          -0.07823577523231506,
          -0.1589062511920929
        ],
        "strategy": "workspace_elevated_xy_low_z",
        "support_z": 0.0037110329139977694,
        "support_z_percentile": 10.0,
        "workspace_bounds": {
          "abs_x_max": 0.2,
          "abs_y_max": 0.2,
          "z_max": 0.08,
          "z_min": -0.02
        }
      },
      "grasp_num_points": 19,
      "grasp_world_xyz": [
        -0.07823577523231506,
        -0.1589062511920929,
        0.004060506820678711
      ],
      "metadata": {
        "box_bounds_xyxy_exclusive": [
          46,
          66,
          53,
          74
        ],
        "box_center_world_xyz": [
          -0.06563694775104523,
          -0.15539062023162842,
          0.0434553325176239
        ],
        "camera_frame_conversion": "opencv_to_opengl",
        "center_strategy": "median",
        "extrinsics_source": "sensor_param.base_camera.cam2world_gl",
        "intrinsics_source": "provided"
      },
      "num_points": 56,
      "point_cloud_path": null,
      "segmentation_id": null,
      "world_xyz": [
        -0.078579843044281,
        -0.16089843213558197,
        0.004060506820678711
      ]
    }
  ]
}