{
  "candidates_3d": [
    {
      "box_area": 64,
      "box_xyxy": [
        75.56497192382812,
        76.40642547607422,
        82.40240478515625,
        83.3852310180664
      ],
      "camera_xyz": [
        0.13900426030158997,
        0.14833126962184906,
        0.6188205480575562
      ],
      "depth_valid_ratio": 1.0,
      "grasp_camera_xyz": [
        0.1383090764284134,
        0.1778259426355362,
        0.6322700381278992
      ],
      "grasp_metadata": {
        "applied": true,
        "component_count": 2,
        "component_fallback_reason": null,
        "component_radius": 0.03,
        "component_selection_strategy": "largest_component_then_low_spread",
        "component_sizes": [
          31,
          2
        ],
        "elevated_point_count": 33,
        "elevated_z_offset": 0.015,
        "fallback_reason": null,
        "local_support_point_count": 16,
        "local_support_radius": 0.04,
        "local_support_z_margin": 0.012,
        "min_elevated_points": 12,
        "min_points": 20,
        "num_workspace_points": 64,
        "reason": "component_elevated_xy_with_local_support_z",
        "selected_component_size": 31,
        "selected_component_spread": 0.03661555424332619,
        "selected_component_xy": [
          0.033950597047805786,
          0.13746535778045654
        ],
        "strategy": "workspace_elevated_xy_low_z",
        "support_z": -0.004248511511832476,
        "support_z_percentile": 10.0,
        "workspace_bounds": {
          "abs_x_max": 0.2,
          "abs_y_max": 0.2,
          "z_max": 0.08,
          "z_min": -0.02
        }
      },
      "grasp_num_points": 31,
      "grasp_world_xyz": [
        0.033950597047805786,
        0.13746535778045654,
        0.0038897693157196045
      ],
      "metadata": {
        "box_bounds_xyxy_exclusive": [
          75,
          76,
          83,
          84
        ],
        "box_center_world_xyz": [
          0.04810313880443573,
          0.13746535778045654,
          0.05040688067674637
        ],
        "camera_frame_conversion": "opencv_to_opengl",
        "center_strategy": "median",
        "extrinsics_source": "sensor_param.base_camera.cam2world_gl",
        "intrinsics_source": "provided"
      },
      "num_points": 64,
      "point_cloud_path": null,
      "segmentation_id": null,
      "world_xyz": [
        0.0326026976108551,
        0.13900426030158997,
        0.011913180351257324
      ]
    }
  ]
}