{
  "candidates_3d": [
    {
      "box_area": 56,
      "box_xyxy": [
        53.70363998413086,
        78.55245971679688,
        59.4509162902832,
        85.32130432128906
      ],
      "camera_xyz": [
        -0.07453462481498718,
        0.16351230442523956,
        0.6051134467124939
      ],
      "depth_valid_ratio": 1.0,
      "grasp_camera_xyz": [
        -0.05757986754179001,
        0.19193290174007416,
        0.6141852736473083
      ],
      "grasp_metadata": {
        "applied": true,
        "component_count": 1,
        "component_fallback_reason": null,
        "component_radius": 0.03,
        "component_selection_strategy": "largest_component_then_low_spread",
        "component_sizes": [
          24
        ],
        "elevated_point_count": 24,
        "elevated_z_offset": 0.015,
        "fallback_reason": null,
        "local_support_point_count": 21,
        "local_support_radius": 0.04,
        "local_support_z_margin": 0.012,
        "min_elevated_points": 12,
        "min_points": 20,
        "num_workspace_points": 56,
        "reason": "component_elevated_xy_with_local_support_z",
        "selected_component_size": 24,
        "selected_component_spread": 0.02467738464474678,
        "selected_component_xy": [
          0.055879272520542145,
          -0.07257634401321411
        ],
        "strategy": "workspace_elevated_xy_low_z",
        "support_z": -0.0008852779865264893,
        "support_z_percentile": 10.0,
        "workspace_bounds": {
          "abs_x_max": 0.2,
          "abs_y_max": 0.2,
          "z_max": 0.08,
          "z_min": -0.02
        }
      },
      "grasp_num_points": 24,
      "grasp_world_xyz": [
        0.055879272520542145,
        -0.07257634401321411,
        0.003918945789337158
      ],
      "metadata": {
        "box_bounds_xyxy_exclusive": [
          53,
          78,
          60,
          86
        ],
        "box_center_world_xyz": [
          0.06284558773040771,
          -0.0731821283698082,
          0.03997274488210678
        ],
        "camera_frame_conversion": "opencv_to_opengl",
        "center_strategy": "median",
        "extrinsics_source": "sensor_param.base_camera.cam2world_gl",
        "intrinsics_source": "provided"
      },
      "num_points": 56,
      "point_cloud_path": null,
      "segmentation_id": null,
      "world_xyz": [
        0.05217761546373367,
        -0.07453462481498718,
        0.007867485284805298
      ]
    }
  ]
}