{
  "min_xy_distance_from_pick": 0.05,
  "place_query": "green cube",
  "place_target_source": "predicted_place_object",
  "selected": {
    "metadata": {
      "num_candidates": 1,
      "num_close_to_pick_rejected": 0,
      "num_eligible_candidates": 1,
      "num_invalid_candidates": 0,
      "place_pick_xy_distance": 0.1831922084093094,
      "place_query": "green cube",
      "place_target_z": 0.02,
      "raw_semantic_world_xyz": [
        -0.04143732786178589,
        0.0858749970793724,
        0.004060506820678711
      ],
      "selected_candidate_index": 0,
      "selected_clip_score": 0.0,
      "selected_depth_valid_ratio": 0.9047619047619048,
      "selected_det_score": 0.7018241286277771,
      "selected_fused_2d_score": 0.7018241286277771,
      "selected_grasp_world_xyz": [
        -0.030041515827178955,
        0.08168749511241913,
        0.003728628158569336
      ],
      "selected_num_points": 38,
      "selected_phrase": "green cube",
      "selected_world_xyz": [
        -0.030041515827178955,
        0.08168749511241913,
        0.019999999552965164
      ],
      "selection_reason": "first_ranked_candidate_far_from_pick"
    },
    "place_xyz": [
      -0.030041515827178955,
      0.08168749511241913,
      0.019999999552965164
    ],
    "source": "predicted_place_object"
  }
}