{
  "query": {
    "attributes": [
      "red"
    ],
    "normalized_prompt": "red cube",
    "raw_query": "red cube",
    "relations": [],
    "synonyms": [
      "cube",
      "block"
    ],
    "target_name": "cube"
  },
  "top_2d_candidate": {
    "box_xyxy": [
      65.58157348632812,
      77.46492767333984,
      72.34294128417969,
      84.21208953857422
    ],
    "clip_score": 0.0,
    "det_score": 0.6778696179389954,
    "fused_2d_score": 0.6778696179389954,
    "image_crop_path": null,
    "metadata": {
      "detector_metadata": {
        "model_id": "IDEA-Research/grounding-dino-tiny"
      },
      "detector_source": "transformers_groundingdino",
      "skip_clip": true
    },
    "phrase": "red cube",
    "rank": 0,
    "source": "detector_only"
  },
  "top_candidate_3d": {
    "box_area": 64,
    "box_xyxy": [
      65.58157348632812,
      77.46492767333984,
      72.34294128417969,
      84.21208953857422
    ],
    "camera_xyz": [
      0.0377187505364418,
      0.156187504529953,
      0.6139999628067017
    ],
    "depth_valid_ratio": 0.78125,
    "grasp_camera_xyz": [
      0.02892187424004078,
      0.18317186832427979,
      0.6169999837875366
    ],
    "grasp_metadata": {
      "applied": true,
      "component_count": 1,
      "component_fallback_reason": null,
      "component_radius": 0.03,
      "component_selection_strategy": "largest_component_then_low_spread",
      "component_sizes": [
        17
      ],
      "elevated_point_count": 17,
      "elevated_z_offset": 0.015,
      "fallback_reason": null,
      "local_support_point_count": 17,
      "local_support_radius": 0.04,
      "local_support_z_margin": 0.012,
      "min_elevated_points": 12,
      "min_points": 20,
      "num_workspace_points": 50,
      "reason": "component_elevated_xy_with_local_support_z",
      "selected_component_size": 17,
      "selected_component_spread": 0.021631428971886635,
      "selected_component_xy": [
        0.04489016532897949,
        0.03750000149011612
      ],
      "strategy": "workspace_elevated_xy_low_z",
      "support_z": 0.0036017298698425293,
      "support_z_percentile": 10.0,
      "workspace_bounds": {
        "abs_x_max": 0.2,
        "abs_y_max": 0.2,
        "z_max": 0.08,
        "z_min": -0.02
      }
    },
    "grasp_num_points": 17,
    "grasp_world_xyz": [
      0.04489016532897949,
      0.03750000149011612,
      0.0037578940391540527
    ],
    "metadata": {
      "box_bounds_xyxy_exclusive": [
        65,
        77,
        73,
        85
      ],
      "box_center_world_xyz": [
        0.05464126914739609,
        0.04593750089406967,
        0.04327964037656784
      ],
      "camera_frame_conversion": "opencv_to_opengl",
      "center_strategy": "median",
      "extrinsics_source": "sensor_param.base_camera.cam2world_gl",
      "intrinsics_source": "provided"
    },
    "num_points": 50,
    "point_cloud_path": null,
    "segmentation_id": null,
    "world_xyz": [
      0.04489016532897949,
      0.0377187505364418,
      0.003777444362640381
    ]
  }
}