{
  "candidates_3d": [
    {
      "box_area": 2541,
      "box_xyxy": [
        51.98655700683594,
        0.0,
        83.33816528320312,
        76.44297790527344
      ],
      "camera_xyz": [
        0.020823374390602112,
        -0.16694101691246033,
        0.6698769330978394
      ],
      "depth_valid_ratio": 1.0,
      "grasp_camera_xyz": [
        0.0976167693734169,
        0.08677046000957489,
        0.6941636800765991
      ],
      "grasp_metadata": {
        "applied": true,
        "component_count": 8,
        "component_fallback_reason": null,
        "component_radius": 0.03,
        "component_selection_strategy": "largest_component_then_low_spread",
        "component_sizes": [
          63,
          20,
          3,
          1,
          1,
          1,
          1,
          1
        ],
        "elevated_point_count": 91,
        "elevated_z_offset": 0.015,
        "fallback_reason": null,
        "local_support_point_count": 15,
        "local_support_radius": 0.04,
        "local_support_z_margin": 0.012,
        "min_elevated_points": 12,
        "min_points": 20,
        "num_workspace_points": 312,
        "reason": "component_elevated_xy_with_local_support_z",
        "selected_component_size": 63,
        "selected_component_spread": 0.09506641328334808,
        "selected_component_xy": [
          -0.07443910837173462,
          0.09537962824106216
        ],
        "strategy": "workspace_elevated_xy_low_z",
        "support_z": -0.005717438645660877,
        "support_z_percentile": 10.0,
        "workspace_bounds": {
          "abs_x_max": 0.2,
          "abs_y_max": 0.2,
          "z_max": 0.08,
          "z_min": -0.02
        }
      },
      "grasp_num_points": 63,
      "grasp_world_xyz": [
        -0.07443910837173462,
        0.09537962824106216,
        -0.0020534396171569824
      ],
      "metadata": {
        "box_bounds_xyxy_exclusive": [
          51,
          0,
          84,
          77
        ],
        "box_center_world_xyz": [
          0.01362118124961853,
          0.014251703396439552,
          0.439746618270874
        ],
        "camera_frame_conversion": "opencv_to_opengl",
        "center_strategy": "median",
        "extrinsics_source": "sensor_param.base_camera.cam2world_gl",
        "intrinsics_source": "provided"
      },
      "num_points": 2541,
      "point_cloud_path": null,
      "segmentation_id": null,
      "world_xyz": [
        -0.17209970951080322,
        0.020823374390602112,
        0.3034411370754242
      ]
    }
  ]
}